# Blender 4.3.2
# www.blender.org
mtllib gordon_freeman.mtl
o obj1
v -0.047730 1.277147 -0.034442
v -0.051333 1.275564 -0.030802
v -0.052501 1.279119 -0.031182
v -0.052775 1.274675 -0.028864
v -0.054478 1.280066 -0.029840
v -0.054218 1.274251 -0.026926
v -0.055738 1.280548 -0.028497
v -0.056648 1.280933 -0.024302
v -0.054688 1.274329 -0.022718
v -0.056501 1.280209 -0.021606
v -0.056353 1.279485 -0.018909
v -0.054188 1.275151 -0.018987
v -0.055618 1.278396 -0.016607
v -0.054100 1.275920 -0.016430
v -0.054603 1.276706 -0.013793
vn 0.2815 -0.6180 -0.7340
vn 0.2984 -0.6393 -0.7087
vn 0.2985 -0.6393 -0.7087
vn 0.3238 -0.6965 -0.6403
vn 0.3238 -0.6964 -0.6404
vn 0.3211 -0.8673 -0.3805
vn 0.3210 -0.8673 -0.3804
vn 0.2903 -0.9534 -0.0828
vn 0.3187 -0.9476 -0.0223
vn 0.3314 -0.9428 0.0367
vn 0.4218 -0.9002 0.1080
vn 0.4983 -0.8652 0.0552
vn 0.5232 -0.8522 -0.0067
vt 0.000000 0.605200
vt 0.196800 0.796400
vt 0.192300 0.243600
vt 0.297200 0.853700
vt 0.276500 0.129500
vt 0.397500 0.911100
vt 0.360600 0.015500
vt 0.560100 0.000000
vt 0.592200 0.943800
vt 0.674800 0.136100
vt 0.789600 0.272300
vt 0.757400 0.889300
vt 0.866700 0.476300
vt 0.873800 0.820400
vt 1.000000 0.740000
s 1
usemtl mat0
f 1/1/1 2/2/2 3/3/3
f 3/3/3 2/2/2 4/4/4
f 3/3/3 4/4/4 5/5/5
f 6/6/6 5/5/5 4/4/4
f 6/6/6 7/7/7 5/5/5
f 6/6/6 8/8/8 7/7/7
f 6/6/6 9/9/9 8/8/8
f 10/10/10 8/8/8 9/9/9
f 9/9/9 11/11/11 10/10/10
f 9/9/9 12/12/11 11/11/11
f 12/12/11 13/13/12 11/11/11
f 12/12/11 14/14/12 13/13/12
f 14/14/12 15/15/13 13/13/12
o obj2
v -0.047778 1.277092 0.034002
v -0.052112 1.279036 0.030731
v -0.051367 1.275517 0.030345
v -0.054100 1.279929 0.029657
v -0.053012 1.274495 0.028565
v -0.055460 1.280468 0.028044
v -0.054248 1.274209 0.026464
v -0.056365 1.280860 0.023849
v -0.054714 1.274294 0.022256
v -0.055989 1.280140 0.021151
v -0.055612 1.279421 0.018455
v -0.054210 1.275122 0.018526
v -0.054965 1.278359 0.016152
v -0.054118 1.275895 0.015970
v -0.054619 1.276685 0.013334
vn 0.2172 -0.6482 0.7298
vn 0.2327 -0.6211 0.7484
vn 0.2328 -0.6211 0.7483
vn 0.2666 -0.7029 0.6594
vn 0.2667 -0.7028 0.6595
vn 0.2705 -0.8977 0.3479
vn 0.2709 -0.8976 0.3478
vn 0.2390 -0.9704 0.0336
vn 0.2494 -0.9681 -0.0230
vn 0.2469 -0.9633 -0.1053
vn 0.2894 -0.9483 -0.1300
vn 0.2895 -0.9483 -0.1301
vn 0.3219 -0.9465 -0.0225
vn 0.3218 -0.9465 -0.0224
vn 0.3290 -0.9409 0.0800
vt 1.000000 0.611800
vt 0.807800 0.261600
vt 0.802900 0.795400
vt 0.723700 0.151100
vt 0.702500 0.877300
vt 0.639700 0.040500
vt 0.602100 0.959200
vt 0.440300 0.024400
vt 0.407500 0.989700
vt 0.325500 0.155100
vt 0.210700 0.285900
vt 0.242400 0.936100
vt 0.133400 0.536700
vt 0.126100 0.868900
vt 0.000000 0.790600
s 1
usemtl mat0
f 16/16/14 17/17/15 18/18/16
f 18/18/16 17/17/15 19/19/17
f 18/18/16 19/19/17 20/20/18
f 21/21/19 20/20/18 19/19/17
f 21/21/19 22/22/20 20/20/18
f 22/22/20 21/21/19 23/23/21
f 22/22/20 23/23/21 24/24/22
f 23/23/21 25/25/23 24/24/22
f 26/26/24 24/24/22 25/25/23
f 26/26/24 27/27/25 24/24/22
f 28/28/26 27/27/25 26/26/24
f 28/28/26 29/29/27 27/27/25
f 28/28/26 30/30/28 29/29/27
o obj3
v -0.055620 1.215063 -0.025347
v -0.059839 1.223647 -0.020989
v -0.059143 1.224048 -0.023361
v -0.055620 1.215063 -0.025347
v -0.054512 1.215557 -0.028571
v -0.052797 1.216145 -0.030442
v -0.057556 1.224329 -0.027541
v -0.045372 1.205939 -0.030887
v -0.030963 1.210622 -0.037073
v -0.063023 1.220694 -0.017527
v -0.065618 1.221591 -0.014136
v -0.059796 1.217311 -0.017420
v -0.057849 1.220141 -0.020230
v -0.065117 1.223086 -0.014434
v -0.067605 1.221026 -0.010783
v -0.028650 1.219856 -0.042227
v -0.039458 1.218717 -0.036181
v -0.052271 1.225360 -0.031689
v -0.059788 1.230812 -0.024369
v -0.062846 1.229345 -0.021353
v -0.064215 1.225098 -0.017859
v -0.066618 1.224825 -0.013956
v -0.065314 1.223070 -0.014434
v -0.066327 1.223081 -0.010342
v -0.068775 1.224914 -0.010419
v -0.068163 1.226303 -0.014222
v -0.070897 1.227422 -0.010075
v -0.067350 1.235777 -0.011728
v -0.070751 1.237355 -0.005890
v -0.064634 1.244129 -0.010318
v -0.068905 1.247378 -0.005438
v -0.068789 1.243964 -0.008518
v -0.068222 1.249224 -0.012435
v -0.075217 1.249567 -0.007527
v -0.065111 1.223062 0.014379
v -0.068658 1.224892 0.010529
v -0.065996 1.223070 0.010186
v -0.070566 1.224977 0.006883
v -0.067467 1.223084 0.006128
v -0.070689 1.225227 0.003313
v -0.072788 1.228179 0.006613
v -0.072970 1.227129 -0.000307
v -0.070706 1.236517 -0.000270
v -0.070730 1.240739 -0.002140
v -0.078834 1.243610 -0.003087
v -0.082153 1.249457 -0.004590
v -0.080788 1.255104 -0.004266
v -0.063189 1.256238 -0.009458
v -0.060538 1.250315 -0.011724
v -0.070815 1.225481 -0.000307
v -0.062305 1.275877 -0.008455
v -0.066559 1.263977 -0.007035
v -0.067810 1.270669 -0.006155
v -0.079782 1.261003 -0.002393
v -0.071806 1.273738 -0.003503
v -0.081615 1.261192 0.000365
v -0.084764 1.255257 0.000357
v -0.085849 1.250842 0.000362
v -0.080551 1.243412 0.000378
v -0.070926 1.240834 -0.000267
v -0.070758 1.237346 0.005352
v -0.070469 1.227225 0.010659
v -0.066634 1.224802 0.014397
v -0.068913 1.247368 0.005973
v -0.067363 1.235759 0.011191
v -0.070732 1.240736 0.001606
v -0.078740 1.243579 0.004198
v -0.082814 1.249983 0.004514
v -0.081873 1.255040 0.003960
v -0.079760 1.260991 0.003049
v -0.072758 1.273962 0.000376
v -0.065697 1.279546 -0.004438
v -0.065115 1.282949 -0.005614
v -0.055968 1.281738 -0.015003
v -0.068326 1.286247 -0.017829
v -0.068175 1.226282 0.014661
v -0.064171 1.224916 0.017993
v -0.062577 1.229317 0.021084
v -0.048202 1.225559 0.032566
v -0.043150 1.240377 0.038587
v -0.050817 1.238462 0.034147
v -0.054289 1.224730 0.028972
v -0.056805 1.235817 0.028515
v -0.053702 1.255050 0.035226
v -0.058145 1.250450 0.026980
v -0.056911 1.259802 0.024924
v -0.059677 1.252307 0.019189
v -0.060603 1.260703 0.017143
v -0.063207 1.256282 0.009646
v -0.066574 1.263966 0.007786
v -0.071811 1.273731 0.004258
v -0.066174 1.282236 0.002465
v -0.068892 1.284956 -0.004690
v -0.069637 1.284483 0.008694
v -0.068347 1.286219 0.017376
v -0.062401 1.282305 0.006940
v -0.062321 1.275874 0.007979
v -0.065702 1.279540 0.003834
v -0.055704 1.267987 0.022989
v -0.058279 1.269421 0.017515
v -0.057357 1.272826 0.018104
v -0.057804 1.273888 0.014691
v -0.060019 1.271747 0.013358
v -0.057813 1.275093 0.011250
v -0.056402 1.271579 0.022567
v -0.054210 1.275122 0.018526
v -0.054118 1.275895 0.015970
v -0.054619 1.276685 0.013334
v -0.056202 1.277692 0.011647
v -0.056274 1.278658 0.010072
v -0.057835 1.281196 0.014551
v -0.064873 1.286906 0.022072
v -0.056497 1.283479 0.019444
v -0.056189 1.283825 0.022100
v -0.055881 1.284170 0.024756
v -0.054965 1.278359 0.016152
v -0.057854 1.280771 0.015945
v -0.058701 1.282057 0.019018
v -0.058264 1.282379 0.021703
v -0.057827 1.282701 0.024389
v -0.056533 1.282510 0.028634
v -0.053846 1.283329 0.029449
v -0.053515 1.280863 0.031847
v -0.051349 1.281771 0.032603
v -0.048954 1.278987 0.034802
v -0.046556 1.280754 0.035580
v -0.047778 1.277092 0.034002
v -0.042488 1.275567 0.037987
v -0.052112 1.279036 0.030731
v -0.054100 1.279929 0.029657
v -0.055460 1.280468 0.028044
v -0.056365 1.280860 0.023849
v -0.055989 1.280140 0.021151
v -0.055612 1.279421 0.018455
v -0.053239 1.268239 0.027606
v -0.053772 1.262850 0.034509
v -0.052192 1.269206 0.031224
v -0.048592 1.263882 0.040513
v -0.034527 1.265787 0.047385
v -0.034032 1.273608 0.044809
v -0.052326 1.272147 0.030691
v -0.054770 1.271396 0.027283
v -0.054714 1.274294 0.022256
v -0.054248 1.274209 0.026464
v -0.053012 1.274495 0.028565
v -0.051367 1.275517 0.030345
v -0.048341 1.256272 0.041353
v -0.038004 1.260770 0.046208
v -0.021470 1.257671 0.047083
v -0.030897 1.247014 0.044589
v -0.019165 1.249656 0.046039
v -0.030632 1.241021 0.043816
v -0.055425 1.284883 0.035350
v -0.050586 1.283131 0.039454
v -0.041996 1.278475 0.041642
v -0.025662 1.273391 0.046020
v -0.012340 1.272604 0.047783
v -0.009748 1.258111 0.047270
v -0.007286 1.251138 0.047062
v -0.015968 1.243605 0.046628
v -0.029562 1.230842 0.042586
v -0.041305 1.227715 0.037852
v -0.014864 1.233015 0.045968
v -0.039620 1.288565 0.043550
v -0.017584 1.288493 0.048199
v -0.026216 1.215523 0.039780
v -0.011467 1.220444 0.044797
v -0.015511 1.203706 0.035705
v -0.038616 1.303957 0.040194
v -0.029586 1.304981 0.046124
v -0.032688 1.336050 0.038615
v -0.029521 1.194495 0.026030
v -0.020084 1.198476 0.030404
v -0.028185 1.199889 0.031167
v -0.035284 1.208906 0.035136
v -0.039500 1.218660 0.036421
v -0.046281 1.217364 0.030838
v -0.052851 1.216093 0.029780
v -0.057587 1.224287 0.026632
v -0.060531 1.230761 0.023593
v -0.062949 1.239048 0.017881
v -0.064660 1.244109 0.010858
v -0.060544 1.250292 0.012264
v -0.075227 1.249553 0.008058
v -0.068810 1.243931 0.009058
v -0.068241 1.249202 0.012978
v -0.059862 1.223616 0.020750
v -0.058811 1.224019 0.022478
v -0.054544 1.215513 0.027408
v -0.049267 1.203147 0.028463
v -0.047242 1.205419 0.029397
v -0.048646 1.196160 0.025572
v -0.043344 1.198146 0.027601
v -0.052156 1.188390 0.020364
v -0.043631 1.192033 0.024335
v -0.044817 1.189070 0.018762
v -0.037173 1.190055 0.016921
v -0.055649 1.215024 0.025232
v -0.057871 1.220110 0.018746
v -0.042081 1.206917 0.031008
v -0.036240 1.199381 0.028747
v -0.046197 1.185143 -0.000241
v -0.053202 1.183905 -0.000297
v -0.052524 1.184928 -0.009195
v -0.045726 1.186091 0.007951
v -0.052792 1.184881 0.008612
v -0.063392 1.186036 0.008367
v -0.060417 1.186821 0.014896
v -0.063844 1.185791 -0.000305
v -0.063382 1.186049 -0.008977
v -0.057916 1.187814 -0.018109
v -0.059816 1.193160 0.021030
v -0.055441 1.188806 0.020086
v -0.065858 1.190408 0.014450
v -0.068554 1.189124 0.009060
v -0.068886 1.188802 -0.000306
v -0.068543 1.189138 -0.009671
v -0.065841 1.190431 -0.015056
v -0.059792 1.193193 -0.021625
v -0.049102 1.188866 -0.020865
v -0.045548 1.186112 -0.008454
v -0.042735 1.189173 -0.018822
v -0.070774 1.194861 -0.008756
v -0.071244 1.194674 -0.000303
v -0.070784 1.194848 0.008152
v -0.067312 1.195394 0.013657
v -0.062106 1.197686 0.021330
v -0.058197 1.200124 0.021404
v -0.055133 1.207846 0.025565
v -0.055649 1.215024 0.025232
v -0.067300 1.204173 0.005124
v -0.040399 1.187464 0.007366
v -0.040946 1.186758 0.000392
v -0.040646 1.187485 -0.006935
v -0.038138 1.189769 -0.015635
v -0.033653 1.193047 -0.023596
v -0.048063 1.196341 -0.026092
v -0.062081 1.197720 -0.021921
v -0.067296 1.195416 -0.014256
v -0.037574 1.198729 -0.028918
v -0.019382 1.201808 -0.033162
v -0.022761 1.195925 -0.024433
v -0.026262 1.193805 -0.018180
v -0.033257 1.190543 -0.009859
v -0.036170 1.189088 -0.004039
v -0.040946 1.186758 0.000392
v -0.035488 1.189483 0.008065
v -0.031438 1.191183 0.015574
v -0.023120 1.193868 0.023440
v -0.014446 1.197966 0.030770
v -0.025932 1.190243 0.002908
v -0.059532 1.254745 -0.019487
v -0.054268 1.237425 -0.031554
v -0.041262 1.227774 -0.037600
v -0.029514 1.230909 -0.042315
v -0.001654 1.227618 -0.046954
v -0.012879 1.215133 -0.042775
v -0.006700 1.210304 -0.040987
v -0.052142 1.204109 -0.027489
v -0.001218 1.239981 -0.048827
v -0.030271 1.240999 -0.044319
v -0.042770 1.240340 -0.038493
v -0.055926 1.252799 -0.031626
v -0.060587 1.260730 -0.017635
v -0.003344 1.246490 -0.048987
v -0.030849 1.247083 -0.045077
v -0.048294 1.256337 -0.041838
v -0.048546 1.263946 -0.040985
v -0.055101 1.207886 -0.026243
v -0.055565 1.209144 -0.023179
v -0.057031 1.203435 -0.020368
v -0.058172 1.200158 -0.021986
v -0.069871 1.218101 -0.000312
v -0.069860 1.220347 -0.004082
v -0.069335 1.218392 -0.004934
v -0.069284 1.220548 -0.007950
v -0.068958 1.218595 -0.008178
v -0.067458 1.218875 -0.011075
v -0.065715 1.219199 -0.014440
v -0.062946 1.212726 -0.012758
v -0.061995 1.201401 -0.013791
v -0.070334 1.215091 -0.000286
v -0.069429 1.215580 0.004374
v -0.066701 1.211167 0.004172
v -0.067040 1.211144 -0.000288
v -0.067836 1.206135 -0.000292
v -0.067294 1.204181 -0.005710
v -0.064035 1.205896 -0.008515
v -0.065006 1.211718 -0.006651
v -0.069423 1.215587 -0.004946
v -0.066696 1.211174 -0.004747
v -0.062970 1.220860 0.017750
v -0.059824 1.217275 0.017149
v -0.055129 1.212026 0.022919
v -0.057339 1.205684 0.019412
v -0.062006 1.201379 0.013204
v -0.064044 1.205883 0.007934
v -0.065013 1.211708 0.006079
v -0.068967 1.218583 0.007555
v -0.069320 1.218395 0.004486
v -0.070422 1.220151 -0.000311
v -0.062961 1.212706 0.012481
v -0.067280 1.218813 0.011369
v -0.065729 1.219025 0.014874
v -0.065634 1.221570 0.014574
v -0.067516 1.221039 0.010847
v -0.069292 1.220537 0.007330
v -0.069846 1.220348 0.003583
v -0.066154 1.223113 -0.010255
v -0.067255 1.223141 -0.006741
v -0.067501 1.223041 -0.003817
v -0.067797 1.222921 -0.000307
v -0.067518 1.223031 0.003052
v -0.067262 1.223132 0.006128
v -0.065836 1.223098 0.010078
v -0.064915 1.223075 0.014379
v -0.056674 1.293578 0.036907
v -0.049616 1.288117 0.041405
v -0.049163 1.301440 0.036429
v -0.063042 1.293604 0.031654
v -0.059440 1.285965 0.031177
v -0.061513 1.285873 0.026457
v -0.067135 1.293255 0.025410
v -0.067105 1.293295 -0.025852
v -0.059404 1.285464 -0.031624
v -0.061482 1.285915 -0.026906
v -0.064848 1.286941 -0.022523
v -0.069237 1.290749 -0.019151
v -0.070889 1.289379 -0.004050
v -0.071918 1.287091 0.007422
v -0.069259 1.290720 0.018705
v -0.056691 1.282860 -0.019891
v -0.056380 1.283121 -0.022546
v -0.056069 1.283381 -0.025201
v -0.054029 1.282760 -0.029892
v -0.055385 1.284755 -0.035794
v -0.051534 1.281819 -0.033046
v -0.050542 1.283193 -0.039896
v -0.046516 1.280520 -0.036024
v -0.041948 1.278541 -0.042080
v -0.042443 1.275916 -0.038419
v -0.033988 1.273679 -0.045267
v -0.034478 1.265865 -0.047850
v -0.037950 1.260848 -0.046669
v -0.049569 1.289655 -0.041836
v -0.056631 1.293452 -0.037337
v -0.062377 1.293410 -0.031808
v -0.013171 1.250470 -0.046996
v 0.003593 1.258960 -0.050643
v -0.012288 1.272675 -0.048222
v -0.025609 1.273464 -0.046451
v -0.042035 1.285437 -0.042812
v -0.049132 1.301504 -0.036688
v -0.059477 1.304158 -0.030884
v -0.013550 1.285451 -0.050147
v -0.037103 1.293304 -0.045120
v -0.038571 1.304020 -0.040252
v -0.029534 1.305054 -0.046537
v -0.016792 1.307456 -0.055815
v -0.022615 1.330235 -0.049599
v -0.028346 1.325841 -0.043440
v -0.032666 1.336113 -0.039530
v -0.038036 1.322791 -0.038411
v -0.045691 1.323798 -0.034309
v -0.053407 1.324785 -0.029270
v -0.062302 1.303927 -0.024344
v -0.064260 1.303564 -0.017872
v -0.066717 1.303206 -0.007697
v -0.058104 1.324500 -0.021977
v -0.060410 1.324199 -0.015942
v -0.062640 1.323667 -0.007285
v -0.066735 1.303197 0.007267
v -0.062642 1.323654 0.006890
v -0.064284 1.303538 0.017445
v -0.060424 1.324173 0.015553
v -0.062363 1.303902 0.023931
v -0.054972 1.328435 0.021775
v -0.059523 1.304114 0.031048
v -0.053444 1.324741 0.029024
v -0.047038 1.336123 0.025220
v -0.054586 1.334643 0.014452
v -0.046999 1.323724 0.033511
v -0.038078 1.322732 0.037408
v -0.053693 1.262890 -0.034969
v -0.053208 1.268283 -0.028076
v -0.052156 1.269255 -0.031691
v -0.055678 1.268023 -0.023462
v -0.058259 1.269449 -0.017989
v -0.056376 1.271615 -0.023035
v -0.054738 1.271439 -0.027751
v -0.052291 1.272195 -0.031154
v -0.048240 1.274562 -0.034916
v -0.047730 1.277147 -0.034442
v -0.051333 1.275564 -0.030802
v -0.052775 1.274675 -0.028864
v -0.054218 1.274251 -0.026926
v -0.054688 1.274329 -0.022718
v -0.057336 1.272855 -0.018572
v -0.060004 1.271768 -0.013831
v -0.056353 1.279485 -0.018909
v -0.057148 1.281488 -0.022156
v -0.056501 1.280209 -0.021606
v -0.057258 1.280886 -0.019471
v -0.055618 1.278396 -0.016607
v -0.057589 1.279670 -0.016399
v -0.054603 1.276706 -0.013793
v -0.057330 1.278210 -0.013759
v -0.057799 1.275111 -0.011715
v -0.057787 1.273911 -0.015157
v -0.054188 1.275151 -0.018987
v -0.054100 1.275920 -0.016430
v -0.057039 1.282090 -0.024841
v -0.055740 1.281953 -0.029085
v -0.053866 1.280729 -0.032298
v -0.048914 1.279203 -0.035250
v -0.052501 1.279119 -0.031182
v -0.054478 1.280066 -0.029840
v -0.055738 1.280548 -0.028497
v -0.056648 1.280933 -0.024302
v -0.067460 1.223094 -0.006741
v -0.070558 1.224988 -0.007497
v -0.072777 1.228191 -0.007224
v -0.070694 1.225249 -0.003685
v -0.068008 1.222852 -0.000307
v -0.067721 1.222975 0.003109
v -0.067713 1.222982 -0.003763
v 0.067554 1.225600 -0.000199
v 0.059452 1.215699 0.016894
v 0.064109 1.215742 0.002116
v 0.064108 1.189697 0.002117
v 0.059451 1.189655 0.016893
v 0.082081 1.334348 0.024737
v 0.086485 1.322674 0.024485
v 0.088898 1.324054 -0.000111
v 0.091454 1.310380 -0.000120
v 0.088714 1.310480 0.024404
v 0.092218 1.295943 -0.000131
v 0.089245 1.296278 0.024559
v 0.088957 1.273427 -0.000151
v 0.086035 1.271946 0.023955
v 0.062932 1.225206 0.020831
v 0.056067 1.214727 0.030090
v 0.060650 1.191551 0.032839
v 0.043440 1.182942 0.043140
v 0.042375 1.211686 0.036445
v 0.028124 1.180856 0.040597
v 0.028124 1.206901 0.040597
v 0.015354 1.174588 0.038568
v 0.074593 1.271324 0.040983
v 0.082173 1.295672 0.041070
v 0.066866 1.291655 0.053531
v 0.046341 1.287187 0.058030
v 0.021014 1.282718 0.057959
v 0.004196 1.277346 0.054503
v 0.028629 1.267571 0.055417
v 0.053927 1.267169 0.048884
v 0.049492 1.220416 0.034116
v 0.035379 1.218301 0.037954
v 0.023319 1.215890 0.039571
v 0.015355 1.200632 0.038567
v 0.008577 1.212223 0.038897
v -0.003855 1.201759 0.034822
v 0.021836 1.252335 0.048773
v 0.015044 1.232133 0.045569
v 0.041659 1.238149 0.040748
v 0.003535 1.258882 0.050224
v 0.002703 1.240436 0.048494
v 0.002283 1.226672 0.049849
v 0.006264 1.219907 0.047680
v 0.003183 1.251062 0.049498
v -0.001272 1.239908 0.049119
v -0.003402 1.246410 0.047674
v -0.010915 1.294044 0.054293
v -0.016988 1.307409 0.055264
v -0.020203 1.323688 0.049991
v -0.029824 1.339121 0.042125
v -0.007868 1.323814 0.054299
v -0.009201 1.337289 0.051461
v 0.058688 1.362146 0.025158
v 0.037466 1.375127 0.025624
v 0.038353 1.369724 0.037049
v 0.055195 1.356952 0.043853
v 0.075881 1.346465 0.024989
v 0.070132 1.342231 0.041553
v 0.041723 1.339408 0.060411
v 0.042675 1.326859 0.060514
v 0.027280 1.325487 0.059676
v 0.043904 1.314882 0.060643
v 0.013278 1.324239 0.058898
v 0.015745 1.310948 0.059562
v -0.006105 1.308851 0.057078
v -0.001663 1.295316 0.056421
v 0.039257 1.362832 0.046880
v 0.025896 1.338516 0.059435
v 0.011283 1.337693 0.058304
v 0.020164 1.362733 0.046350
v 0.017148 1.369236 0.035804
v 0.014586 1.373267 0.025610
v 0.010088 1.376764 -0.000115
v 0.035860 1.378678 -0.000100
v 0.061017 1.366925 -0.000093
v 0.077482 1.349996 -0.000097
v 0.084271 1.336502 -0.000104
v -0.016649 1.373100 -0.000133
v -0.042339 1.360346 -0.000158
v -0.008722 1.369704 0.025594
v -0.049058 1.350738 0.025364
v -0.057123 1.350574 -0.000174
v -0.035266 1.357667 0.025418
v -0.003613 1.365582 0.035613
v 0.001910 1.359408 0.045105
v -0.013459 1.344336 0.047761
v -0.026446 1.354369 0.034456
v -0.037908 1.347946 0.034270
v -0.053016 1.343789 0.025321
v -0.062125 1.342870 -0.000182
v -0.054569 1.334666 -0.014820
v -0.058056 1.333110 -0.005444
v -0.058076 1.333106 0.005071
v 0.017188 1.369292 -0.036037
v 0.014615 1.373307 -0.025839
v 0.037495 1.375167 -0.025824
v 0.010088 1.376764 -0.000115
v -0.008693 1.369744 -0.025855
v -0.035237 1.357707 -0.025728
v -0.049029 1.350778 -0.025700
v -0.052987 1.343829 -0.025692
v -0.047009 1.336163 -0.025808
v -0.034366 1.341644 -0.039179
v -0.026407 1.354423 -0.034761
v -0.037869 1.348000 -0.034727
v -0.017603 1.349470 -0.042473
v -0.003572 1.365638 -0.035875
v 0.001970 1.359459 -0.045341
v 0.020221 1.362777 -0.046552
v 0.022857 1.352563 -0.053964
v 0.040568 1.351870 -0.055407
v 0.042500 1.333168 -0.060191
v 0.070213 1.342313 -0.039831
v 0.044278 1.314887 -0.060931
v 0.067824 1.319418 -0.049102
v 0.045310 1.302890 -0.060882
v 0.066629 1.306903 -0.051359
v 0.046562 1.287230 -0.056313
v -0.013407 1.344414 -0.048148
v 0.006492 1.350027 -0.052629
v -0.007527 1.323817 -0.055706
v 0.017315 1.297938 -0.060298
v 0.021436 1.282705 -0.059102
v 0.004591 1.277333 -0.055301
v 0.012563 1.330999 -0.058163
v 0.016113 1.310953 -0.059912
v -0.005899 1.308900 -0.058913
v -0.001252 1.295303 -0.057575
v -0.010690 1.294082 -0.055972
v 0.026875 1.332035 -0.059144
v 0.028693 1.267659 -0.056368
v 0.003239 1.251140 -0.049930
v 0.002759 1.240512 -0.048943
v 0.015097 1.232205 -0.046019
v 0.004443 1.219831 -0.044740
v 0.002710 1.208110 -0.037577
v -0.005171 1.206339 -0.037409
v -0.007713 1.202201 -0.032370
v -0.017209 1.197656 -0.026985
v 0.023365 1.215952 -0.040015
v 0.021892 1.252411 -0.049183
v 0.035422 1.218360 -0.038380
v 0.038243 1.209218 -0.038450
v 0.025662 1.205507 -0.040930
v 0.007244 1.199291 -0.036468
v -0.009355 1.197706 -0.026665
v -0.008560 1.190020 -0.024156
v -0.009096 1.169113 -0.025394
v 0.007243 1.173246 -0.036469
v 0.025662 1.179461 -0.040930
v 0.043440 1.182942 -0.041825
v 0.049814 1.212145 -0.034363
v 0.048650 1.220975 -0.032852
v 0.041705 1.238213 -0.041177
v 0.049897 1.266800 -0.050932
v 0.049814 1.186100 -0.034363
v 0.074638 1.271387 -0.039334
v 0.066926 1.291737 -0.051527
v 0.082218 1.295734 -0.039048
v 0.081927 1.308599 -0.039937
v 0.086032 1.271983 -0.023842
v 0.062011 1.225526 -0.023574
v 0.089234 1.296316 -0.024082
v 0.088699 1.310517 -0.023986
v 0.086494 1.322711 -0.024147
v 0.058138 1.214640 -0.022351
v 0.058138 1.188595 -0.022352
v 0.064108 1.189697 0.002117
v 0.064109 1.215742 0.002116
v 0.067554 1.225600 -0.000199
v 0.088957 1.273427 -0.000151
v 0.092218 1.295943 -0.000131
v 0.091454 1.310380 -0.000120
v 0.088898 1.324054 -0.000111
v 0.084271 1.336502 -0.000104
v 0.079952 1.319942 -0.040046
v 0.082063 1.334386 -0.024223
v 0.077482 1.349996 -0.000097
v 0.075879 1.346503 -0.024483
v 0.058717 1.362186 -0.025721
v 0.055245 1.357022 -0.044947
v 0.039301 1.362866 -0.047817
v 0.038396 1.369782 -0.037600
v 0.061017 1.366925 -0.000093
v 0.035860 1.378678 -0.000100
v 0.075838 1.331067 -0.039335
v -0.022031 1.191243 -0.005451
v -0.020307 1.191336 0.013082
v -0.017325 1.192493 -0.013861
v -0.018090 1.185516 -0.003439
v -0.011573 1.188024 0.019865
v -0.014209 1.192096 0.021187
v -0.006740 1.196144 0.030352
v -0.003388 1.206962 0.038020
v -0.006132 1.211209 0.041709
v 0.001670 1.193346 0.032002
v -0.011573 1.161979 0.019865
v -0.020159 1.157433 0.000657
v 0.001670 1.167301 0.032002
v 0.067785 1.319340 0.051217
v 0.068945 1.329199 0.047452
v 0.075792 1.331004 0.041649
v 0.079906 1.319879 0.041108
v 0.081881 1.308534 0.042050
v 0.066570 1.306821 0.053457
v 0.044910 1.302893 0.060160
v 0.016739 1.297996 0.057503
vn 0.1544 -0.9204 -0.3593
vn 0.3661 -0.7841 -0.5012
vn 0.3620 -0.8136 -0.4550
vn 0.1544 -0.9204 -0.3591
vn 0.2261 -0.7716 -0.5946
vn 0.1909 -0.5455 -0.8161
vn 0.1278 -0.7525 -0.6461
vn 0.3400 -0.2994 -0.8915
vn 0.3930 -0.2409 -0.8874
vn 0.1762 -0.6636 -0.7270
vn -0.1797 -0.8234 -0.5383
vn 0.1899 -0.7369 -0.6488
vn 0.2861 -0.8303 -0.4782
vn -0.3130 -0.8257 -0.4694
vn -0.2948 -0.8660 -0.4038
vn 0.2256 -0.2898 -0.9301
vn 0.2168 -0.3945 -0.8930
vn 0.0921 -0.5546 -0.8270
vn -0.0689 -0.8439 -0.5321
vn 0.0019 -0.7990 -0.6013
vn 0.4862 -0.7021 -0.5203
vn 0.6427 -0.6578 -0.3927
vn 0.6204 -0.6704 -0.4069
vn 0.7571 -0.6039 -0.2491
vn 0.6740 -0.6692 -0.3129
vn 0.2795 -0.8059 -0.5220
vn 0.1863 -0.8347 -0.5183
vn -0.2278 -0.7766 -0.5874
vn -0.1973 -0.9201 -0.3383
vn -0.2573 -0.8150 -0.5192
vn 0.4337 -0.0483 -0.8998
vn 0.4687 -0.4155 -0.7795
vn 0.0831 -0.2653 -0.9606
vn 0.0078 -0.4721 -0.8815
vn 0.7137 -0.6038 0.3550
vn 0.7055 -0.6550 0.2708
vn 0.7984 -0.5633 0.2129
vn 0.7171 -0.6820 0.1436
vn 0.8376 -0.5346 0.1124
vn 0.7307 -0.6823 0.0226
vn 0.2946 -0.9309 0.2162
vn 0.4697 -0.8828 -0.0012
vn -0.1050 -0.9945 -0.0036
vn -0.0859 -0.9920 -0.0926
vn 0.6464 -0.4187 -0.6378
vn 0.1342 -0.6152 -0.7769
vn -0.2616 -0.5491 -0.7938
vn -0.1932 -0.5546 -0.8094
vn 0.0051 -0.9470 -0.3213
vn 0.7793 -0.6267 -0.0015
vn -0.1322 -0.6554 -0.7436
vn -0.0803 -0.6061 -0.7913
vn -0.1480 -0.4352 -0.8881
vn -0.3212 -0.5914 -0.7397
vn -0.4220 -0.6407 -0.6414
vn -0.4935 -0.8697 -0.0020
vn -0.2766 -0.7404 -0.6126
vn 0.2096 -0.9778 -0.0043
vn 0.8201 -0.5722 -0.0021
vn 0.9589 -0.2837 -0.0071
vn -0.1866 -0.9294 0.3184
vn 0.1901 -0.8594 0.4747
vn 0.6923 -0.6258 0.3594
vn 0.5615 0.0677 0.8247
vn -0.1989 -0.8043 0.5599
vn -0.0779 -0.9934 0.0844
vn 0.6710 -0.3918 0.6295
vn 0.0971 -0.6264 0.7735
vn -0.2617 -0.5590 0.7868
vn -0.3109 -0.5882 0.7466
vn -0.5985 -0.7988 0.0610
vn -0.2874 -0.8033 -0.5217
vn 0.8924 -0.4288 -0.1407
vn -0.0150 -0.7366 -0.6761
vn 0.7535 -0.6089 -0.2481
vn 0.2603 -0.8101 0.5254
vn 0.4656 -0.6660 0.5828
vn 0.0102 -0.8096 0.5870
vn 0.1782 -0.4962 0.8497
vn 0.1868 -0.4311 0.8828
vn 0.1659 -0.6140 0.7717
vn 0.0929 -0.5477 0.8315
vn 0.0297 -0.7759 0.6302
vn 0.0418 -0.7833 0.6203
vn -0.0465 -0.9008 0.4318
vn -0.1867 -0.9178 0.3504
vn -0.0846 -0.9437 0.3198
vn -0.0634 -0.8965 0.4385
vn -0.2060 -0.5551 0.8059
vn -0.1143 -0.5836 0.8040
vn -0.3825 -0.5925 0.7090
vn 0.9125 -0.4045 0.0611
vn 0.6990 -0.7065 -0.1108
vn 0.7174 -0.6912 0.0868
vn 0.8100 -0.4972 0.3109
vn 0.8894 -0.4153 0.1909
vn -0.3327 -0.5843 0.7402
vn -0.3224 -0.6292 0.7072
vn -0.0778 -0.9252 0.3714
vn -0.2004 -0.8855 0.4191
vn -0.4844 -0.8123 0.3249
vn -0.6643 -0.6374 0.3905
vn -0.3806 -0.7713 0.5101
vn -0.5663 -0.5773 0.5883
vn -0.2289 -0.9218 0.3130
vn -0.7324 -0.6360 0.2430
vn -0.7791 -0.5570 0.2876
vn -0.5553 -0.6215 0.5526
vn -0.3700 -0.5881 0.7192
vn -0.3119 -0.4784 0.8209
vn 0.7839 -0.5976 0.1683
vn 0.7880 -0.5150 0.3373
vn 0.9088 -0.3041 0.2855
vn 0.9405 -0.3202 0.1140
vn 0.9432 -0.3245 0.0711
vn 0.7316 -0.6452 0.2202
vn 0.6222 -0.7757 0.1061
vn -0.7668 -0.6248 -0.1472
vn -0.7668 -0.6248 -0.1471
vn -0.8222 -0.5687 -0.0234
vn -0.8222 -0.5688 -0.0235
vn -0.8320 -0.5394 0.1293
vn -0.7356 -0.4692 0.4885
vn -0.7356 -0.4692 0.4886
vn 0.6157 -0.6473 0.4494
vn -0.4476 -0.4482 0.7738
vn 0.2069 -0.5769 0.7902
vn 0.4611 -0.6135 0.6411
vn 0.2172 -0.6481 0.7299
vn 0.1189 -0.6830 0.7207
vn 0.2667 -0.7028 0.6595
vn 0.5805 -0.7542 0.3068
vn 0.6328 -0.7585 0.1558
vn 0.7187 -0.6796 0.1468
vn 0.7532 -0.6396 0.1539
vn 0.0385 -0.9199 0.3903
vn -0.2444 -0.8509 0.4649
vn -0.1777 -0.8169 0.5487
vn -0.2544 -0.6184 0.7436
vn -0.1793 -0.2794 0.9433
vn -0.3627 -0.2440 0.8994
vn -0.1112 -0.7796 0.6163
vn -0.0648 -0.9051 0.4203
vn -0.5460 -0.8088 0.2186
vn -0.3381 -0.8628 0.3757
vn -0.2660 -0.8118 0.5197
vn -0.2705 -0.7785 0.5664
vn 0.0927 -0.5416 0.8355
vn 0.1041 -0.2226 0.9693
vn 0.0923 -0.0416 0.9949
vn 0.1547 -0.2316 0.9604
vn 0.0655 -0.0923 0.9936
vn 0.1073 -0.2697 0.9570
vn 0.6231 -0.6119 0.4872
vn 0.8805 -0.4451 0.1632
vn 0.5687 -0.5621 0.6005
vn 0.2801 -0.4397 0.8534
vn -0.1455 -0.1558 0.9770
vn 0.0293 -0.1545 0.9876
vn 0.0991 -0.1378 0.9855
vn 0.0559 -0.1439 0.9880
vn 0.0256 -0.1486 0.9886
vn 0.1629 -0.2697 0.9491
vn 0.1970 -0.4372 0.8775
vn 0.0925 -0.2076 0.9738
vn -0.0766 -0.2874 0.9547
vn 0.1346 -0.3201 0.9378
vn 0.3152 -0.2308 0.9205
vn 0.2785 -0.2057 0.9381
vn 0.5869 -0.0835 0.8053
vn -0.1419 -0.4342 0.8896
vn -0.0107 -0.5096 0.8603
vn -0.0400 -0.6133 0.7889
vn 0.7800 -0.0016 0.6258
vn 0.6609 -0.0791 0.7463
vn 0.6069 -0.1412 0.7821
vn 0.3790 -0.3127 0.8710
vn 0.2520 -0.4214 0.8712
vn 0.1892 -0.4070 0.8936
vn 0.1412 -0.4983 0.8554
vn 0.1827 -0.7790 0.5997
vn 0.0233 -0.8100 0.5860
vn -0.1728 -0.8790 0.4445
vn -0.2361 -0.8608 0.4509
vn -0.0894 -0.9581 0.2722
vn -0.0321 -0.4762 0.8788
vn 0.4469 -0.4210 0.7893
vn 0.0697 -0.2674 0.9611
vn 0.5163 -0.7547 0.4047
vn 0.3196 -0.7960 0.5140
vn 0.2127 -0.7680 0.6041
vn 0.1916 -0.4768 0.8579
vn 0.2631 -0.2649 0.9277
vn 0.4048 -0.2185 0.8879
vn 0.4181 -0.1279 0.8994
vn 0.8256 -0.0441 0.5625
vn 0.7369 0.0302 0.6753
vn 0.9299 0.1767 0.3225
vn 0.9488 0.1960 0.2476
vn 0.1267 -0.9131 0.3876
vn 0.0861 -0.9550 0.2838
vn 0.3134 -0.2873 0.9051
vn 0.5079 -0.1554 0.8473
vn 0.9730 0.2310 0.0003
vn 0.9998 0.0175 -0.0012
vn 0.9825 0.0382 -0.1826
vn 0.9639 0.2070 0.1673
vn 0.9845 0.0374 0.1713
vn 0.9323 -0.3081 0.1894
vn 0.8398 -0.2969 0.4545
vn 0.9431 -0.3324 -0.0019
vn 0.9332 -0.2895 -0.2129
vn 0.7689 -0.2881 -0.5708
vn 0.4211 -0.4375 0.7945
vn 0.6641 -0.2797 0.6934
vn 0.4855 -0.6562 0.5776
vn 0.6035 -0.7517 0.2660
vn 0.6472 -0.7623 -0.0009
vn 0.6121 -0.7395 -0.2801
vn 0.4892 -0.6413 -0.5911
vn 0.4379 -0.4260 -0.7917
vn 0.8447 0.0229 -0.5347
vn 0.9602 0.2309 -0.1573
vn 0.9364 0.2255 -0.2690
vn -0.0532 -0.9506 -0.3059
vn 0.0197 -0.9998 -0.0005
vn -0.0527 -0.9509 0.3049
vn -0.3418 -0.7902 0.5086
vn -0.1193 -0.6701 0.7326
vn -0.4558 -0.7824 0.4244
vn -0.0338 -0.8875 0.4596
vn -0.3232 -0.8529 0.4100
vn 0.9561 0.2527 0.1481
vn 0.9607 0.2775 -0.0011
vn 0.9419 0.3053 -0.1399
vn 0.9384 0.2974 -0.1761
vn 0.8800 0.1639 -0.4458
vn 0.4709 -0.1796 -0.8637
vn -0.1669 -0.6921 -0.7022
vn -0.3598 -0.7822 -0.5085
vn 0.5599 -0.1113 -0.8211
vn 0.7139 -0.0140 -0.7001
vn 0.9144 0.1595 -0.3721
vn 0.9581 0.1642 -0.2349
vn 0.9657 0.2085 -0.1545
vn 0.9566 0.2598 -0.1316
vn 0.9607 0.2775 -0.0010
vn 0.9419 0.3052 -0.1399
vn -0.0000 -1.0000 -0.0000
vn 0.9699 0.2038 0.1331
vn 0.9699 0.2040 0.1330
vn 0.9752 0.1207 0.1855
vn 0.9310 0.0213 0.3644
vn 0.7184 -0.0633 0.6928
vn 0.9974 -0.0672 -0.0268
vn -0.0118 -0.9363 -0.3509
vn 0.0861 -0.6967 -0.7122
vn 0.1328 -0.4150 -0.9001
vn 0.1300 -0.2801 -0.9511
vn 0.2118 -0.0201 -0.9771
vn 0.3950 -0.0978 -0.9135
vn 0.5298 -0.0012 -0.8481
vn 0.1680 -0.5313 -0.8303
vn 0.1158 -0.1011 -0.9881
vn 0.1222 -0.2733 -0.9541
vn 0.1831 -0.4416 -0.8783
vn 0.0421 -0.8339 -0.5502
vn -0.0884 -0.9050 -0.4162
vn 0.0714 -0.1345 -0.9883
vn 0.1391 -0.2339 -0.9623
vn 0.1075 -0.5600 -0.8215
vn -0.2405 -0.6291 -0.7392
vn -0.0828 -0.9148 -0.3953
vn -0.0353 -0.9672 -0.2515
vn -0.1896 -0.8835 -0.4284
vn -0.5160 -0.7851 -0.3425
vn 0.0690 -0.9976 -0.0009
vn -0.2569 -0.9599 -0.1120
vn 0.0700 -0.9883 -0.1359
vn -0.2958 -0.9176 -0.2656
vn 0.2483 -0.8931 -0.3751
vn 0.2542 -0.8492 -0.4628
vn 0.2004 -0.7831 -0.5888
vn 0.2619 -0.8024 -0.5362
vn -0.2712 -0.8163 -0.5101
vn 0.2629 -0.9648 -0.0010
vn 0.2506 -0.9294 0.2710
vn 0.2223 -0.8756 0.4288
vn 0.2478 -0.9688 -0.0009
vn -0.2280 -0.9737 -0.0003
vn -0.3237 -0.8525 -0.4104
vn -0.2089 -0.8009 -0.5611
vn 0.2927 -0.8078 -0.5116
vn 0.2520 -0.9289 -0.2714
vn 0.2226 -0.8754 -0.4291
vn 0.1991 -0.5858 0.7856
vn 0.1971 -0.6816 0.7046
vn 0.0146 -0.9724 0.2330
vn -0.1279 -0.8706 0.4752
vn -0.2404 -0.8255 0.5106
vn -0.2059 -0.8037 0.5583
vn 0.3001 -0.8178 0.4911
vn 0.2481 -0.9037 0.3489
vn 0.0687 -0.9885 0.1344
vn -0.2534 -0.9673 -0.0022
vn 0.2886 -0.7912 0.5391
vn 0.2639 -0.8736 0.4088
vn 0.2250 -0.7770 0.5879
vn -0.2667 -0.8110 0.5207
vn -0.3333 -0.8722 0.3580
vn -0.3029 -0.9208 0.2458
vn -0.2574 -0.9599 0.1112
vn -0.5570 -0.7795 -0.2865
vn -0.6460 -0.7446 -0.1681
vn -0.6610 -0.7479 -0.0604
vn -0.6753 -0.7375 0.0003
vn -0.6610 -0.7480 0.0605
vn -0.6606 -0.7332 0.1612
vn -0.6272 -0.7389 0.2464
vn -0.5100 -0.7644 0.3944
vn -0.0499 -0.5524 0.8321
vn -0.0809 -0.3780 0.9223
vn -0.2656 -0.3686 0.8908
vn 0.0113 -0.7534 0.6575
vn 0.6999 -0.6150 0.3631
vn 0.7645 -0.5805 0.2803
vn 0.1386 -0.8857 0.4430
vn 0.1316 -0.8768 -0.4625
vn 0.6657 -0.6350 -0.3919
vn 0.7246 -0.6210 -0.2989
vn 0.7736 -0.5537 -0.3081
vn 0.0106 -0.9677 -0.2520
vn 0.0622 -0.9932 -0.0986
vn 0.0795 -0.9932 0.0850
vn 0.0271 -0.9510 0.3081
vn 0.9090 -0.4072 0.0891
vn 0.9108 -0.3611 -0.2002
vn 0.9058 -0.4051 -0.1239
vn 0.9077 -0.4087 -0.0948
vn 0.8930 -0.4289 -0.1368
vn 0.6046 -0.6057 -0.5172
vn 0.8755 -0.4324 -0.2157
vn 0.5600 -0.5556 -0.6146
vn 0.4625 -0.6011 -0.6517
vn 0.2840 -0.4449 -0.8494
vn 0.0910 -0.6611 -0.7447
vn -0.3654 -0.2417 -0.8989
vn -0.1315 -0.2601 -0.9566
vn 0.1432 -0.1945 -0.9704
vn -0.0646 -0.4066 -0.9113
vn -0.0791 -0.5721 -0.8164
vn -0.0098 -0.7522 -0.6589
vn 0.0479 -0.1390 -0.9891
vn 0.0847 -0.3692 -0.9255
vn 0.0950 -0.1600 -0.9825
vn -0.1255 -0.1626 -0.9787
vn 0.0359 -0.2764 -0.9604
vn -0.2696 -0.4021 -0.8750
vn -0.2929 -0.6834 -0.6688
vn 0.1494 -0.3125 -0.9381
vn -0.1316 -0.3148 -0.9400
vn -0.1655 -0.4317 -0.8867
vn -0.0116 -0.5394 -0.8419
vn 0.0372 -0.4473 -0.8936
vn -0.1245 -0.5400 -0.8324
vn -0.0791 -0.6144 -0.7850
vn 0.0295 -0.6524 -0.7573
vn -0.1844 -0.4943 -0.8495
vn -0.2795 -0.4813 -0.8308
vn -0.3830 -0.6510 -0.6554
vn -0.3062 -0.8809 -0.3610
vn -0.2811 -0.9353 -0.2151
vn -0.2517 -0.9633 -0.0935
vn -0.3820 -0.8444 -0.3757
vn -0.3486 -0.8997 -0.2626
vn -0.3319 -0.9366 -0.1127
vn -0.2579 -0.9616 0.0942
vn -0.3317 -0.9367 0.1122
vn -0.2977 -0.9214 0.2496
vn -0.3575 -0.8809 0.3101
vn -0.3306 -0.8794 0.3427
vn -0.3999 -0.8283 0.3924
vn -0.3115 -0.6995 0.6432
vn -0.4046 -0.6640 0.6288
vn -0.1015 -0.6820 0.7243
vn -0.1047 -0.9022 0.4185
vn -0.2953 -0.4649 0.8347
vn -0.2075 -0.4902 0.8466
vn -0.2696 -0.8601 -0.4332
vn -0.0115 -0.9131 -0.4076
vn -0.1812 -0.8019 -0.5694
vn -0.1625 -0.9140 -0.3718
vn -0.1983 -0.8841 -0.4231
vn -0.2294 -0.9214 -0.3138
vn -0.0748 -0.9053 -0.4181
vn -0.0855 -0.7748 -0.6264
vn -0.1531 -0.6311 -0.7604
vn 0.2814 -0.6180 -0.7341
vn -0.2854 -0.7747 -0.5642
vn -0.3017 -0.8081 -0.5059
vn -0.3557 -0.8591 -0.3681
vn -0.5465 -0.8084 -0.2187
vn -0.4850 -0.8119 -0.3250
vn -0.3748 -0.7805 -0.5004
vn 0.4218 -0.9002 0.1079
vn 0.0300 -0.9975 -0.0644
vn 0.4826 -0.8685 -0.1128
vn 0.1433 -0.9872 -0.0704
vn 0.7643 -0.5677 -0.3058
vn -0.4387 -0.8635 0.2488
vn 0.6794 -0.4061 -0.6112
vn 0.4426 -0.5692 -0.6929
vn -0.7319 -0.5339 -0.4233
vn -0.6649 -0.6370 -0.3900
vn -0.7328 -0.6357 -0.2426
vn -0.7796 -0.5567 -0.2869
vn -0.6098 -0.7785 -0.1487
vn -0.4305 -0.9026 -0.0015
vn -0.3923 -0.9166 0.0770
vn -0.1504 -0.9722 -0.1796
vn -0.1647 -0.8729 -0.4592
vn -0.6658 -0.5992 -0.4446
vn -0.4779 -0.4844 -0.7328
vn 0.5964 -0.6593 -0.4580
vn 0.2084 -0.5512 -0.8080
vn 0.5963 -0.6593 -0.4580
vn 0.5277 -0.7484 -0.4018
vn 0.3210 -0.8673 -0.3804
vn 0.3388 -0.9261 -0.1661
vn 0.8299 -0.5452 -0.1186
vn 0.7096 -0.6859 -0.1613
vn 0.2932 -0.9245 -0.2438
vn 0.7316 -0.6813 -0.0248
vn 0.7638 -0.6455 -0.0022
vn 0.7965 -0.6043 0.0190
vn 0.7956 -0.6055 -0.0210
vn 0.3970 0.9178 -0.0016
vn 0.3767 0.9010 0.2151
vn 0.3597 0.9330 0.0108
vn -0.0000 0.9996 0.0294
vn -0.0000 0.9617 0.2740
vn -0.3848 0.8870 0.2553
vn -0.2569 0.9335 0.2503
vn -0.2676 0.9635 0.0099
vn -0.1147 0.9934 0.0083
vn -0.1060 0.9629 0.2480
vn 0.0457 0.9990 -0.0019
vn 0.0695 0.9591 0.2744
vn 0.2881 0.9576 -0.0045
vn 0.3040 0.8968 0.3214
vn 0.2936 0.8725 0.3905
vn -0.1687 0.6796 0.7140
vn -0.0745 0.7697 0.6341
vn -0.0052 0.3271 0.9450
vn -0.1292 0.2770 0.9521
vn -0.0000 0.0108 0.9999
vn -0.2359 -0.0148 0.9717
vn -0.0000 -0.3375 0.9413
vn 0.3069 0.6195 0.7225
vn 0.1026 0.7862 0.6094
vn 0.1569 0.4798 0.8632
vn 0.1915 0.1666 0.9672
vn 0.0975 -0.0420 0.9943
vn 0.1767 -0.3540 0.9184
vn 0.3177 0.1383 0.9381
vn 0.3308 0.2598 0.9072
vn 0.1880 0.4397 0.8782
vn 0.0941 0.2496 0.9638
vn 0.1377 0.1573 0.9779
vn -0.2728 -0.3373 0.9010
vn 0.3955 0.0802 0.9149
vn 0.5049 -0.0991 0.8575
vn 0.2419 0.1737 0.9546
vn 0.2040 0.2631 0.9429
vn 0.3259 0.1632 0.9312
vn 0.0901 -0.3767 0.9220
vn 0.0169 -0.2147 0.9765
vn 0.1171 0.0535 0.9917
vn 0.4054 0.1818 0.8959
vn 0.0292 -0.4514 0.8919
vn -0.0095 -0.0987 0.9951
vn -0.0014 -0.1510 0.9885
vn 0.2387 -0.3486 0.9064
vn 0.0197 -0.4032 0.9149
vn -0.1108 -0.5021 0.8577
vn -0.1167 -0.5276 0.8414
vn -0.1465 -0.2665 0.9526
vn -0.2301 -0.3239 0.9177
vn -0.7795 0.5594 0.2817
vn -0.9372 0.2168 0.2731
vn -0.8710 0.2225 0.4379
vn -0.6586 0.5330 0.5311
vn -0.5705 0.7783 0.2623
vn -0.4197 0.6201 0.6628
vn -0.2942 0.2099 0.9324
vn -0.1014 0.1965 0.9752
vn -0.0182 -0.0587 0.9981
vn -0.0376 0.1562 0.9870
vn -0.0580 -0.1382 0.9887
vn 0.0260 -0.0855 0.9960
vn -0.0132 -0.1714 0.9851
vn 0.1549 -0.1752 0.9723
vn -0.6822 0.2120 0.6997
vn -0.2505 -0.0772 0.9650
vn -0.2467 -0.1859 0.9511
vn -0.6629 -0.0963 0.7425
vn -0.8647 -0.1030 0.4916
vn -0.9521 -0.1078 0.2863
vn -0.9939 -0.1099 0.0033
vn -0.9788 0.2051 0.0011
vn -0.8072 0.5902 0.0009
vn -0.5912 0.8065 -0.0007
vn -0.4021 0.9156 0.0065
vn -0.9575 -0.2885 0.0005
vn -0.8839 -0.4677 0.0005
vn -0.8955 -0.2751 0.3500
vn -0.6157 -0.6007 0.5101
vn -0.7155 -0.6986 0.0002
vn -0.8076 -0.4216 0.4124
vn -0.7705 -0.2681 0.5783
vn -0.5737 -0.2388 0.7835
vn -0.4282 -0.3532 0.8318
vn -0.6283 -0.3716 0.6835
vn -0.4820 -0.4350 0.7606
vn 0.0934 -0.8003 0.5923
vn 0.0355 -0.9994 -0.0005
vn -0.1067 -0.9087 -0.4036
vn -0.0956 -0.9824 -0.1605
vn -0.0956 -0.9826 0.1593
vn -0.8657 -0.1068 -0.4891
vn -0.9528 -0.1082 -0.2836
vn -0.9391 0.2153 -0.2677
vn -0.9940 -0.1095 0.0007
vn -0.8961 -0.2746 -0.3488
vn -0.8091 -0.4208 -0.4104
vn -0.6226 -0.5991 -0.5034
vn 0.0681 -0.8022 -0.5932
vn -0.1088 -0.6851 -0.7202
vn -0.1417 -0.5712 -0.8085
vn -0.6378 -0.3632 -0.6792
vn -0.4959 -0.4269 -0.7562
vn -0.5039 -0.3669 -0.7820
vn -0.7752 -0.2660 -0.5730
vn -0.6260 -0.2624 -0.7344
vn -0.7023 -0.1066 -0.7038
vn -0.4061 -0.0970 -0.9087
vn -0.4251 0.1912 -0.8847
vn -0.1946 0.2257 -0.9545
vn -0.3664 0.6412 -0.6743
vn -0.0897 0.2099 -0.9736
vn -0.1580 0.5192 -0.8399
vn 0.0505 0.2049 -0.9775
vn -0.0120 0.4979 -0.8672
vn 0.1810 0.2337 -0.9553
vn -0.3571 -0.3163 -0.8789
vn -0.3899 -0.2139 -0.8956
vn -0.2017 -0.2283 -0.9525
vn 0.0907 -0.0481 -0.9947
vn 0.1455 0.0182 -0.9892
vn 0.2132 -0.3617 -0.9076
vn -0.1646 -0.1273 -0.9781
vn -0.0342 -0.0706 -0.9969
vn -0.0302 -0.1770 -0.9838
vn 0.1599 -0.1861 -0.9694
vn 0.2433 -0.3604 -0.9005
vn -0.1764 -0.0783 -0.9812
vn 0.2885 0.1585 -0.9443
vn 0.0415 -0.4263 -0.9036
vn 0.1067 -0.2458 -0.9634
vn 0.2525 0.1403 -0.9574
vn 0.3714 0.1006 -0.9230
vn 0.5316 0.0057 -0.8469
vn 0.7181 0.0993 -0.6888
vn 0.7995 0.1068 -0.5911
vn 0.8767 0.0673 -0.4762
vn 0.1544 0.0868 -0.9842
vn 0.2745 0.1644 -0.9474
vn 0.0549 0.2473 -0.9674
vn -0.4035 0.1592 -0.9010
vn -0.3918 -0.1350 -0.9101
vn -0.1964 -0.5145 -0.8347
vn 0.7336 -0.2144 -0.6449
vn -0.0218 -0.7910 -0.6115
vn 0.0258 -0.7845 -0.6195
vn -0.0000 -0.4788 -0.8779
vn -0.0000 -0.0629 -0.9980
vn 0.0082 0.3133 -0.9496
vn -0.3087 0.4802 -0.8210
vn 0.1691 0.4328 -0.8855
vn 0.3534 0.1888 -0.9162
vn 0.3152 0.2955 -0.9018
vn -0.0000 0.5742 -0.8187
vn 0.2869 0.6192 -0.7310
vn 0.1515 0.5058 -0.8493
vn 0.0953 0.7755 -0.6242
vn -0.0661 0.7819 -0.6199
vn 0.2987 0.8851 -0.3569
vn 0.2843 0.8219 -0.4936
vn 0.0668 0.9536 -0.2936
vn -0.1005 0.9596 -0.2629
vn -0.2575 0.9296 -0.2637
vn 0.3529 0.8668 -0.3523
vn -0.0000 0.9070 -0.4211
vn 0.0001 0.9996 0.0294
vn 0.3597 0.9330 0.0109
vn 0.3965 0.9181 0.0017
vn -0.1136 0.9935 -0.0015
vn -0.2664 0.9638 -0.0013
vn -0.4012 0.9160 -0.0018
vn -0.2158 0.7548 -0.6194
vn -0.3865 0.8818 -0.2701
vn -0.5912 0.8065 -0.0006
vn -0.5598 0.7831 -0.2707
vn -0.7778 0.5636 -0.2782
vn -0.5977 0.5236 -0.6072
vn -0.7310 0.1822 -0.6577
vn -0.8761 0.2168 -0.4306
vn -0.8073 0.5902 0.0009
vn -0.9787 0.2051 0.0012
vn -0.3367 0.7647 -0.5495
vn 0.8900 -0.3175 -0.3273
vn 0.9159 -0.2671 0.2998
vn 0.8273 -0.3585 -0.4325
vn 0.3370 -0.9009 -0.2736
vn 0.6822 -0.6232 0.3825
vn 0.8004 -0.3068 0.5151
vn 0.6529 -0.2371 0.7194
vn 0.6148 0.0863 0.7840
vn 0.5481 -0.0323 0.8358
vn 0.3105 -0.2978 0.9027
vn -0.0000 -0.8713 0.4908
vn 0.0521 -0.9984 -0.0209
vn -0.0000 -0.5901 0.8073
vn -0.1408 0.4883 0.8612
vn -0.2160 0.5165 0.8286
vn -0.3149 0.7402 0.5941
vn -0.2101 0.7733 0.5982
vn -0.0789 0.7926 0.6046
vn -0.0325 0.4612 0.8867
vn 0.0384 0.1267 0.9912
vn 0.0901 -0.0684 0.9936
vt 0.450500 0.653300
vt 0.459900 0.634700
vt 0.450000 0.632000
vt 0.450400 0.662600
vt 0.444500 0.661000
vt 0.439100 0.659000
vt 0.443300 0.628200
vt 0.439700 0.699800
vt 0.376800 0.688000
vt 0.463900 0.642400
vt 0.475100 0.639000
vt 0.463000 0.654600
vt 0.457900 0.645800
vt 0.475100 0.633500
vt 0.481700 0.640200
vt 0.361800 0.646500
vt 0.395600 0.649600
vt 0.426200 0.626000
vt 0.448000 0.603000
vt 0.457400 0.607600
vt 0.463000 0.628500
vt 0.475000 0.629400
vt 0.481700 0.633000
vt 0.481900 0.628300
vt 0.472500 0.622200
vt 0.480700 0.618400
vt 0.478300 0.591400
vt 0.490100 0.588900
vt 0.471200 0.563800
vt 0.484500 0.549200
vt 0.480900 0.549200
vt 0.475000 0.543200
vt 0.485500 0.535900
vt 0.528300 0.633500
vt 0.522300 0.628200
vt 0.522100 0.633100
vt 0.513500 0.627700
vt 0.511900 0.632600
vt 0.507200 0.626200
vt 0.514000 0.615100
vt 0.500800 0.618800
vt 0.502100 0.591800
vt 0.496900 0.576700
vt 0.492900 0.546800
vt 0.492300 0.531900
vt 0.494600 0.525400
vt 0.479100 0.517500
vt 0.468700 0.535600
vt 0.500800 0.624700
vt 0.482900 0.452700
vt 0.485100 0.498200
vt 0.488100 0.471000
vt 0.497200 0.502100
vt 0.492400 0.462300
vt 0.503700 0.502300
vt 0.505600 0.525400
vt 0.504600 0.534100
vt 0.503200 0.555500
vt 0.503100 0.577900
vt 0.515000 0.588500
vt 0.522900 0.617400
vt 0.531700 0.628700
vt 0.524900 0.552400
vt 0.530300 0.596900
vt 0.511500 0.577000
vt 0.515700 0.545700
vt 0.514300 0.539500
vt 0.514000 0.525200
vt 0.511100 0.501700
vt 0.501500 0.460100
vt 0.491600 0.440200
vt 0.489600 0.432900
vt 0.463500 0.432000
vt 0.462700 0.411000
vt 0.531700 0.619600
vt 0.544000 0.626800
vt 0.551900 0.609400
vt 0.584100 0.625000
vt 0.605600 0.576800
vt 0.585200 0.581100
vt 0.569900 0.628100
vt 0.568700 0.587700
vt 0.583100 0.527600
vt 0.567200 0.542000
vt 0.562600 0.502800
vt 0.550300 0.524400
vt 0.549200 0.498700
vt 0.529100 0.513600
vt 0.521100 0.497000
vt 0.510500 0.460800
vt 0.506500 0.431200
vt 0.490100 0.417400
vt 0.521500 0.415900
vt 0.536900 0.409500
vt 0.517700 0.429200
vt 0.518800 0.450000
vt 0.510200 0.438400
vt 0.556200 0.474300
vt 0.543000 0.468700
vt 0.544400 0.460600
vt 0.537000 0.453700
vt 0.531800 0.463100
vt 0.528000 0.452100
vt 0.554800 0.465000
vt 0.546600 0.453800
vt 0.541500 0.449200
vt 0.534700 0.447300
vt 0.529700 0.445300
vt 0.525900 0.443400
vt 0.536800 0.425700
vt 0.550500 0.407000
vt 0.549000 0.420200
vt 0.555300 0.420200
vt 0.561600 0.420100
vt 0.541000 0.432700
vt 0.540300 0.428300
vt 0.547400 0.424600
vt 0.553000 0.424300
vt 0.558700 0.424100
vt 0.568800 0.425000
vt 0.571400 0.421800
vt 0.576800 0.429900
vt 0.578400 0.425200
vt 0.584100 0.436700
vt 0.586300 0.432400
vt 0.582300 0.442800
vt 0.598000 0.445100
vt 0.575700 0.436100
vt 0.571800 0.433200
vt 0.567900 0.430400
vt 0.558300 0.429000
vt 0.552900 0.429500
vt 0.547600 0.430000
vt 0.567300 0.474800
vt 0.580200 0.497300
vt 0.576800 0.471400
vt 0.597100 0.491700
vt 0.630600 0.477500
vt 0.626000 0.455350
vt 0.575800 0.460000
vt 0.565600 0.464300
vt 0.555000 0.456100
vt 0.564100 0.454900
vt 0.569100 0.452200
vt 0.574200 0.449500
vt 0.601600 0.520100
vt 0.625700 0.500500
vt 0.663400 0.515800
vt 0.640300 0.552200
vt 0.665600 0.545100
vt 0.638500 0.578700
vt 0.581000 0.414300
vt 0.590900 0.418400
vt 0.607400 0.430950
vt 0.653400 0.460900
vt 0.684300 0.464400
vt 0.690300 0.518300
vt 0.692200 0.548800
vt 0.669900 0.573000
vt 0.636900 0.611100
vt 0.604900 0.620400
vt 0.671600 0.607200
vt 0.615000 0.403000
vt 0.678900 0.408900
vt 0.643100 0.663000
vt 0.677100 0.653900
vt 0.652900 0.711100
vt 0.617800 0.351300
vt 0.654200 0.348000
vt 0.629900 0.201300
vt 0.597200 0.741000
vt 0.636500 0.725600
vt 0.604800 0.716000
vt 0.606800 0.688000
vt 0.604200 0.649600
vt 0.579800 0.654800
vt 0.565200 0.659400
vt 0.562500 0.630000
vt 0.557600 0.603700
vt 0.554000 0.565800
vt 0.544100 0.554000
vt 0.542400 0.531000
vt 0.522600 0.537800
vt 0.534000 0.545200
vt 0.530700 0.536100
vt 0.547300 0.633600
vt 0.555400 0.633300
vt 0.561000 0.661400
vt 0.562400 0.703600
vt 0.566800 0.700700
vt 0.562700 0.725300
vt 0.568100 0.724000
vt 0.556600 0.743700
vt 0.564200 0.735900
vt 0.557600 0.746700
vt 0.550600 0.761100
vt 0.556200 0.654100
vt 0.549000 0.646100
vt 0.581400 0.693200
vt 0.585400 0.719600
vt 0.500500 0.770500
vt 0.500600 0.767200
vt 0.482100 0.765200
vt 0.520600 0.768100
vt 0.519800 0.765000
vt 0.518600 0.754000
vt 0.533000 0.750500
vt 0.500100 0.755400
vt 0.483900 0.755600
vt 0.466200 0.750300
vt 0.543800 0.733800
vt 0.546500 0.746600
vt 0.529400 0.739800
vt 0.517100 0.741500
vt 0.500200 0.742200
vt 0.485000 0.741200
vt 0.475500 0.738500
vt 0.463800 0.735700
vt 0.453900 0.745700
vt 0.481900 0.768200
vt 0.452000 0.749200
vt 0.485600 0.726600
vt 0.500000 0.727200
vt 0.515700 0.726600
vt 0.527700 0.727500
vt 0.542200 0.721800
vt 0.541800 0.713600
vt 0.554000 0.687000
vt 0.556000 0.663100
vt 0.511000 0.698900
vt 0.521400 0.775200
vt 0.500300 0.778800
vt 0.481400 0.774900
vt 0.455700 0.762800
vt 0.425200 0.749400
vt 0.445500 0.727900
vt 0.463300 0.721800
vt 0.475900 0.724900
vt 0.439100 0.724000
vt 0.365100 0.706100
vt 0.381100 0.733400
vt 0.404400 0.768300
vt 0.451800 0.783800
vt 0.479470 0.786960
vt 0.500280 0.783400
vt 0.524000 0.797500
vt 0.553900 0.788800
vt 0.604300 0.769100
vt 0.651600 0.746300
vt 0.500200 0.838630
vt 0.458200 0.524900
vt 0.424600 0.583800
vt 0.394900 0.620400
vt 0.363100 0.615800
vt 0.276700 0.640900
vt 0.320900 0.669400
vt 0.312800 0.694700
vt 0.444700 0.703600
vt 0.284800 0.618700
vt 0.361500 0.578700
vt 0.393900 0.576800
vt 0.426800 0.531100
vt 0.467600 0.501900
vt 0.296900 0.573900
vt 0.359700 0.552200
vt 0.398400 0.519000
vt 0.404900 0.490400
vt 0.450500 0.686900
vt 0.454000 0.682200
vt 0.461800 0.702200
vt 0.463600 0.713600
vt 0.500600 0.655000
vt 0.494100 0.641700
vt 0.492200 0.654100
vt 0.487400 0.641200
vt 0.486300 0.653500
vt 0.480600 0.651400
vt 0.474100 0.649000
vt 0.472300 0.669700
vt 0.474400 0.709000
vt 0.500600 0.660900
vt 0.508900 0.659200
vt 0.509400 0.680400
vt 0.500000 0.680500
vt 0.500000 0.692100
vt 0.489000 0.698900
vt 0.482900 0.693200
vt 0.486500 0.672900
vt 0.490700 0.659200
vt 0.490600 0.680400
vt 0.542800 0.642900
vt 0.542200 0.655400
vt 0.553400 0.672700
vt 0.542700 0.694300
vt 0.528500 0.709000
vt 0.517800 0.693200
vt 0.513600 0.672900
vt 0.515300 0.654900
vt 0.509600 0.655000
vt 0.500700 0.642300
vt 0.529200 0.669700
vt 0.523100 0.652700
vt 0.530300 0.650700
vt 0.531500 0.638400
vt 0.522400 0.639900
vt 0.513800 0.641400
vt 0.507300 0.641800
vt 0.481800 0.633000
vt 0.488900 0.632400
vt 0.494300 0.632700
vt 0.500700 0.633100
vt 0.506500 0.632800
vt 0.521900 0.633100
vt 0.583200 0.389900
vt 0.595000 0.398400
vt 0.596200 0.367200
vt 0.570700 0.384400
vt 0.571700 0.410700
vt 0.559900 0.409000
vt 0.553800 0.384600
vt 0.445200 0.387500
vt 0.433000 0.411500
vt 0.442500 0.412200
vt 0.452000 0.410500
vt 0.462600 0.395000
vt 0.490400 0.397800
vt 0.521000 0.396700
vt 0.537200 0.392500
vt 0.453000 0.425900
vt 0.448500 0.424900
vt 0.444000 0.423900
vt 0.435700 0.425500
vt 0.423400 0.415200
vt 0.426400 0.429500
vt 0.410500 0.420300
vt 0.417400 0.437600
vt 0.393500 0.437250
vt 0.406200 0.452400
vt 0.370100 0.459450
vt 0.368100 0.482500
vt 0.375700 0.503600
vt 0.403300 0.402100
vt 0.416400 0.391200
vt 0.429900 0.387300
vt 0.325100 0.544000
vt 0.279500 0.531100
vt 0.329700 0.467300
vt 0.353100 0.461200
vt 0.392300 0.411800
vt 0.407600 0.368700
vt 0.429200 0.360200
vt 0.326400 0.421400
vt 0.384300 0.393200
vt 0.390200 0.351300
vt 0.361100 0.348000
vt 0.325100 0.341200
vt 0.328400 0.234700
vt 0.369900 0.255500
vt 0.365000 0.202600
vt 0.393500 0.264100
vt 0.411400 0.260700
vt 0.430200 0.258500
vt 0.447300 0.360800
vt 0.463800 0.361900
vt 0.482100 0.362900
vt 0.449400 0.260200
vt 0.464300 0.261700
vt 0.483800 0.263300
vt 0.517800 0.362500
vt 0.516200 0.263300
vt 0.536100 0.361300
vt 0.537200 0.261700
vt 0.553400 0.360200
vt 0.551300 0.247200
vt 0.573100 0.359500
vt 0.571000 0.260100
vt 0.578700 0.211000
vt 0.538800 0.215800
vt 0.587700 0.263200
vt 0.607600 0.268800
vt 0.419700 0.494500
vt 0.433600 0.479200
vt 0.424800 0.475600
vt 0.445600 0.479500
vt 0.459300 0.474200
vt 0.446900 0.466600
vt 0.436200 0.467000
vt 0.428200 0.464200
vt 0.417900 0.458400
vt 0.421400 0.447800
vt 0.430400 0.453600
vt 0.434400 0.455400
vt 0.438500 0.457100
vt 0.446700 0.457300
vt 0.457500 0.462400
vt 0.469800 0.466000
vt 0.453300 0.434700
vt 0.449500 0.429400
vt 0.449500 0.433700
vt 0.453600 0.430800
vt 0.461000 0.441100
vt 0.461400 0.436500
vt 0.467000 0.450200
vt 0.472000 0.448200
vt 0.473700 0.454900
vt 0.465600 0.458700
vt 0.454300 0.454600
vt 0.460800 0.451500
vt 0.445400 0.428000
vt 0.437100 0.429000
vt 0.428100 0.433900
vt 0.420900 0.442000
vt 0.430200 0.438000
vt 0.433900 0.436000
vt 0.437600 0.433900
vt 0.445700 0.432700
vt 0.487600 0.627400
vt 0.486400 0.615800
vt 0.494600 0.626000
vt 0.506600 0.632800
vt 0.494400 0.632700
vt 1.000000 0.632900
vt 0.964400 0.769700
vt 1.000000 0.768600
vt 1.000000 1.000000
vt 0.965990 1.000000
vt 0.954000 0.244900
vt 0.956500 0.285700
vt 1.000000 0.281200
vt 1.000000 0.337800
vt 0.957800 0.336900
vt 1.000000 0.389900
vt 0.957500 0.388400
vt 1.000000 0.467800
vt 0.957200 0.472800
vt 0.947100 0.593700
vt 0.906900 0.775400
vt 0.909220 1.000000
vt 0.875870 1.000000
vt 0.876600 0.794900
vt 0.815150 1.000000
vt 0.814300 0.767370
vt 0.760730 1.000000
vt 0.919400 0.474300
vt 0.926700 0.389900
vt 0.896000 0.403100
vt 0.857700 0.417300
vt 0.782200 0.436900
vt 0.731000 0.455500
vt 0.802700 0.497300
vt 0.881700 0.487400
vt 0.899900 0.647800
vt 0.859700 0.656100
vt 0.791800 0.688700
vt 0.762400 0.802870
vt 0.734100 0.709400
vt 0.684100 0.734000
vt 0.772600 0.585500
vt 0.773900 0.636500
vt 0.874000 0.587500
vt 0.715500 0.528100
vt 0.731800 0.612900
vt 0.713200 0.642200
vt 0.720500 0.673900
vt 0.710700 0.568100
vt 0.700900 0.611700
vt 0.694000 0.578900
vt 0.709000 0.390100
vt 0.692900 0.340600
vt 0.676700 0.256800
vt 0.641500 0.180600
vt 0.721600 0.249400
vt 0.715400 0.202300
vt 0.935190 0.090650
vt 0.893000 0.038230
vt 0.865600 0.073480
vt 0.892700 0.153600
vt 0.950000 0.202400
vt 0.915300 0.216700
vt 0.848600 0.224700
vt 0.848300 0.268600
vt 0.816900 0.272400
vt 0.850200 0.318800
vt 0.782500 0.274400
vt 0.787200 0.331100
vt 0.734400 0.337200
vt 0.736500 0.387800
vt 0.861500 0.113650
vt 0.815600 0.226800
vt 0.777900 0.227700
vt 0.814300 0.112150
vt 0.773210 0.072560
vt 0.770570 0.043080
vt 0.810440 0.001800
vt 0.892800 0.001800
vt 1.000000 0.001800
vt 1.000000 0.171490
vt 1.000000 0.225060
vt 0.500000 0.001800
vt 0.499000 0.101460
vt 0.614550 0.054240
vt 0.589110 0.155930
vt 0.499000 0.169800
vt 0.603510 0.107370
vt 0.694010 0.091730
vt 0.751000 0.131660
vt 0.702600 0.177600
vt 0.648100 0.126590
vt 0.616500 0.169500
vt 0.577000 0.185500
vt 0.500000 0.192600
vt 0.460900 0.215500
vt 0.487000 0.220900
vt 0.513000 0.220900
vt 0.225160 0.069210
vt 0.214960 0.042760
vt 0.092520 0.051580
vt 0.249740 0.001800
vt 0.376790 0.054240
vt 0.375990 0.107370
vt 0.389490 0.155930
vt 0.411000 0.185800
vt 0.409000 0.205900
vt 0.360200 0.187500
vt 0.343200 0.123590
vt 0.366300 0.169900
vt 0.314600 0.139530
vt 0.298710 0.091730
vt 0.249000 0.131660
vt 0.185700 0.112150
vt 0.186600 0.178100
vt 0.147100 0.181700
vt 0.151600 0.246600
vt 0.084700 0.216700
vt 0.155000 0.318800
vt 0.099800 0.304200
vt 0.158100 0.362600
vt 0.104000 0.349800
vt 0.158700 0.420500
vt 0.293100 0.184300
vt 0.234800 0.185800
vt 0.278700 0.275800
vt 0.214900 0.378600
vt 0.215100 0.441700
vt 0.272300 0.447100
vt 0.220600 0.252300
vt 0.212800 0.331100
vt 0.278600 0.337300
vt 0.277700 0.386300
vt 0.317400 0.390000
vt 0.183700 0.249600
vt 0.206000 0.508200
vt 0.287100 0.563700
vt 0.274800 0.609800
vt 0.216500 0.610900
vt 0.272100 0.677700
vt 0.260200 0.719900
vt 0.306300 0.719600
vt 0.314500 0.743100
vt 0.351400 0.754500
vt 0.210600 0.682600
vt 0.225800 0.575000
vt 0.149700 0.659300
vt 0.132800 0.798000
vt 0.188100 0.834200
vt 0.241900 0.813670
vt 0.335000 0.791100
vt 0.357300 0.874170
vt 0.356380 1.000000
vt 0.241610 1.000000
vt 0.184820 1.000000
vt 0.136350 1.000000
vt 0.093100 0.775400
vt 0.100100 0.647800
vt 0.134500 0.586500
vt 0.148900 0.493000
vt 0.089650 1.000000
vt 0.080600 0.474300
vt 0.104000 0.403100
vt 0.073300 0.389900
vt 0.074600 0.343000
vt 0.042800 0.472800
vt 0.057400 0.632800
vt 0.042500 0.388400
vt 0.042200 0.336900
vt 0.043500 0.285700
vt 0.052900 0.772500
vt 0.048820 1.000000
vt 0.000000 1.000000
vt 0.000000 0.768600
vt 0.000000 0.632900
vt 0.000000 0.467800
vt 0.000000 0.389900
vt 0.000000 0.337800
vt 0.000000 0.281200
vt 0.000000 0.207810
vt 0.074200 0.295000
vt 0.046000 0.244900
vt 0.000000 0.114160
vt 0.050000 0.202400
vt 0.063500 0.120220
vt 0.107300 0.153600
vt 0.138500 0.113650
vt 0.121000 0.077100
vt 0.000000 0.001800
vt 0.095080 0.001800
vt 0.078600 0.256100
vt 0.459300 0.832000
vt 0.544700 0.833600
vt 0.406500 0.808900
vt 0.457400 0.888570
vt 0.595400 0.881770
vt 0.606800 0.810600
vt 0.663300 0.780100
vt 0.687200 0.713100
vt 0.687700 0.695000
vt 0.681900 0.857170
vt 0.595140 1.000000
vt 0.456300 1.000000
vt 0.682020 1.000000
vt 0.900200 0.304200
vt 0.906300 0.261900
vt 0.921400 0.256100
vt 0.925800 0.295000
vt 0.925400 0.343000
vt 0.896000 0.349800
vt 0.852400 0.362600
vt 0.787100 0.378500
s 1
usemtl mat1
f 31/31/29 32/32/30 33/33/31
f 34/34/32 33/33/31 35/35/33
f 36/36/34 35/35/33 33/33/31
f 36/36/34 33/33/31 37/37/35
f 38/38/36 35/35/33 36/36/34
f 36/36/34 39/39/37 38/38/36
f 40/40/38 41/41/39 32/32/30
f 32/32/30 42/42/40 40/40/38
f 32/32/30 43/43/41 42/42/40
f 34/34/32 42/42/40 43/43/41
f 34/34/32 43/43/41 32/32/30
f 32/32/30 41/41/39 44/44/42
f 44/44/42 41/41/39 45/45/43
f 46/46/44 39/39/37 47/47/45
f 36/36/34 47/47/45 39/39/37
f 48/48/46 47/47/45 36/36/34
f 37/37/35 48/48/46 36/36/34
f 49/49/47 48/48/46 37/37/35
f 37/37/35 50/50/48 49/49/47
f 37/37/35 33/33/31 50/50/48
f 51/51/49 50/50/48 33/33/31
f 33/33/31 32/32/30 51/51/49
f 52/52/50 51/51/49 32/32/30
f 52/52/50 32/32/30 53/44/51
f 52/52/50 53/44/51 54/53/52
f 52/52/50 54/53/52 55/54/53
f 56/55/54 52/52/50 55/54/53
f 56/55/54 55/54/53 57/56/55
f 58/57/56 56/55/54 57/56/55
f 58/57/56 57/56/55 59/58/57
f 60/59/58 58/57/56 59/58/57
f 49/49/47 58/57/56 60/59/58
f 49/49/47 50/50/48 58/57/56
f 50/50/48 56/55/54 58/57/56
f 50/50/48 51/51/49 56/55/54
f 56/55/54 51/51/49 52/52/50
f 60/59/58 59/58/57 61/60/59
f 60/59/58 61/60/59 62/61/60
f 62/61/60 63/62/61 60/59/58
f 64/63/62 63/62/61 62/61/60
f 65/64/63 66/65/64 67/66/65
f 68/67/66 67/66/65 66/65/64
f 68/67/66 69/68/67 67/66/65
f 69/68/67 68/67/66 70/69/68
f 68/67/66 71/70/69 70/69/68
f 72/71/70 70/69/68 71/70/69
f 71/70/69 73/72/71 72/71/70
f 72/71/70 73/72/71 59/58/57
f 74/73/72 59/58/57 73/72/71
f 61/60/59 59/58/57 74/73/72
f 75/74/73 61/60/59 74/73/72
f 62/61/60 61/60/59 75/74/73
f 62/61/60 75/74/73 76/75/74
f 62/61/60 76/75/74 64/63/62
f 64/63/62 76/75/74 77/76/75
f 64/63/62 77/76/75 78/77/76
f 64/63/62 78/77/76 63/62/61
f 63/62/61 78/77/76 79/78/77
f 71/70/69 68/67/66 66/65/64
f 80/79/78 70/69/68 72/71/70
f 81/80/79 82/81/80 83/82/81
f 84/83/82 83/82/81 82/81/80
f 84/83/82 85/84/83 83/82/81
f 85/84/83 84/83/82 86/85/84
f 77/76/75 86/85/84 84/83/82
f 77/76/75 87/86/85 86/85/84
f 76/75/74 87/86/85 77/76/75
f 76/75/74 88/87/86 87/86/85
f 75/74/73 88/87/86 76/75/74
f 75/74/73 89/88/87 88/87/86
f 74/73/72 89/88/87 75/74/73
f 74/73/72 90/89/88 89/88/87
f 74/73/72 73/72/71 90/89/88
f 90/89/88 73/72/71 91/90/89
f 71/70/69 91/90/89 73/72/71
f 71/70/69 92/91/90 91/90/89
f 71/70/69 66/65/64 92/91/90
f 93/92/91 92/91/90 66/65/64
f 85/84/83 81/80/79 83/82/81
f 94/93/92 91/90/89 95/94/93
f 96/95/94 91/90/89 94/93/92
f 90/89/88 91/90/89 96/95/94
f 97/96/95 90/89/88 96/95/94
f 97/96/95 89/88/87 90/89/88
f 98/97/96 89/88/87 97/96/95
f 98/97/96 88/87/86 89/88/87
f 99/98/97 88/87/86 98/97/96
f 99/98/97 87/86/85 88/87/86
f 100/99/98 87/86/85 99/98/97
f 100/99/98 86/85/84 87/86/85
f 101/100/99 86/85/84 100/99/98
f 85/84/83 86/85/84 101/100/99
f 101/100/99 102/101/100 85/84/83
f 85/84/83 102/101/100 81/80/79
f 81/80/79 102/101/100 103/102/101
f 81/80/79 103/102/101 104/103/102
f 105/104/103 104/103/102 103/102/101
f 96/95/94 94/93/92 97/96/95
f 91/90/89 106/105/104 95/94/93
f 91/90/89 92/91/90 106/105/104
f 93/92/91 106/105/104 92/91/90
f 106/105/104 93/92/91 107/106/105
f 95/94/93 106/105/104 107/106/105
f 95/94/93 107/106/105 108/107/106
f 109/108/107 110/109/108 111/110/109
f 111/110/109 112/111/110 109/108/107
f 111/110/109 113/112/111 112/111/110
f 114/113/112 113/112/111 111/110/109
f 114/113/112 115/114/113 113/112/111
f 114/113/112 116/115/114 115/114/113
f 117/116/115 115/114/113 116/115/114
f 117/116/115 116/115/114 118/117/116
f 117/116/115 118/117/116 119/118/117
f 118/117/116 120/119/118 119/118/117
f 120/119/118 99/98/97 119/118/117
f 120/119/118 100/99/98 99/98/97
f 121/120/119 100/99/98 120/119/118
f 101/100/99 100/99/98 121/120/119
f 121/120/119 122/121/120 101/100/99
f 101/100/99 122/121/120 102/101/100
f 102/101/100 122/121/120 103/102/101
f 103/102/101 122/121/120 123/122/121
f 103/102/101 123/122/121 105/104/103
f 122/121/120 124/123/122 123/122/121
f 125/124/123 124/123/122 122/121/120
f 122/121/120 126/125/124 125/124/123
f 122/121/120 127/126/125 126/125/124
f 122/121/120 128/127/126 127/126/125
f 128/127/126 120/119/118 127/126/125
f 128/127/126 121/120/119 120/119/118
f 121/120/119 128/127/126 122/121/120
f 118/117/116 116/115/114 129/128/127
f 118/117/116 129/128/127 130/129/128
f 131/130/129 130/129/128 129/128/127
f 132/131/130 130/129/128 131/130/129
f 132/131/130 133/132/131 130/129/128
f 134/133/132 133/132/131 132/131/130
f 134/133/132 127/126/125 133/132/131
f 133/132/131 127/126/125 120/119/118
f 133/132/131 120/119/118 118/117/116
f 118/117/116 130/129/128 133/132/131
f 135/134/133 136/135/134 131/130/129
f 131/130/129 136/135/134 137/136/135
f 131/130/129 137/136/135 132/131/130
f 132/131/130 137/136/135 138/137/136
f 132/131/130 138/137/136 134/133/132
f 134/133/132 138/137/136 139/138/137
f 139/138/137 127/126/125 134/133/132
f 139/138/137 140/139/138 127/126/125
f 127/126/125 140/139/138 126/125/124
f 141/140/139 126/125/124 140/139/138
f 141/140/139 125/124/123 126/125/124
f 141/140/139 142/141/140 125/124/123
f 141/140/139 143/142/141 142/141/140
f 143/142/141 144/143/142 142/141/140
f 142/141/140 144/143/142 145/144/143
f 139/138/137 138/137/136 146/145/144
f 139/138/137 146/145/144 147/146/145
f 147/146/145 140/139/138 139/138/137
f 147/146/145 141/140/139 140/139/138
f 148/147/146 141/140/139 147/146/145
f 148/147/146 143/142/147 141/140/139
f 143/142/147 148/147/146 149/148/148
f 143/142/147 149/148/148 144/143/149
f 150/149/150 144/143/149 149/148/148
f 150/149/150 145/144/150 144/143/149
f 151/150/151 145/144/150 150/149/150
f 151/150/151 152/151/152 145/144/150
f 153/152/153 152/151/152 151/150/151
f 153/152/153 154/153/154 152/151/152
f 155/154/155 154/153/154 153/152/153
f 155/154/155 156/155/156 154/153/154
f 157/156/157 156/155/156 155/154/155
f 157/156/157 158/157/158 156/155/156
f 153/152/153 157/156/157 155/154/155
f 153/152/153 159/158/153 157/156/157
f 151/150/151 159/158/153 153/152/153
f 151/150/151 160/159/159 159/158/153
f 151/150/151 161/160/160 160/159/159
f 150/149/150 161/160/160 151/150/151
f 150/149/150 162/161/161 161/160/160
f 162/161/161 150/149/150 149/148/148
f 162/161/161 149/148/148 163/162/162
f 148/147/146 163/162/162 149/148/148
f 148/147/146 164/163/163 163/162/162
f 147/146/145 164/163/163 148/147/146
f 147/146/145 146/145/144 164/163/163
f 165/164/164 166/165/165 167/166/166
f 166/165/165 158/157/158 167/166/166
f 166/165/165 168/167/167 158/157/158
f 158/157/158 168/167/167 169/168/168
f 158/157/158 169/168/168 170/169/169
f 171/170/170 158/157/158 157/156/157
f 171/170/170 167/166/166 158/157/158
f 172/171/171 167/166/166 171/170/170
f 172/171/171 165/164/164 167/166/166
f 135/134/133 165/164/164 172/171/171
f 172/171/171 173/172/172 135/134/133
f 135/134/133 173/172/172 136/135/134
f 172/171/171 174/173/173 173/172/172
f 171/170/170 174/173/173 172/171/171
f 171/170/170 175/174/174 174/173/173
f 171/170/170 176/175/175 175/174/174
f 157/156/157 176/175/175 171/170/170
f 177/176/176 168/167/167 166/165/165
f 178/177/177 168/167/167 177/176/176
f 178/177/177 169/168/168 168/167/167
f 179/178/178 169/168/168 178/177/177
f 179/178/178 178/177/177 180/179/179
f 179/178/178 180/179/179 181/180/180
f 181/180/180 180/179/179 182/181/181
f 182/181/181 180/179/179 110/109/108
f 178/177/177 110/109/108 180/179/179
f 178/177/177 177/176/176 110/109/108
f 111/110/109 110/109/108 177/176/176
f 111/110/109 177/176/176 114/113/112
f 177/176/176 166/165/165 114/113/112
f 114/113/112 166/165/165 116/115/114
f 165/164/164 116/115/114 166/165/165
f 165/164/164 129/128/127 116/115/114
f 135/134/133 129/128/127 165/164/164
f 131/130/129 129/128/127 135/134/133
f 183/182/182 154/153/183 156/155/156
f 183/182/182 156/155/156 184/183/184
f 184/183/184 156/155/156 158/157/158
f 184/183/184 158/157/158 185/184/185
f 185/184/185 158/157/158 170/169/169
f 185/184/185 170/169/169 186/185/186
f 186/185/186 170/169/169 169/168/168
f 186/185/186 169/168/168 187/186/187
f 179/178/178 187/186/187 169/168/168
f 179/178/178 188/187/188 187/186/187
f 181/180/180 188/187/188 179/178/178
f 181/180/180 189/188/189 188/187/188
f 190/189/190 189/188/189 181/180/180
f 181/180/180 182/181/181 190/189/190
f 190/189/190 182/181/181 191/190/191
f 191/190/191 182/181/181 110/109/108
f 191/190/191 110/109/108 192/191/192
f 109/108/107 192/191/192 110/109/108
f 190/189/190 191/190/191 193/192/193
f 194/193/194 184/183/184 185/184/185
f 195/194/195 194/193/194 185/184/185
f 195/194/195 185/184/185 186/185/186
f 186/185/186 187/186/187 195/194/195
f 192/191/192 196/195/196 191/190/191
f 193/192/193 191/190/191 196/195/196
f 193/192/193 196/195/196 197/196/197
f 197/196/197 196/195/196 198/197/198
f 195/194/195 199/198/199 194/193/194
f 195/194/195 200/199/200 199/198/199
f 200/199/200 201/200/201 199/198/199
f 202/201/202 203/202/203 204/203/204
f 198/197/198 204/203/204 203/202/203
f 205/204/205 204/203/204 198/197/198
f 205/204/205 198/197/198 196/195/196
f 206/205/206 205/204/205 196/195/196
f 192/191/192 206/205/206 196/195/196
f 207/206/207 206/205/206 192/191/192
f 207/206/207 192/191/192 109/108/107
f 109/108/107 208/207/208 207/206/207
f 109/108/107 112/111/110 208/207/208
f 208/207/208 112/111/110 209/208/209
f 209/208/209 112/111/110 113/112/111
f 209/208/209 113/112/111 210/209/210
f 210/209/210 113/112/111 211/210/211
f 211/210/211 108/107/106 210/209/210
f 212/211/212 108/107/106 211/210/211
f 212/211/212 95/94/93 108/107/106
f 94/93/92 95/94/93 212/211/212
f 211/210/211 213/212/213 212/211/212
f 119/118/117 99/98/97 98/97/96
f 119/118/117 98/97/96 214/213/214
f 214/213/214 98/97/96 97/96/95
f 214/213/214 97/96/95 215/214/215
f 97/96/95 94/93/92 215/214/215
f 215/214/215 94/93/92 212/211/212
f 212/211/212 216/215/216 215/214/215
f 212/211/212 213/212/213 216/215/216
f 213/212/213 119/118/117 216/215/216
f 117/116/115 119/118/117 213/212/213
f 211/210/211 117/116/115 213/212/213
f 211/210/211 115/114/113 117/116/115
f 211/210/211 113/112/111 115/114/113
f 215/214/215 216/215/216 214/213/214
f 216/215/216 119/118/117 214/213/214
f 65/64/63 93/92/91 66/65/64
f 217/216/217 93/92/91 65/64/63
f 217/216/217 107/106/105 93/92/91
f 107/106/105 217/216/217 218/217/218
f 218/217/218 108/107/106 107/106/105
f 210/209/210 108/107/106 218/217/218
f 210/209/210 218/217/218 209/208/209
f 218/217/218 219/218/219 209/208/209
f 209/208/209 219/218/219 208/207/208
f 208/207/208 219/218/219 220/219/220
f 208/207/208 220/219/220 221/220/221
f 221/220/221 220/219/220 222/221/222
f 221/220/221 222/221/222 223/222/223
f 223/222/223 222/221/222 224/223/224
f 223/222/223 224/223/224 225/224/225
f 225/224/225 224/223/224 226/225/226
f 226/225/226 202/201/202 225/224/225
f 226/225/226 227/226/227 202/201/202
f 219/218/219 218/217/218 228/227/228
f 218/217/218 217/216/217 228/227/228
f 229/228/229 228/227/228 217/216/217
f 230/229/230 221/220/221 223/222/223
f 230/229/230 223/222/223 231/230/231
f 231/230/231 223/222/223 225/224/225
f 231/230/231 225/224/225 202/201/202
f 202/201/202 204/203/204 231/230/231
f 231/230/231 204/203/204 205/204/205
f 231/230/231 205/204/205 230/229/230
f 230/229/230 205/204/205 206/205/206
f 230/229/230 206/205/206 207/206/207
f 207/206/207 221/220/221 230/229/230
f 207/206/207 208/207/208 221/220/221
f 232/231/232 233/232/233 234/233/234
f 235/234/235 233/232/233 232/231/232
f 235/234/235 236/235/236 233/232/233
f 226/225/226 236/235/236 235/234/235
f 226/225/226 224/223/224 236/235/236
f 237/236/237 236/235/236 224/223/224
f 237/236/237 224/223/224 238/237/238
f 239/238/239 236/235/236 237/236/237
f 239/238/239 233/232/233 236/235/236
f 240/239/240 233/232/233 239/238/239
f 240/239/240 234/233/234 233/232/233
f 241/240/241 234/233/234 240/239/240
f 220/219/220 242/241/242 222/221/222
f 224/223/224 222/221/222 242/241/242
f 224/223/224 242/241/242 243/242/243
f 238/237/238 224/223/224 243/242/243
f 243/242/243 244/243/244 238/237/238
f 238/237/238 244/243/244 245/244/245
f 238/237/238 245/244/245 237/236/237
f 237/236/237 245/244/245 246/245/246
f 237/236/237 246/245/246 239/238/239
f 239/238/239 246/245/246 247/246/247
f 239/238/239 247/246/247 240/239/240
f 240/239/240 247/246/247 248/247/248
f 240/239/240 248/247/248 241/240/241
f 248/247/248 249/248/249 241/240/241
f 250/249/250 241/240/241 249/248/249
f 241/240/241 250/249/250 234/233/234
f 251/250/251 234/233/234 250/249/250
f 232/231/232 234/233/234 251/250/251
f 243/242/243 242/241/242 244/243/244
f 251/250/251 250/249/250 252/251/252
f 253/252/253 246/245/246 254/253/254
f 254/253/254 246/245/246 245/244/245
f 254/253/254 245/244/245 255/254/255
f 255/254/255 245/244/245 244/243/244
f 255/254/255 244/243/244 256/255/256
f 256/255/256 244/243/244 242/241/242
f 256/255/256 242/241/242 257/256/257
f 220/219/220 257/256/257 242/241/242
f 258/257/258 257/256/257 220/219/220
f 258/257/258 220/219/220 259/258/259
f 220/219/220 260/259/228 259/258/259
f 220/219/220 219/218/219 260/259/228
f 256/255/256 257/256/257 258/257/258
f 255/254/255 256/255/256 261/260/260
f 235/234/235 227/226/227 226/225/226
f 235/234/235 262/261/261 227/226/227
f 232/231/232 262/261/261 235/234/235
f 232/231/232 263/262/262 262/261/261
f 251/250/251 263/262/262 232/231/232
f 251/250/251 264/263/263 263/262/262
f 252/251/252 264/263/263 251/250/251
f 252/251/252 265/264/264 264/263/263
f 252/251/252 266/265/265 265/264/264
f 252/251/252 250/249/250 266/265/265
f 266/265/265 250/249/250 267/266/266
f 250/249/250 249/248/249 267/266/266
f 267/266/266 249/248/249 268/267/267
f 268/267/267 249/248/249 248/247/248
f 268/267/267 248/247/248 269/268/268
f 269/268/268 248/247/248 247/246/247
f 269/268/268 247/246/247 253/252/253
f 253/252/253 247/246/247 246/245/246
f 266/265/265 267/266/266 270/269/269
f 270/269/269 271/270/270 266/265/265
f 266/265/265 271/270/270 272/271/271
f 272/271/271 273/272/272 266/265/265
f 266/265/265 273/272/272 274/273/273
f 266/265/265 274/273/273 265/264/264
f 265/264/264 274/273/273 275/274/274
f 265/264/264 275/274/274 264/263/263
f 275/274/274 276/275/275 264/263/263
s 0
f 264/263/276 276/275/277 263/262/262
f 263/262/277 276/275/262 277/276/278
s 1
f 263/262/262 277/276/279 262/261/261
f 262/261/261 277/276/279 278/277/280
f 262/261/261 278/277/280 227/226/227
f 227/226/227 278/277/280 279/278/281
f 227/226/227 279/278/281 202/201/202
f 280/279/282 202/201/202 279/278/281
f 202/201/202 280/279/282 203/202/203
f 277/276/279 276/275/275 281/280/283
f 281/280/283 276/275/275 275/274/274
f 63/62/61 79/78/77 60/59/58
f 60/59/58 79/78/77 282/281/284
f 60/59/58 282/281/284 49/49/47
f 282/281/284 283/282/285 49/49/47
f 49/49/47 283/282/285 48/48/46
f 283/282/285 284/283/286 48/48/46
f 48/48/46 284/283/286 47/47/45
f 285/284/287 47/47/45 284/283/286
f 285/284/287 46/46/44 47/47/45
f 286/285/288 46/46/44 285/284/287
f 287/286/289 46/46/44 286/285/288
f 287/286/289 39/39/37 46/46/44
f 288/287/290 39/39/37 287/286/289
f 288/287/290 271/270/270 39/39/37
f 38/38/36 39/39/37 271/270/270
f 38/38/36 271/270/270 270/269/269
f 270/269/269 289/288/291 38/38/36
f 38/38/36 289/288/291 35/35/33
f 286/285/288 285/284/287 290/289/292
f 290/289/292 285/284/287 291/290/293
f 284/283/286 291/290/293 285/284/287
f 284/283/286 292/291/294 291/290/293
f 283/282/285 292/291/294 284/283/286
f 293/292/295 292/291/294 283/282/285
f 282/281/284 293/292/295 283/282/285
f 294/293/296 293/292/295 282/281/284
f 79/78/77 294/293/296 282/281/284
f 79/78/77 78/77/76 294/293/296
f 78/77/76 82/81/80 294/293/296
f 78/77/76 84/83/82 82/81/80
f 78/77/76 77/76/75 84/83/82
f 290/289/292 291/290/293 295/294/297
f 295/294/297 291/290/293 296/295/298
f 292/291/294 296/295/298 291/290/293
f 296/295/298 292/291/294 297/296/299
f 293/292/295 297/296/299 292/291/294
f 293/292/295 298/297/300 297/296/299
f 299/298/301 35/35/33 289/288/291
f 299/298/301 34/34/32 35/35/33
f 34/34/32 299/298/301 300/299/302
f 300/299/302 42/42/40 34/34/32
f 300/299/302 301/300/303 42/42/40
f 300/299/302 302/301/304 301/300/303
f 300/299/302 299/298/301 302/301/304
f 289/288/291 302/301/304 299/298/301
f 303/302/305 304/303/306 305/304/307
f 306/305/308 305/304/307 304/303/306
f 306/305/308 307/306/309 305/304/307
f 307/306/309 306/305/308 45/45/43
f 307/306/309 45/45/43 308/307/310
f 41/41/39 308/307/310 45/45/43
f 41/41/39 309/308/311 308/307/310
f 309/308/311 41/41/39 40/40/38
f 310/309/312 309/308/311 40/40/38
f 310/309/312 40/40/38 42/42/40
f 311/310/313 310/309/312 42/42/40
f 311/310/313 42/42/40 301/300/303
f 301/300/303 269/268/268 311/310/313
f 301/300/303 302/301/304 269/268/268
f 269/268/268 302/301/304 268/267/267
f 289/288/291 268/267/267 302/301/304
f 267/266/266 268/267/267 289/288/291
f 270/269/269 267/266/266 289/288/291
f 312/311/314 303/302/305 305/304/307
f 303/302/305 312/311/314 313/312/315
f 314/313/316 313/312/315 312/311/314
f 314/313/316 312/311/314 315/314/317
f 261/260/260 314/313/316 315/314/317
f 261/260/260 315/314/317 316/315/318
f 255/254/255 261/260/260 316/315/318
f 255/254/255 316/315/318 254/253/254
f 254/253/254 316/315/318 317/316/319
f 254/253/254 317/316/319 253/252/253
f 317/316/319 269/268/268 253/252/253
f 311/310/313 269/268/268 317/316/319
f 311/310/313 317/316/319 318/317/320
f 318/317/320 310/309/312 311/310/313
f 318/317/320 319/318/321 310/309/312
f 319/318/321 309/308/311 310/309/312
f 319/318/321 308/307/310 309/308/311
f 307/306/309 308/307/310 319/318/321
f 319/318/321 320/319/322 307/306/309
f 307/306/309 320/319/322 305/304/307
f 312/311/314 305/304/307 320/319/322
f 315/314/317 312/311/314 320/319/322
f 315/314/317 320/319/322 321/320/323
f 316/315/318 315/314/317 321/320/323
f 316/315/318 321/320/323 317/316/319
f 318/317/320 317/316/319 321/320/323
f 318/317/320 321/320/323 319/318/321
f 319/318/321 321/320/323 320/319/322
f 229/228/229 322/321/324 323/322/325
f 229/228/229 323/322/325 260/259/228
f 324/323/326 260/259/228 323/322/325
f 324/323/326 259/258/259 260/259/228
f 325/324/327 259/258/259 324/323/326
f 325/324/327 258/257/258 259/258/259
f 326/325/328 258/257/258 325/324/327
f 326/325/328 256/255/256 258/257/258
f 327/326/329 256/255/256 326/325/328
f 327/326/329 261/260/260 256/255/256
f 328/327/330 261/260/260 327/326/329
f 328/327/330 314/313/316 261/260/260
f 329/328/331 314/313/316 328/327/330
f 329/328/331 313/312/315 314/313/316
f 329/328/331 330/329/332 313/312/315
f 303/302/305 313/312/315 330/329/332
f 331/330/333 303/302/305 330/329/332
f 303/302/305 331/330/333 304/303/306
f 324/323/326 323/322/325 325/324/327
f 325/324/327 323/322/325 332/331/334
f 325/324/327 332/331/334 326/325/328
f 326/325/328 332/331/334 328/327/330
f 326/325/328 328/327/330 327/326/329
f 329/328/331 328/327/330 333/332/335
f 332/331/334 333/332/335 328/327/330
f 332/331/334 334/333/336 333/332/335
f 334/333/336 332/331/334 323/322/325
f 334/333/336 323/322/325 322/321/324
f 334/333/336 322/321/324 335/334/337
f 334/333/336 335/334/337 336/335/338
f 334/333/336 336/335/338 333/332/335
f 337/336/339 333/332/335 336/335/338
f 337/336/339 329/328/331 333/332/335
f 329/328/331 337/336/339 338/337/340
f 329/328/331 338/337/340 330/329/332
f 331/330/333 330/329/332 338/337/340
f 44/44/42 45/45/43 339/338/341
f 306/305/308 339/338/341 45/45/43
f 306/305/308 340/339/342 339/338/341
f 340/339/342 306/305/308 304/303/306
f 340/339/342 304/303/306 341/340/343
f 331/330/333 341/340/343 304/303/306
f 331/330/333 342/341/344 341/340/343
f 342/341/344 331/330/333 338/337/340
f 342/341/344 338/337/340 343/342/345
f 337/336/339 343/342/345 338/337/340
f 337/336/339 344/68/346 343/342/345
f 344/68/346 337/336/339 336/335/338
f 344/68/346 336/335/338 345/343/347
f 335/334/337 345/343/347 336/335/338
f 335/334/337 346/64/348 345/343/347
f 346/64/348 335/334/337 217/216/217
f 217/216/217 335/334/337 322/321/324
f 229/228/229 217/216/217 322/321/324
f 347/344/349 348/345/350 349/346/351
f 349/346/351 350/347/352 347/344/349
f 194/193/194 349/346/351 348/345/350
f 194/193/194 348/345/350 184/183/184
f 183/182/182 184/183/184 348/345/350
f 183/182/182 348/345/350 347/344/349
f 347/344/349 351/348/353 183/182/182
f 347/344/349 350/347/352 351/348/353
f 352/349/354 351/348/353 350/347/352
f 352/349/354 350/347/352 353/350/355
f 354/351/356 355/352/357 356/353/358
f 356/353/358 357/354/359 354/351/356
f 358/355/360 354/351/356 357/354/359
f 358/355/360 357/354/359 105/104/103
f 359/356/361 358/355/360 105/104/103
f 359/356/361 105/104/103 123/122/121
f 360/357/362 359/356/361 123/122/121
f 360/357/362 123/122/121 124/123/122
f 124/123/122 361/358/363 360/357/362
f 124/123/122 125/124/123 361/358/363
f 125/124/123 353/350/355 361/358/363
f 125/124/123 142/141/140 353/350/355
f 353/350/355 142/141/140 352/349/354
f 142/141/140 145/144/143 352/349/354
f 352/349/354 145/144/143 152/151/364
f 352/349/354 152/151/364 351/348/353
f 351/348/353 152/151/364 154/153/183
f 351/348/353 154/153/183 183/182/182
f 105/104/103 362/359/365 104/103/102
f 105/104/103 357/354/359 362/359/365
f 362/359/365 357/354/359 363/360/366
f 356/353/358 363/360/366 357/354/359
f 356/353/358 364/361/367 363/360/366
f 364/361/367 356/353/358 355/352/357
f 364/361/367 355/352/357 365/362/368
f 366/363/369 365/362/368 355/352/357
f 366/363/369 367/364/370 365/362/368
f 368/365/371 367/364/370 366/363/369
f 368/365/371 369/366/372 367/364/370
f 370/367/373 369/366/372 368/365/371
f 370/367/373 371/368/374 369/366/372
f 372/369/375 371/368/374 370/367/373
f 372/369/375 298/297/300 371/368/374
f 372/369/375 373/370/376 298/297/300
f 297/296/299 298/297/300 373/370/376
f 297/296/299 373/370/376 374/371/377
f 370/367/373 368/365/371 375/372/378
f 376/373/379 375/372/378 368/365/371
f 376/373/379 368/365/371 366/363/369
f 366/363/369 377/374/380 376/373/379
f 366/363/369 355/352/357 377/374/380
f 296/295/298 297/296/299 374/371/377
f 378/375/381 296/295/298 374/371/377
f 295/294/297 296/295/298 378/375/381
f 379/376/382 295/294/297 378/375/381
f 378/375/381 380/377/383 379/376/382
f 378/375/381 374/371/377 380/377/383
f 374/371/377 373/370/376 380/377/383
f 380/377/383 373/370/376 372/369/375
f 380/377/383 372/369/375 381/378/384
f 381/378/384 372/369/375 370/367/373
f 381/378/384 370/367/373 382/379/385
f 370/367/373 375/372/378 382/379/385
f 382/379/385 375/372/378 383/380/386
f 383/380/386 375/372/378 376/373/379
f 376/373/379 384/381/387 383/380/386
f 376/373/379 377/374/380 384/381/387
f 384/381/387 377/374/380 354/351/356
f 354/351/356 377/374/380 355/352/357
f 385/382/388 380/377/383 381/378/384
f 381/378/384 382/379/385 385/382/388
f 386/383/389 387/384/390 388/385/391
f 387/384/390 386/383/389 383/380/386
f 382/379/385 383/380/386 386/383/389
f 385/382/388 382/379/385 386/383/389
f 386/383/389 388/385/391 385/382/388
f 385/382/388 388/385/391 389/386/392
f 390/387/393 389/386/392 388/385/391
f 390/387/393 388/385/391 391/388/394
f 387/384/390 391/388/394 388/385/391
f 387/384/390 392/389/395 391/388/394
f 387/384/390 393/390/396 392/389/395
f 393/390/396 387/384/390 383/380/386
f 393/390/396 383/380/386 394/391/397
f 394/391/397 383/380/386 384/381/387
f 394/391/397 384/381/387 395/392/398
f 395/392/398 384/381/387 396/393/399
f 384/381/387 354/351/356 396/393/399
f 396/393/399 354/351/356 358/355/360
f 396/393/399 358/355/360 397/394/400
f 397/394/400 358/355/360 359/356/361
f 397/394/400 359/356/361 398/395/401
f 395/392/398 396/393/399 399/396/402
f 399/396/402 396/393/399 397/394/400
f 399/396/402 397/394/400 400/397/403
f 400/397/403 397/394/400 398/395/401
f 400/397/403 398/395/401 401/398/404
f 401/398/404 398/395/401 402/399/405
f 401/398/404 402/399/405 403/400/406
f 403/400/406 402/399/405 404/401/407
f 403/400/406 404/401/407 405/402/408
f 405/402/408 404/401/407 406/403/409
f 405/402/408 406/403/409 407/404/410
f 407/404/410 406/403/409 408/405/411
f 407/404/410 408/405/411 409/406/412
f 407/404/410 409/406/412 410/407/413
f 407/404/410 410/407/413 411/408/414
f 411/408/414 405/402/408 407/404/410
f 398/395/401 359/356/361 360/357/362
f 398/395/401 360/357/362 402/399/405
f 402/399/405 360/357/362 361/358/363
f 402/399/405 361/358/363 404/401/407
f 404/401/407 361/358/363 353/350/355
f 404/401/407 353/350/355 406/403/409
f 406/403/409 353/350/355 350/347/352
f 406/403/409 350/347/352 408/405/411
f 349/346/351 408/405/411 350/347/352
f 409/406/412 408/405/411 349/346/351
f 409/406/412 349/346/351 412/409/415
f 410/407/413 409/406/412 412/409/415
f 201/200/201 410/407/413 412/409/415
f 201/200/201 412/409/415 413/410/416
f 201/200/201 413/410/416 199/198/199
f 412/409/415 199/198/199 413/410/416
f 412/409/415 349/346/351 199/198/199
f 349/346/351 194/193/194 199/198/199
f 414/411/417 415/412/418 416/413/419
f 414/411/417 417/414/420 415/412/418
f 294/293/296 414/411/417 293/292/295
f 414/411/417 294/293/296 417/414/420
f 418/415/421 417/414/420 294/293/296
f 419/416/422 417/414/420 418/415/421
f 420/417/423 417/414/420 419/416/422
f 420/417/423 415/412/418 417/414/420
f 421/418/424 415/412/418 420/417/423
f 421/418/424 416/413/419 415/412/418
f 422/419/425 416/413/419 421/418/424
f 293/292/295 414/411/417 298/297/300
f 416/413/419 298/297/300 414/411/417
f 416/413/419 371/368/374 298/297/300
f 422/419/425 371/368/374 416/413/419
f 423/420/426 371/368/374 422/419/425
f 421/418/424 423/420/426 422/419/425
f 421/418/424 424/421/427 423/420/426
f 420/417/423 424/421/427 421/418/424
f 420/417/423 425/422/428 424/421/427
f 420/417/423 426/423/429 425/422/428
f 419/416/422 426/423/429 420/417/423
f 419/416/422 427/424/430 426/423/429
f 428/425/431 427/424/430 419/416/422
f 419/416/422 418/415/421 428/425/431
f 428/425/431 418/415/421 429/426/432
f 429/426/432 418/415/421 294/293/296
f 294/293/296 81/80/79 429/426/432
f 294/293/296 82/81/80 81/80/79
f 430/427/433 431/428/434 432/429/435
f 430/427/433 433/430/436 431/428/434
f 433/430/436 430/427/433 434/431/437
f 433/430/436 434/431/437 435/432/438
f 435/432/438 434/431/437 436/433/439
f 435/432/438 436/433/439 437/434/440
f 437/434/440 436/433/439 438/435/441
f 438/435/441 81/80/79 437/434/440
f 439/436/442 81/80/79 438/435/441
f 439/436/442 429/426/432 81/80/79
f 428/425/431 429/426/432 439/436/442
f 439/436/442 440/437/443 428/425/431
f 428/425/431 440/437/443 427/424/430
f 439/436/442 441/438/444 440/437/443
f 438/435/441 441/438/444 439/436/442
f 438/435/441 436/433/439 441/438/444
f 364/361/445 431/428/434 363/360/446
f 433/430/436 363/360/446 431/428/434
f 433/430/436 362/359/447 363/360/446
f 435/432/438 362/359/447 433/430/436
f 435/432/438 104/103/102 362/359/447
f 437/434/440 104/103/102 435/432/438
f 104/103/102 437/434/440 81/80/79
f 364/361/445 442/439/448 431/428/434
f 443/440/449 442/439/448 364/361/445
f 443/440/449 364/361/445 365/362/450
f 443/440/449 365/362/450 367/364/451
f 443/440/449 367/364/451 444/441/452
f 444/441/452 367/364/451 369/366/372
f 444/441/452 369/366/372 445/442/453
f 445/442/453 369/366/372 371/368/374
f 445/442/453 371/368/374 423/420/426
f 445/442/453 423/420/426 446/443/454
f 445/442/453 446/443/454 444/441/452
f 444/441/452 446/443/454 447/444/455
f 444/441/452 447/444/455 448/445/456
f 444/441/452 448/445/456 443/440/449
f 449/446/457 443/440/449 448/445/456
f 449/446/457 442/439/448 443/440/449
f 442/439/448 449/446/457 432/429/435
f 442/439/448 432/429/435 431/428/434
f 450/339/458 55/54/53 54/53/52
f 450/339/458 451/447/459 55/54/53
f 451/447/459 57/56/55 55/54/53
f 451/447/459 452/448/460 57/56/55
f 452/448/460 59/58/57 57/56/55
f 72/71/70 59/58/57 452/448/460
f 72/71/70 452/448/460 453/449/461
f 80/79/78 72/71/70 453/449/461
f 454/341/462 80/79/78 453/449/461
f 454/341/462 70/69/68 80/79/78
f 454/341/462 455/450/463 70/69/68
f 69/68/67 70/69/68 455/450/463
f 454/341/462 453/449/461 456/451/464
f 450/339/458 456/451/464 453/449/461
f 450/339/458 453/449/461 451/447/459
f 451/447/459 453/449/461 452/448/460
f 457/452/465 458/453/466 459/454/467
f 460/455/468 459/454/467 458/453/466
f 458/453/466 461/456/469 460/455/468
f 462/457/470 463/458/471 464/459/472
f 465/460/473 464/459/472 463/458/471
f 465/460/473 463/458/471 466/461/474
f 466/461/474 467/462/475 465/460/473
f 466/461/474 468/463/476 467/462/475
f 469/464/477 467/462/475 468/463/476
f 469/464/477 468/463/476 470/465/478
f 457/452/465 469/464/477 470/465/478
f 457/452/465 470/465/478 471/466/479
f 457/452/465 471/466/479 458/453/466
f 458/453/466 471/466/479 472/467/480
f 461/456/469 458/453/466 472/467/480
f 472/467/480 473/468/481 461/456/469
f 474/469/482 473/468/481 472/467/480
f 472/467/480 475/470/483 474/469/482
f 476/471/484 474/469/482 475/470/483
f 475/470/483 477/472/485 476/471/484
f 478/473/486 476/471/484 477/472/485
f 471/466/479 470/465/478 479/474/487
f 470/465/478 480/475/488 479/474/487
f 470/465/478 468/463/476 480/475/488
f 479/474/487 480/475/488 481/476/489
f 479/474/487 481/476/489 482/477/490
f 483/478/491 484/479/492 485/480/493
f 482/477/490 483/478/491 485/480/493
f 486/481/494 482/477/490 485/480/493
f 479/474/487 482/477/490 486/481/494
f 486/481/494 487/482/495 479/474/487
f 471/466/479 479/474/487 487/482/495
f 487/482/495 472/467/480 471/466/479
f 475/470/483 472/467/480 487/482/495
f 475/470/483 487/482/495 488/483/496
f 488/483/496 477/472/485 475/470/483
f 488/483/496 489/484/497 477/472/485
f 489/484/497 490/485/498 477/472/485
f 489/484/497 491/486/499 490/485/498
f 490/485/498 491/486/499 492/487/500
f 493/488/501 494/489/502 489/484/497
f 493/488/501 489/484/497 488/483/496
f 488/483/496 495/490/503 493/488/501
f 488/483/496 487/482/495 495/490/503
f 495/490/503 487/482/495 486/481/494
f 486/481/494 485/480/493 495/490/503
f 495/490/503 485/480/493 493/488/501
f 484/479/492 496/491/504 485/480/493
f 496/491/504 493/488/501 485/480/493
f 496/491/504 497/492/505 493/488/501
f 493/488/501 497/492/505 498/493/506
f 493/488/501 498/493/506 494/489/502
f 494/489/502 498/493/506 499/494/507
f 499/494/507 489/484/497 494/489/502
f 499/494/507 491/486/499 489/484/497
f 496/491/504 500/495/508 497/492/505
f 197/196/197 498/493/506 501/496/509
f 501/496/509 498/493/506 497/492/505
f 497/492/505 502/497/510 501/496/509
f 497/492/505 500/495/508 502/497/510
f 189/188/189 502/497/510 500/495/508
f 189/188/189 500/495/508 496/491/504
f 496/491/504 188/187/188 189/188/189
f 188/187/188 496/491/504 484/479/492
f 188/187/188 484/479/492 187/186/187
f 187/186/187 484/479/492 195/194/195
f 503/498/511 195/194/195 484/479/492
f 503/498/511 200/199/200 195/194/195
f 503/498/511 504/499/512 200/199/200
f 201/200/201 200/199/200 504/499/512
f 201/200/201 504/499/512 505/500/513
f 505/500/513 506/501/514 201/200/201
f 507/502/515 506/501/514 505/500/513
f 507/502/515 508/503/516 506/501/514
f 506/501/514 410/407/413 201/200/201
f 190/189/190 502/497/510 189/188/189
f 193/192/193 502/497/510 190/189/190
f 193/192/193 501/496/509 502/497/510
f 197/196/197 501/496/509 193/192/193
f 509/504/517 510/505/518 511/506/519
f 511/506/519 512/507/520 509/504/517
f 512/507/520 513/508/521 509/504/517
f 512/507/520 514/509/522 513/508/521
f 512/507/520 515/510/523 514/509/522
f 514/509/522 515/510/523 516/511/524
f 517/512/525 516/511/524 515/510/523
f 518/513/526 516/511/524 517/512/525
f 518/513/526 517/512/525 519/514/527
f 519/514/527 520/515/528 518/513/526
f 507/502/515 520/515/528 519/514/527
f 507/502/515 521/516/529 520/515/528
f 505/500/513 521/516/529 507/502/515
f 505/500/513 504/499/512 521/516/529
f 522/517/530 521/516/529 504/499/512
f 522/517/530 504/499/512 503/498/511
f 503/498/511 484/479/492 522/517/530
f 522/517/530 484/479/492 483/478/491
f 511/506/519 523/518/531 512/507/520
f 512/507/520 523/518/531 515/510/523
f 524/519/532 515/510/523 523/518/531
f 517/512/525 515/510/523 524/519/532
f 524/519/532 519/514/527 517/512/525
f 519/514/527 508/503/516 507/502/515
f 519/514/527 525/520/533 508/503/516
f 524/519/532 525/520/533 519/514/527
f 526/521/534 525/520/533 524/519/532
f 524/519/532 523/518/531 526/521/534
f 527/522/535 526/521/534 523/518/531
f 527/522/535 523/518/531 511/506/519
f 511/506/519 528/523/536 527/522/535
f 511/506/519 510/505/518 528/523/536
f 529/524/537 528/523/536 510/505/518
f 529/524/537 510/505/518 530/525/538
f 530/525/538 510/505/518 531/526/539
f 531/526/539 510/505/518 509/504/517
f 531/526/539 509/504/517 532/527/540
f 532/527/540 509/504/517 513/508/521
f 533/528/541 532/527/540 513/508/521
f 533/528/541 513/508/521 462/457/470
f 462/457/470 464/459/472 533/528/541
f 534/529/542 528/523/536 529/524/537
f 535/530/543 536/531/544 534/529/542
f 534/529/542 536/531/544 528/523/536
f 527/522/535 528/523/536 536/531/544
f 537/532/545 535/530/543 538/533/546
f 537/532/545 539/534/547 535/530/543
f 535/530/543 539/534/547 536/531/544
f 540/535/548 536/531/544 539/534/547
f 527/522/535 536/531/544 540/535/548
f 540/535/548 526/521/534 527/522/535
f 540/535/548 541/536/549 526/521/534
f 526/521/534 541/536/549 525/520/533
f 542/537/550 525/520/533 541/536/549
f 542/537/550 508/503/516 525/520/533
f 506/501/514 508/503/516 542/537/550
f 506/501/514 542/537/550 543/538/551
f 506/501/514 543/538/551 544/539/552
f 544/539/552 543/538/551 539/534/547
f 544/539/552 539/534/547 537/532/545
f 537/532/545 506/501/514 544/539/552
f 537/532/545 545/540/553 506/501/514
f 506/501/514 545/540/553 410/407/413
f 540/535/548 539/534/547 543/538/551
f 543/538/551 541/536/549 540/535/548
f 543/538/551 542/537/550 541/536/549
f 538/533/546 545/540/553 537/532/545
f 538/533/546 546/541/554 545/540/553
f 546/541/554 547/542/555 548/543/556
f 411/408/414 410/407/413 545/540/553
f 545/540/553 546/541/554 411/408/414
f 549/544/557 411/408/414 546/541/554
f 546/541/554 548/543/556 549/544/557
f 549/544/557 548/543/556 401/398/404
f 548/543/556 400/397/403 401/398/404
f 548/543/556 547/542/555 400/397/403
f 399/396/402 400/397/403 547/542/555
f 547/542/555 395/392/398 399/396/402
f 549/544/557 401/398/404 403/400/406
f 403/400/406 411/408/414 549/544/557
f 403/400/406 405/402/408 411/408/414
f 550/545/558 551/546/559 552/547/560
f 553/548/561 552/547/560 551/546/559
f 553/548/561 551/546/559 534/529/542
f 534/529/542 551/546/559 554/549/562
f 534/529/542 554/549/562 535/530/543
f 535/530/543 554/549/562 555/550/563
f 538/533/546 535/530/543 555/550/563
f 538/533/546 555/550/563 556/551/564
f 556/551/564 546/541/554 538/533/546
f 556/551/564 557/552/565 546/541/554
f 547/542/555 546/541/554 557/552/565
f 557/552/565 558/553/566 547/542/555
f 547/542/555 558/553/566 395/392/398
f 394/391/397 395/392/398 558/553/566
f 393/390/396 394/391/397 558/553/566
f 393/390/396 558/553/566 392/389/395
f 392/389/395 558/553/566 557/552/565
f 392/389/395 557/552/565 559/554/567
f 560/555/568 555/550/563 554/549/562
f 556/551/564 555/550/563 560/555/568
f 556/551/564 560/555/568 561/556/569
f 561/556/569 557/552/565 556/551/564
f 561/556/569 559/554/567 557/552/565
f 561/556/569 562/557/570 559/554/567
f 561/556/569 560/555/568 562/557/570
f 563/558/571 562/557/570 560/555/568
f 560/555/568 554/549/562 563/558/571
f 563/558/571 554/549/562 551/546/559
f 563/558/571 551/546/559 550/545/558
f 550/545/558 564/559/572 563/558/571
f 550/545/558 565/560/573 564/559/572
f 566/561/574 564/559/572 565/560/573
f 565/560/573 567/562/575 566/561/574
f 566/561/574 567/562/575 568/563/576
f 569/564/577 568/563/576 567/562/575
f 569/564/577 570/565/578 568/563/576
f 569/564/577 571/566/579 570/565/578
f 572/567/580 570/565/578 571/566/579
f 572/567/580 571/566/579 573/568/581
f 573/568/581 574/569/582 572/567/580
f 563/558/571 564/559/572 562/557/570
f 575/570/583 562/557/570 564/559/572
f 390/387/393 562/557/570 575/570/583
f 390/387/393 559/554/567 562/557/570
f 390/387/393 392/389/395 559/554/567
f 391/388/394 392/389/395 390/387/393
f 566/561/574 576/571/584 564/559/572
f 575/570/583 564/559/572 576/571/584
f 576/571/584 577/572/585 575/570/583
f 575/570/583 577/572/585 390/387/393
f 577/572/585 389/386/392 390/387/393
f 578/573/586 579/574/587 580/575/588
f 572/567/580 579/574/587 578/573/586
f 578/573/586 570/565/578 572/567/580
f 581/576/589 582/577/590 583/578/591
f 584/579/592 583/578/591 582/577/590
f 585/580/593 583/578/591 584/579/592
f 584/579/592 385/382/388 585/580/593
f 385/382/388 389/386/392 585/580/593
f 585/580/593 389/386/392 583/578/591
f 577/572/585 583/578/591 389/386/392
f 581/576/589 583/578/591 577/572/585
f 576/571/584 581/576/589 577/572/585
f 586/581/594 581/576/589 576/571/584
f 586/581/594 576/571/584 566/561/574
f 566/561/574 568/563/576 586/581/594
f 586/581/594 568/563/576 570/565/578
f 586/581/594 570/565/578 582/577/590
f 578/573/586 582/577/590 570/565/578
f 584/579/592 582/577/590 578/573/586
f 578/573/586 580/575/588 584/579/592
f 584/579/592 580/575/588 385/382/388
f 385/382/388 580/575/588 380/377/383
f 580/575/588 379/376/382 380/377/383
f 586/581/594 582/577/590 581/576/589
f 572/567/580 574/569/582 579/574/587
f 587/582/595 579/574/587 574/569/582
f 580/575/588 579/574/587 587/582/595
f 588/583/596 580/575/588 587/582/595
f 588/583/596 379/376/382 580/575/588
f 379/376/382 588/583/596 295/294/297
f 290/289/292 295/294/297 588/583/596
f 290/289/292 588/583/596 589/584/597
f 589/584/597 286/285/288 290/289/292
f 590/585/598 286/285/288 589/584/597
f 591/586/599 286/285/288 590/585/598
f 590/585/598 592/587/600 591/586/599
f 591/586/599 592/587/600 593/588/601
f 593/588/601 592/587/600 594/589/602
f 594/589/602 271/270/270 593/588/601
f 594/589/602 595/590/603 271/270/270
f 272/271/271 271/270/270 595/590/603
f 595/590/603 273/272/272 272/271/271
f 590/585/598 596/591/604 592/587/600
f 588/583/596 587/582/595 589/584/597
f 587/582/595 597/592/605 589/584/597
f 590/585/598 589/584/597 597/592/605
f 598/593/606 590/585/598 597/592/605
f 598/593/606 596/591/604 590/585/598
f 599/594/607 596/591/604 598/593/606
f 599/594/607 600/595/608 596/591/604
f 600/595/608 592/587/600 596/591/604
f 600/595/608 601/596/609 592/587/600
f 286/285/288 288/287/290 287/286/289
f 286/285/288 591/586/599 288/287/290
f 591/586/599 593/588/601 288/287/290
f 593/588/601 271/270/270 288/287/290
f 602/597/610 595/590/603 594/589/602
f 594/589/602 592/587/600 602/597/610
f 603/598/611 602/597/610 592/587/600
f 603/598/611 592/587/600 601/596/609
f 604/599/612 603/598/611 601/596/609
f 601/596/609 605/600/613 604/599/612
f 606/601/614 605/600/613 601/596/609
f 601/596/609 600/595/608 606/601/614
f 607/602/615 606/601/614 600/595/608
f 600/595/608 599/594/607 607/602/615
f 607/602/615 599/594/607 608/603/616
f 598/593/606 608/603/616 599/594/607
f 598/593/606 609/604/617 608/603/616
f 597/592/605 609/604/617 598/593/606
f 597/592/605 610/605/618 609/604/617
f 597/592/605 587/582/595 610/605/618
f 610/605/618 587/582/595 611/606/619
f 587/582/595 574/569/582 611/606/619
f 608/603/616 612/607/620 607/602/615
f 611/606/619 609/604/617 610/605/618
f 613/608/621 609/604/617 611/606/619
f 611/606/619 614/609/622 613/608/621
f 614/609/622 615/610/623 613/608/621
f 616/611/624 615/610/623 614/609/622
f 609/604/617 617/612/625 618/613/626
f 609/604/617 613/608/621 617/612/625
f 613/608/621 619/614/627 617/612/625
f 613/608/621 615/610/623 619/614/627
f 620/615/628 619/614/627 615/610/623
f 620/615/628 615/610/623 616/611/624
f 616/611/624 621/616/629 620/615/628
f 618/613/626 608/603/616 609/604/617
f 622/617/630 608/603/616 618/613/626
f 612/607/620 608/603/616 622/617/630
f 622/617/630 623/618/631 612/607/620
f 624/619/632 623/618/631 622/617/630
f 622/617/630 625/620/633 624/619/632
f 625/620/633 622/617/630 618/613/626
f 625/620/633 618/613/626 626/621/634
f 618/613/626 627/622/477 626/621/634
f 618/613/626 617/612/625 627/622/477
f 617/612/625 628/623/475 627/622/477
f 617/612/625 619/614/627 628/623/475
f 629/624/635 628/623/475 619/614/627
f 629/624/635 619/614/627 620/615/628
f 620/615/628 630/625/636 629/624/635
f 620/615/628 621/616/629 630/625/636
f 631/626/637 630/625/636 621/616/629
f 611/606/619 574/569/582 614/609/622
f 573/568/581 614/609/622 574/569/582
f 616/611/624 614/609/622 573/568/581
f 573/568/581 632/627/638 616/611/624
f 616/611/624 632/627/638 621/616/629
f 633/628/639 621/616/629 632/627/638
f 631/626/637 621/616/629 633/628/639
f 633/628/639 634/629/640 631/626/637
f 633/628/639 635/630/641 634/629/640
f 634/629/640 635/630/641 636/631/642
f 636/631/642 635/630/641 569/564/577
f 636/631/642 569/564/577 637/632/643
f 569/564/577 567/562/575 637/632/643
f 567/562/575 638/633/644 637/632/643
f 565/560/573 638/633/644 567/562/575
f 639/634/645 638/633/644 565/560/573
f 639/634/645 565/560/573 550/545/558
f 550/545/558 552/547/560 639/634/645
f 634/629/640 636/631/642 640/635/646
f 552/547/560 640/635/646 636/631/642
f 639/634/645 552/547/560 636/631/642
f 636/631/642 638/633/644 639/634/645
f 636/631/642 637/632/643 638/633/644
f 552/547/560 641/636/647 640/635/646
f 641/636/647 552/547/560 553/548/561
f 642/637/648 571/566/579 569/564/577
f 642/637/648 569/564/577 635/630/641
f 642/637/648 635/630/641 633/628/639
f 633/628/639 632/627/638 642/637/648
f 642/637/648 632/627/638 571/566/579
f 573/568/581 571/566/579 632/627/638
f 643/638/649 274/273/273 273/272/272
f 281/280/283 274/273/273 643/638/649
f 281/280/283 275/274/274 274/273/273
f 644/639/650 277/276/279 281/280/283
f 644/639/650 278/277/280 277/276/279
f 595/590/603 645/640/651 273/272/272
f 643/638/649 273/272/272 645/640/651
f 645/640/651 646/641/652 643/638/649
f 643/638/649 646/641/652 281/280/283
f 647/642/653 281/280/283 646/641/652
f 647/642/653 644/639/650 281/280/283
f 644/639/650 647/642/653 648/643/654
f 648/643/654 278/277/280 644/639/650
f 648/643/654 279/278/281 278/277/280
f 649/644/655 279/278/281 648/643/654
f 649/644/655 280/279/282 279/278/281
f 492/487/500 280/279/282 649/644/655
f 650/645/656 280/279/282 492/487/500
f 492/487/500 491/486/499 650/645/656
f 651/646/657 650/645/656 491/486/499
f 651/646/657 491/486/499 499/494/507
f 197/196/197 651/646/657 499/494/507
f 197/196/197 499/494/507 498/493/506
f 203/202/203 280/279/282 198/197/198
f 650/645/656 198/197/198 280/279/282
f 651/646/657 198/197/198 650/645/656
f 197/196/197 198/197/198 651/646/657
f 477/472/485 490/485/498 478/473/486
f 478/473/486 490/485/498 652/647/658
f 490/485/498 492/487/500 652/647/658
f 649/644/655 652/647/658 492/487/500
f 652/647/658 649/644/655 648/643/654
f 652/647/658 648/643/654 647/642/653
f 652/647/658 647/642/653 653/648/659
f 653/648/659 647/642/653 646/641/652
f 646/641/652 654/649/660 653/648/659
f 604/599/612 654/649/660 646/641/652
f 646/641/652 603/598/611 604/599/612
f 646/641/652 602/597/610 603/598/611
f 646/641/652 645/640/651 602/597/610
f 595/590/603 602/597/610 645/640/651
f 653/648/659 655/650/661 652/647/658
f 652/647/658 655/650/661 478/473/486
f 516/511/524 518/513/526 656/651/662
f 516/511/524 656/651/662 657/652/663
f 514/509/522 516/511/524 657/652/663
f 658/653/664 514/509/522 657/652/663
f 657/652/663 659/654/665 658/653/664
f 657/652/663 656/651/662 659/654/665
f 660/655/666 659/654/665 656/651/662
f 660/655/666 656/651/662 661/656/667
f 661/656/667 656/651/662 518/513/526
f 661/656/667 518/513/526 662/657/668
f 662/657/668 518/513/526 520/515/528
f 662/657/668 520/515/528 663/658/669
f 663/658/669 520/515/528 521/516/529
f 663/658/669 521/516/529 522/517/530
f 522/517/530 483/478/491 663/658/669
f 663/658/669 483/478/491 482/477/490
f 663/658/669 482/477/490 662/657/668
f 662/657/668 482/477/490 481/476/489
f 662/657/668 481/476/489 661/656/667
f 661/656/667 481/476/489 480/475/488
f 661/656/667 480/475/488 660/655/666
f 660/655/666 480/475/488 468/463/476
f 660/655/666 468/463/476 466/461/474
f 466/461/474 659/654/665 660/655/666
f 466/461/474 463/458/471 659/654/665
f 658/653/664 659/654/665 463/458/471
f 658/653/664 463/458/471 462/457/470
f 462/457/470 514/509/522 658/653/664
f 462/457/470 513/508/521 514/509/522
o obj4
v -0.057918 1.220853 0.009248
v -0.056219 1.221852 0.011614
v -0.055933 1.219558 0.008754
v -0.052431 1.221298 0.011015
v -0.051267 1.213956 0.009473
v -0.052925 1.221748 0.014160
v -0.046958 1.223225 0.015675
v -0.049427 1.223812 0.017818
v -0.046349 1.223889 0.018993
v -0.031378 1.225986 0.018110
v -0.031551 1.227092 0.021437
v -0.041792 1.215598 0.015454
v -0.029824 1.216473 0.017273
v -0.049344 1.225375 -0.017043
v -0.047013 1.224497 -0.013856
v -0.046446 1.225166 -0.017740
v -0.053066 1.222397 -0.013648
v -0.052342 1.221567 -0.010675
v -0.056164 1.221618 -0.011379
v -0.055991 1.219968 -0.008479
v -0.057931 1.220983 -0.008880
v -0.051287 1.213932 -0.006815
v -0.041795 1.215603 -0.014314
v -0.029824 1.216475 -0.016650
v -0.031437 1.226236 -0.015917
v -0.031537 1.226987 -0.020813
v -0.061819 1.223597 -0.011149
v -0.060210 1.223969 -0.012669
v -0.059720 1.224891 -0.010586
v -0.049789 1.227788 -0.017877
v -0.034224 1.228616 -0.020478
v -0.034247 1.228736 -0.016465
v -0.049725 1.226194 -0.013919
v -0.035908 1.237504 -0.016603
v -0.048838 1.235848 -0.014043
v -0.060359 1.233841 -0.009131
v -0.055595 1.224582 -0.011785
v -0.056301 1.225016 -0.015197
v -0.051945 1.226143 -0.016785
v -0.017319 1.244165 0.000335
v -0.011056 1.226059 0.000335
v -0.017319 1.244165 0.020916
v -0.050578 1.237829 -0.014369
v -0.048255 1.238132 -0.019716
v -0.052527 1.237379 -0.008764
v -0.053725 1.237084 -0.003801
v -0.054225 1.236980 0.000337
v -0.053727 1.237087 0.004105
v -0.052949 1.237263 0.008446
v -0.011211 1.227211 -0.023080
v -0.012927 1.211181 -0.019384
v -0.017319 1.244165 -0.020201
v -0.044684 1.224123 -0.022047
v -0.042315 1.207258 -0.018170
v -0.012848 1.210588 0.000335
v -0.011274 1.227670 0.024536
v -0.048245 1.238010 0.020475
v -0.050724 1.237647 0.014391
v -0.065996 1.223070 0.010186
v -0.067467 1.223084 0.006128
v -0.067721 1.222975 0.003109
v -0.068008 1.222852 -0.000307
v -0.067713 1.222982 -0.003763
v -0.065111 1.223062 0.014379
v -0.059862 1.223616 0.020750
v -0.044850 1.224533 0.023512
v -0.048195 1.205453 0.000338
v -0.047660 1.205601 0.005002
v -0.047664 1.205618 -0.004196
v -0.046372 1.205860 -0.008452
v -0.044604 1.206329 -0.013083
v -0.067460 1.223094 -0.006741
v -0.066327 1.223081 -0.010342
v -0.065314 1.223070 -0.014434
v -0.059839 1.223647 -0.020989
v -0.065117 1.223086 -0.014434
v -0.066154 1.223113 -0.010255
v -0.067255 1.223141 -0.006741
v -0.067501 1.223041 -0.003817
v -0.067797 1.222921 -0.000307
v -0.067518 1.223031 0.003052
v -0.067262 1.223132 0.006128
v -0.045970 1.205952 0.010791
v -0.065836 1.223098 0.010078
v -0.064915 1.223075 0.014379
v -0.044043 1.206541 0.015828
v -0.042313 1.207249 0.019591
v -0.013046 1.211065 0.021000
v -0.066254 1.233251 0.000360
v -0.065771 1.222137 -0.000233
v -0.065946 1.224844 0.000360
v -0.064864 1.222308 -0.006144
v -0.064819 1.222963 -0.006540
v -0.065752 1.233137 -0.007424
v -0.063016 1.222617 -0.009213
v -0.062409 1.233778 -0.012774
v -0.057837 1.234507 -0.016180
v -0.049423 1.235872 -0.018419
v -0.035915 1.237545 -0.021028
v -0.061499 1.220460 0.005587
v -0.058926 1.212548 0.000526
v -0.057641 1.212723 0.008050
v -0.062417 1.219816 0.000447
v -0.062677 1.220556 0.000865
v -0.061656 1.220665 0.005251
v -0.049411 1.235714 0.019803
v -0.034226 1.228602 0.021043
v -0.035915 1.237546 0.021588
v -0.049350 1.226420 0.019212
v -0.057833 1.234529 0.017069
v -0.052151 1.225538 0.017488
v -0.056222 1.224747 0.016002
v -0.062385 1.233799 0.013481
v -0.059963 1.222499 0.013418
v -0.061466 1.222958 0.011613
v -0.065409 1.233424 0.008138
v -0.062411 1.222145 0.010113
v -0.064362 1.222554 0.007359
v -0.064658 1.222031 0.006963
v -0.065771 1.222141 0.000306
v -0.065946 1.224844 0.000360
v -0.066254 1.233251 0.000360
v -0.055808 1.225031 0.012810
v -0.049730 1.225342 0.015040
v -0.059334 1.224853 0.010759
v -0.060358 1.233868 0.010147
v -0.048824 1.235688 0.014852
v -0.035908 1.237504 0.017268
v -0.034079 1.227474 0.017112
v -0.059535 1.221185 0.008202
v -0.061499 1.220460 0.005587
v -0.057641 1.212723 0.008050
v -0.054202 1.213403 0.011574
v -0.048617 1.214498 0.015097
v -0.042342 1.215571 0.019387
v -0.029821 1.216465 0.021438
v -0.042344 1.215574 -0.018246
v -0.029822 1.216467 -0.020814
v -0.048626 1.214505 -0.015172
v -0.054201 1.213421 -0.011183
v -0.057704 1.212795 -0.007213
v -0.059578 1.221269 -0.008499
v -0.061815 1.220623 -0.004610
v -0.062031 1.220853 -0.004197
v -0.062676 1.220550 0.000409
v -0.062417 1.219816 0.000447
v -0.058926 1.212548 0.000526
vn -0.7480 0.3477 -0.5654
vn -0.7807 0.0155 -0.6247
vn -0.2813 0.4909 -0.8245
vn -0.9659 -0.1960 -0.1690
vn -0.9106 -0.1253 -0.3939
vn -0.9106 -0.1253 -0.3938
vn -0.9748 -0.1464 -0.1682
vn -0.9359 -0.1499 -0.3188
vn -0.9359 -0.1500 -0.3188
vn -0.2348 0.3071 -0.9222
vn -0.1161 0.1375 -0.9837
vn -0.8529 -0.2807 0.4403
vn -0.8529 -0.2807 0.4402
vn -0.9843 -0.0887 0.1527
vn -0.8973 -0.3002 0.3236
vn -0.8644 -0.0799 0.4965
vn -0.8644 -0.0800 0.4964
vn -0.3371 0.1014 0.9360
vn -0.8262 0.3392 0.4497
vn -0.3655 0.2625 0.8931
vn -0.1797 0.3858 0.9049
vn -0.0037 0.1621 0.9868
vn -0.9843 -0.0888 0.1526
vn -0.9843 -0.0888 0.1527
vn 0.8502 0.4517 0.2704
vn 0.8502 0.4516 0.2705
vn 0.9173 0.0462 0.3956
vn 0.9233 0.0902 -0.3733
vn 0.9979 0.0581 0.0302
vn 0.9978 0.0582 0.0301
vn 0.9699 0.2005 -0.1380
vn -0.0197 0.1750 0.9844
vn 0.0151 0.2970 0.9548
vn 0.0809 0.3419 0.9363
vn 0.9173 0.0463 0.3956
vn 0.9699 0.2005 -0.1381
vn 0.9819 0.1895 0.0035
vn 0.1122 -0.9937 0.0012
vn 0.9807 0.1953 -0.0000
vn 0.8478 0.5136 0.1320
vn 0.7288 0.3787 0.5704
vn 0.8496 0.5166 0.1063
vn 0.8521 0.5215 0.0449
vn 0.8495 0.5275 0.0060
vn 0.8278 0.5596 -0.0405
vn 0.8441 0.5224 -0.1207
vn 0.1898 -0.9818 0.0007
vn -0.9909 -0.1310 0.0302
vn 0.9820 0.1891 -0.0023
vn -0.0015 0.0474 0.9989
vn -0.7081 0.1557 0.6888
vn -0.9888 -0.1494 -0.0011
vn 0.0402 -0.9992 -0.0047
vn 0.6883 0.4203 -0.5913
vn 0.8729 0.4704 -0.1296
vn 0.6821 0.6983 -0.2172
vn 0.6956 0.7067 -0.1293
vn 0.7025 0.7108 -0.0345
vn 0.6993 0.7144 -0.0249
vn 0.7018 0.7109 0.0456
vn 0.6437 0.6901 -0.3308
vn -0.2119 0.5357 -0.8174
vn -0.0600 0.0875 -0.9944
vn -0.9275 0.3732 0.0198
vn -0.8996 0.4261 -0.0952
vn -0.9258 0.3648 0.0991
vn -0.9216 0.3474 0.1733
vn -0.9212 0.3233 0.2167
vn 0.7027 0.7001 0.1267
vn 0.6931 0.6944 0.1935
vn 0.6564 0.6861 0.3135
vn -0.0585 0.4118 0.9094
vn -0.7316 0.5854 0.3494
vn -0.7518 0.6229 0.2165
vn -0.7469 0.6429 0.1696
vn -0.7467 0.6593 0.0888
vn -0.7464 0.6647 -0.0327
vn -0.7453 0.6620 -0.0794
vn -0.7388 0.6497 -0.1791
vn -0.8959 0.4068 -0.1788
vn -0.7414 0.6463 -0.1805
vn -0.7232 0.6115 -0.3210
vn -0.8969 0.3187 -0.3065
vn -0.7785 0.1204 -0.6160
vn -0.9915 -0.1282 -0.0242
vn 0.0652 -0.9976 0.0250
vn 0.0654 -0.9920 -0.1077
vn 0.0651 -0.9976 0.0251
vn 0.0654 -0.9920 -0.1076
vn 0.0971 -0.9372 -0.3350
vn 0.1122 -0.8871 -0.4477
vn 0.1199 -0.8238 -0.5541
vn 0.1363 -0.7753 -0.6168
vn 0.1495 -0.6539 -0.7417
vn 0.1407 -0.5895 -0.7954
vn 0.1503 -0.4674 -0.8712
vn 0.1382 -0.3695 -0.9189
vn 0.1590 -0.3216 -0.9334
vn 0.0948 -0.2505 -0.9635
vn 0.0688 -0.1960 -0.9782
vn 0.0763 -0.1696 -0.9826
vn 0.0687 -0.1961 -0.9782
vn 0.0939 -0.1776 -0.9796
vn 0.3047 -0.8564 0.4167
vn 0.4204 -0.9073 0.0110
vn 0.2239 -0.7610 0.6088
vn 0.4206 -0.9071 0.0127
vn 0.4076 -0.8945 0.1836
vn 0.4075 -0.8946 0.1835
vn 0.0700 -0.1775 0.9816
vn 0.0733 -0.1153 0.9906
vn 0.0829 -0.1197 0.9894
vn 0.1256 -0.2917 0.9482
vn 0.1629 -0.4183 0.8936
vn 0.2002 -0.3833 0.9017
vn 0.1521 -0.4775 0.8653
vn 0.1597 -0.6988 0.6973
vn 0.1453 -0.6583 0.7386
vn 0.1480 -0.8161 0.5586
vn 0.1160 -0.8830 0.4549
vn 0.1479 -0.8162 0.5586
vn 0.1161 -0.8829 0.4549
vn 0.1171 -0.8148 0.5678
vn 0.0937 -0.9247 0.3689
vn 0.0639 -0.9855 0.1573
vn 0.0638 -0.9855 0.1572
vn 0.0652 -0.9976 0.0251
vn 0.7246 0.4276 -0.5404
vn 0.7378 0.3668 -0.5667
vn 0.9938 0.0796 -0.0780
vn 0.9938 0.0796 -0.0779
vn 0.9737 0.1182 0.1948
vn 0.9656 0.0998 0.2403
vn 0.7246 0.4276 -0.5405
vn 0.7245 0.4277 -0.5405
vn 0.0516 0.4128 -0.9094
vn 0.0426 0.2877 -0.9568
vn -0.0020 0.1574 -0.9875
vn 0.9656 0.0997 0.2403
vn 0.9550 0.1042 0.2778
vn 0.1623 -0.6665 0.7276
vn 0.3047 -0.8564 0.4168
vn 0.2239 -0.7611 0.6088
vn 0.1516 -0.6766 0.7206
vn 0.1632 -0.6463 0.7454
vn 0.1677 -0.6884 0.7057
vn 0.2024 -0.5758 0.7922
vn 0.2423 -0.4973 0.8331
vn 0.2841 -0.4813 0.8292
vn 0.1817 -0.3461 0.9205
vn 0.0918 -0.2872 0.9535
vn 0.0271 -0.1585 0.9870
vn 0.0917 -0.2872 0.9535
vn 0.0259 -0.1597 0.9868
vn 0.0275 -0.1581 0.9870
vn 0.0659 -0.2733 -0.9597
vn 0.0325 -0.1983 -0.9796
vn 0.0322 -0.1986 -0.9796
vn 0.1155 -0.2879 -0.9507
vn 0.1620 -0.4548 -0.8757
vn 0.1808 -0.4204 -0.8891
vn 0.1609 -0.5657 -0.8088
vn 0.1675 -0.6606 -0.7318
vn 0.1788 -0.6751 -0.7158
vn 0.1930 -0.6103 -0.7683
vn 0.2810 -0.7312 -0.6216
vn 0.2811 -0.7312 -0.6216
vn 0.2455 -0.5736 -0.7815
vn 0.3465 -0.8724 -0.3447
vn 0.4204 -0.8928 -0.1619
vn 0.4203 -0.8928 -0.1619
vn 0.4203 -0.9073 0.0110
vt 0.103670 0.658220
vt 0.145610 0.680370
vt 0.112830 0.692500
vt 0.175500 0.664510
vt 0.130660 0.934660
vt 0.191720 0.647560
vt 0.253140 0.637750
vt 0.223500 0.688500
vt 0.261370 0.627070
vt 0.406360 0.629720
vt 0.387640 0.609140
vt 0.297710 0.934660
vt 0.411200 0.934660
vt 0.773630 0.678070
vt 0.744720 0.628620
vt 0.738600 0.630840
vt 0.808720 0.651980
vt 0.819950 0.661820
vt 0.853800 0.671980
vt 0.885870 0.686340
vt 0.895840 0.655590
vt 0.869340 0.934660
vt 0.702290 0.934660
vt 0.588800 0.934660
vt 0.588400 0.609140
vt 0.612360 0.609140
vt 0.619570 0.344610
vt 0.651470 0.412740
vt 0.627170 0.312420
vt 0.755380 0.372460
vt 0.878570 0.389830
vt 0.899440 0.389830
vt 0.754480 0.384140
vt 0.899020 0.059020
vt 0.790800 0.059020
vt 0.643530 0.059020
vt 0.689600 0.341310
vt 0.696800 0.350370
vt 0.728790 0.401240
vt 0.500940 0.892660
vt 0.503230 1.009470
vt 0.614710 0.893670
vt 0.458850 0.974840
vt 0.443490 0.969740
vt 0.474090 0.980520
vt 0.486970 0.984200
vt 0.497430 0.985710
vt 0.506980 0.984580
vt 0.518160 0.982650
vt 0.327340 1.000600
vt 0.332280 1.112810
vt 0.382890 0.891640
vt 0.430330 1.061520
vt 0.433260 1.181480
vt 0.501860 1.117760
vt 0.669120 0.999870
vt 0.551680 0.972550
vt 0.534360 0.977680
vt 0.518710 1.091700
vt 0.510600 1.093860
vt 0.504850 1.095500
vt 0.497020 1.096620
vt 0.489080 1.095360
vt 0.529090 1.088880
vt 0.539100 1.085260
vt 0.565900 1.061150
vt 0.496920 1.201760
vt 0.511900 1.200330
vt 0.482380 1.199770
vt 0.468150 1.196360
vt 0.451920 1.190830
vt 0.482860 1.094410
vt 0.474580 1.094130
vt 0.463950 1.092790
vt 0.454470 1.090670
vt 0.464310 1.093160
vt 0.474450 1.094330
vt 0.482860 1.094700
vt 0.488970 1.096340
vt 0.497010 1.097360
vt 0.504970 1.095930
vt 0.510800 1.094320
vt 0.531340 1.196210
vt 0.518910 1.091870
vt 0.528880 1.089400
vt 0.549130 1.190130
vt 0.562960 1.183410
vt 0.665080 1.115730
vt 0.499100 0.057820
vt 0.504910 0.390110
vt 0.499400 0.301510
vt 0.555860 0.387150
vt 0.560470 0.367710
vt 0.576350 0.057820
vt 0.594720 0.396480
vt 0.639780 0.057820
vt 0.706710 0.057820
vt 0.775360 0.057820
vt 0.876460 0.057820
vt 0.051010 0.639350
vt 0.006690 0.935970
vt 0.073350 0.935970
vt 0.006140 0.648690
vt 0.010120 0.615460
vt 0.047030 0.622160
vt 0.224640 0.057820
vt 0.121430 0.389830
vt 0.123540 0.057820
vt 0.241160 0.372730
vt 0.293080 0.057820
vt 0.273800 0.391630
vt 0.302800 0.354440
vt 0.359730 0.057820
vt 0.348130 0.418080
vt 0.379730 0.350400
vt 0.422960 0.057820
vt 0.401120 0.409320
vt 0.440540 0.377340
vt 0.445140 0.396780
vt 0.500110 0.390110
vt 0.499850 0.301510
vt 0.500090 0.057820
vt 0.311760 0.344830
vt 0.247160 0.382440
vt 0.373520 0.310810
vt 0.355800 0.059020
vt 0.209460 0.059020
vt 0.101460 0.059020
vt 0.101040 0.389830
vt 0.068850 0.629130
vt 0.043910 0.639350
vt 0.066240 0.935970
vt 0.126730 0.935970
vt 0.199400 0.935970
vt 0.278930 0.935970
vt 0.387200 0.935970
vt 0.721070 0.935970
vt 0.612800 0.935970
vt 0.800600 0.935970
vt 0.873270 0.935970
vt 0.932270 0.935970
vt 0.923910 0.625610
vt 0.953880 0.632360
vt 0.957660 0.618640
vt 0.995400 0.615460
vt 0.995750 0.648690
vt 0.996550 0.935970
s 1
usemtl mat2
f 664/659/670 665/660/671 666/661/670
f 666/661/670 667/662/671 668/663/672
f 667/662/671 666/661/670 665/660/671
f 665/660/671 669/664/673 667/662/671
f 670/665/674 667/662/671 669/664/673
f 669/664/673 671/666/675 670/665/674
f 671/666/675 672/667/676 670/665/674
f 673/668/677 670/665/674 672/667/676
f 672/667/676 674/669/678 673/668/677
f 667/662/671 670/665/674 668/663/672
f 675/670/679 668/663/672 670/665/674
f 676/671/680 675/670/679 670/665/674
f 670/665/674 673/668/677 676/671/680
f 677/672/681 678/673/682 679/674/683
f 680/675/684 678/673/682 677/672/681
f 678/673/682 680/675/684 681/676/685
f 682/677/686 681/676/685 680/675/684
f 681/676/685 682/677/686 683/678/687
f 684/679/688 683/678/687 682/677/686
f 684/679/688 685/680/689 683/678/687
f 683/678/687 685/680/689 681/676/685
f 681/676/685 685/680/689 678/673/682
f 686/681/690 678/673/682 685/680/689
f 687/682/691 678/673/682 686/681/690
f 678/673/682 687/682/691 688/683/692
f 688/683/692 679/674/683 678/673/682
f 679/674/683 688/683/692 689/684/693
f 690/685/694 691/686/695 692/687/696
f 693/688/697 694/689/698 695/690/699
f 695/690/699 696/691/700 693/688/697
f 696/691/700 695/690/699 697/692/701
f 697/692/701 698/693/702 696/691/700
f 698/693/702 699/694/703 696/691/700
f 700/695/704 696/691/700 699/694/703
f 692/687/696 700/695/704 699/694/703
f 700/695/704 692/687/696 691/686/695
f 691/686/695 701/696/705 700/695/704
f 702/697/705 693/688/697 696/691/700
f 701/696/705 702/697/705 696/691/700
f 696/691/700 700/695/704 701/696/705
f 703/698/706 704/699/707 705/700/708
f 706/701/709 707/702/710 703/698/706
f 708/703/711 706/701/709 703/698/706
f 709/704/712 708/703/711 703/698/706
f 710/705/713 709/704/712 703/698/706
f 703/698/706 711/706/714 710/705/713
f 703/698/706 712/707/715 711/706/714
f 713/708/716 714/709/717 704/699/707
f 704/699/707 703/698/706 713/708/716
f 715/710/718 713/708/716 703/698/706
f 715/710/718 703/698/706 707/702/710
f 707/702/710 716/711/719 715/710/718
f 713/708/716 715/710/718 716/711/719
f 716/711/719 717/712/720 713/708/716
f 714/709/717 713/708/716 717/712/720
f 717/712/720 718/713/721 714/709/717
f 718/713/721 704/699/707 714/709/717
f 704/699/707 718/713/721 719/714/722
f 719/714/722 705/700/708 704/699/707
f 705/700/708 719/714/722 720/715/723
f 720/715/723 703/698/706 705/700/708
f 703/698/706 720/715/723 721/716/724
f 703/698/706 721/716/724 712/707/715
f 721/716/724 722/717/725 712/707/715
f 722/717/725 723/718/726 712/707/715
f 712/707/715 723/718/726 711/706/714
f 723/718/726 724/719/727 711/706/714
f 724/719/727 725/720/728 711/706/714
f 711/706/714 725/720/728 710/705/713
f 725/720/728 726/721/729 710/705/713
f 720/715/723 722/717/725 721/716/724
f 727/722/730 722/717/725 720/715/723
f 727/722/730 720/715/723 728/723/731
f 729/724/732 728/723/731 720/715/723
f 729/724/732 720/715/723 719/714/722
f 718/713/721 730/725/733 731/726/734
f 718/713/721 732/727/735 730/725/733
f 718/713/721 733/728/736 732/727/735
f 718/713/721 734/729/737 733/728/736
f 718/713/721 717/712/720 734/729/737
f 710/705/713 726/721/729 709/704/712
f 726/721/729 735/730/738 709/704/712
f 709/704/712 735/730/738 708/703/711
f 735/730/738 736/731/739 708/703/711
f 708/703/711 736/731/739 706/701/709
f 736/731/739 737/732/740 706/701/709
f 706/701/709 737/732/740 707/702/710
f 737/732/740 738/733/741 707/702/710
f 707/702/710 738/733/741 716/711/719
f 716/711/719 738/733/741 717/712/720
f 738/733/741 739/734/742 717/712/720
f 717/712/720 739/734/742 734/729/737
f 739/734/742 740/735/743 734/729/737
f 734/729/737 740/735/743 733/728/736
f 740/735/743 741/736/744 733/728/736
f 733/728/736 741/736/744 732/727/735
f 741/736/744 742/737/745 732/727/735
f 732/727/735 742/737/745 730/725/733
f 742/737/745 743/738/746 730/725/733
f 730/725/733 743/738/746 731/726/734
f 743/738/746 744/739/747 731/726/734
f 744/739/747 745/740/748 731/726/734
f 731/726/734 745/740/748 746/741/749
f 745/740/748 747/742/750 746/741/749
f 747/742/750 748/743/751 746/741/749
f 746/741/749 748/743/751 749/744/752
f 748/743/751 728/723/731 749/744/752
f 749/744/752 728/723/731 750/745/753
f 729/724/732 750/745/753 728/723/731
f 750/745/753 729/724/732 751/746/754
f 719/714/722 751/746/754 729/724/732
f 751/746/754 719/714/722 718/713/721
f 750/745/753 751/746/754 718/713/721
f 718/713/721 749/744/752 750/745/753
f 718/713/721 746/741/749 749/744/752
f 718/713/721 731/726/734 746/741/749
f 752/747/755 753/748/756 754/749/757
f 752/747/755 755/750/758 753/748/756
f 752/747/755 756/751/759 755/750/758
f 752/747/755 757/752/760 756/751/759
f 758/753/761 756/751/759 757/752/760
f 690/685/762 758/753/761 757/752/760
f 757/752/760 759/754/763 690/685/762
f 691/686/764 690/685/762 759/754/763
f 701/696/765 691/686/764 759/754/763
f 759/754/763 760/755/766 701/696/765
f 702/697/767 701/696/765 760/755/766
f 693/688/768 702/697/767 760/755/766
f 760/755/766 761/756/769 693/688/768
f 694/689/770 693/688/768 761/756/769
f 761/756/771 762/757/772 694/689/770
f 763/758/773 764/759/774 765/760/775
f 763/758/773 766/761/776 764/759/774
f 763/758/773 767/762/777 766/761/776
f 763/758/773 768/763/778 767/762/777
f 769/764/779 770/765/780 771/766/781
f 770/765/780 769/764/779 772/767/782
f 773/768/783 772/767/782 769/764/779
f 772/767/782 773/768/783 774/769/784
f 774/769/784 773/768/783 775/770/785
f 776/771/786 775/770/785 773/768/783
f 775/770/785 776/771/786 777/772/787
f 777/772/787 776/771/786 778/773/788
f 779/774/789 778/773/788 776/771/786
f 778/773/790 779/774/791 780/775/792
f 780/775/792 779/774/791 781/776/793
f 779/774/791 782/777/794 781/776/793
f 779/774/791 783/778/795 782/777/794
f 779/774/791 784/779/755 783/778/795
f 779/774/791 785/780/796 784/779/755
f 777/772/797 786/781/798 775/770/799
f 787/782/800 775/770/799 786/781/798
f 775/770/799 787/782/800 774/769/801
f 774/769/801 787/782/800 772/767/802
f 778/773/803 788/783/804 777/772/797
f 786/781/798 777/772/797 788/783/804
f 788/783/804 789/784/805 786/781/798
f 786/781/798 789/784/805 787/782/800
f 790/785/806 787/782/800 789/784/805
f 791/786/807 787/782/800 790/785/806
f 787/782/800 791/786/807 792/787/808
f 792/787/808 772/767/802 787/782/800
f 772/767/802 792/787/808 770/765/809
f 793/788/810 794/789/811 795/790/812
f 664/659/813 793/788/810 795/790/812
f 795/790/812 796/791/814 664/659/813
f 665/660/815 664/659/813 796/791/814
f 669/664/816 665/660/815 796/791/814
f 796/791/814 797/792/817 669/664/816
f 671/666/818 669/664/816 797/792/817
f 672/667/819 671/666/818 797/792/817
f 797/792/817 798/793/820 672/667/819
f 674/669/821 672/667/819 798/793/820
f 798/793/822 799/794/823 674/669/824
f 800/795/825 689/684/826 801/796/827
f 689/684/826 800/795/825 679/674/828
f 802/797/829 679/674/828 800/795/825
f 679/674/828 802/797/829 677/672/830
f 677/672/830 802/797/829 680/675/831
f 803/798/832 680/675/831 802/797/829
f 680/675/831 803/798/832 682/677/833
f 682/677/833 803/798/832 684/679/834
f 804/799/835 684/679/834 803/798/832
f 684/679/834 804/799/836 805/800/837
f 805/800/837 804/799/836 806/801/838
f 804/799/836 807/802/839 806/801/838
f 804/799/836 808/803/840 807/802/839
f 804/799/836 809/804/841 808/803/840
f 804/799/836 810/805/841 809/804/841
o obj5
v -0.066100 1.281422 0.042879
v -0.066704 1.265193 0.041207
v -0.066520 1.275255 0.043028
v -0.066824 1.260976 0.038236
v -0.066224 1.282450 0.038821
v -0.067004 1.258174 0.033113
v -0.067296 1.257308 0.024835
v -0.067841 1.281582 0.010522
v -0.067610 1.258356 0.016745
v -0.067789 1.277267 0.008772
v -0.067901 1.264797 0.010777
v -0.068536 1.282188 -0.009806
v -0.068651 1.265073 -0.010558
v -0.068382 1.277594 -0.008286
v -0.068689 1.258776 -0.016883
v -0.068640 1.283923 -0.038439
v -0.068722 1.257910 -0.025070
v -0.068834 1.258987 -0.033383
v -0.068753 1.282747 -0.042543
v -0.069052 1.261983 -0.038454
v -0.069172 1.275567 -0.042687
v -0.069244 1.266395 -0.041184
vn -0.0301 -0.9994 0.0147
vn -0.0394 -0.9990 -0.0211
vn -0.0603 -0.9700 -0.2354
vn -0.0290 -0.9994 0.0164
vn -0.0210 -0.9989 0.0426
vn -0.0253 -0.9993 0.0289
vn -0.0121 -0.9990 0.0432
vn -0.0025 -0.9994 0.0348
vn -0.0027 -0.9992 0.0410
vn 0.0079 -1.0000 0.0039
vn -0.0202 -0.9973 0.0704
vn -0.0049 -0.9997 0.0226
vn -0.0065 -1.0000 0.0050
vn -0.0020 -0.9943 0.1068
vn -0.0054 -1.0000 0.0028
vn -0.0097 -0.9998 0.0155
vn -0.0069 -0.9999 0.0073
vn -0.0146 -0.9996 0.0260
vn -0.0185 -0.9987 0.0474
vn -0.0270 -0.9972 0.0693
vn -0.0519 -0.9796 0.1944
vn -0.0262 -0.9933 0.1122
vt 1.931300 0.113700
vt 1.892300 0.673700
vt 1.936100 0.326300
vt 1.818300 0.819800
vt 1.828600 0.079500
vt 1.689600 0.918000
vt 1.480800 0.950400
vt 1.114000 0.118600
vt 1.276400 0.916800
vt 1.070900 0.267700
vt 1.124200 0.696800
vt 0.899800 0.104000
vt 0.884600 0.693900
vt 0.939300 0.261700
vt 0.726600 0.912700
vt 0.177500 0.052500
vt 0.520300 0.944900
vt 0.310400 0.910200
vt 0.074200 0.094200
vt 0.181700 0.808600
vt 0.071800 0.342000
vt 0.111700 0.657500
s 1
usemtl mat3
f 811/806/842 812/807/843 813/808/844
f 811/806/842 814/809/845 812/807/843
f 815/810/846 814/809/845 811/806/842
f 815/810/846 816/811/847 814/809/845
f 815/810/846 817/812/848 816/811/847
f 818/813/849 817/812/848 815/810/846
f 818/813/849 819/814/850 817/812/848
f 820/815/851 819/814/850 818/813/849
f 820/815/851 821/816/852 819/814/850
f 822/817/853 823/818/854 824/819/855
f 822/817/853 825/820/856 823/818/854
f 826/821/857 825/820/856 822/817/853
f 826/821/857 827/822/858 825/820/856
f 828/823/859 827/822/858 826/821/857
f 829/824/860 828/823/859 826/821/857
f 829/824/860 830/825/861 828/823/859
f 831/826/862 830/825/861 829/824/860
f 831/826/862 832/827/863 830/825/861
o obj6
v -0.070039 1.277674 -0.049090
v -0.070118 1.276237 -0.045533
v -0.070645 1.277212 -0.042807
v -0.067221 1.278728 -0.045068
v -0.070196 1.265901 -0.042917
v -0.070724 1.266279 -0.041418
v -0.069231 1.275344 -0.041857
v -0.071293 1.282766 -0.043033
v -0.068910 1.282159 -0.041722
v -0.071515 1.284597 -0.038648
v -0.068817 1.283275 -0.037838
v -0.071466 1.283155 -0.009023
v -0.068688 1.281626 -0.010744
v -0.071230 1.280111 -0.009582
v -0.068608 1.280324 -0.010374
v -0.068471 1.277259 -0.009308
v -0.065897 1.281200 -0.010157
v -0.065948 1.278850 -0.008430
v -0.066041 1.282748 -0.007691
v -0.066220 1.281903 -0.006912
v -0.066353 1.283127 -0.007070
v -0.066455 1.284402 -0.038585
v -0.065475 1.283174 -0.009705
v -0.066716 1.280715 -0.005172
v -0.066953 1.279258 -0.005854
v -0.066978 1.286324 -0.007560
v -0.068054 1.287231 -0.039966
v -0.070126 1.286632 -0.007379
v -0.071052 1.287251 -0.039991
v -0.070825 1.284460 -0.045130
v -0.070540 1.282737 -0.048934
v -0.071040 1.282272 -0.047848
v -0.070635 1.279298 -0.048805
v -0.067052 1.285447 -0.007100
v -0.066360 1.283104 -0.006274
v -0.066224 1.283828 -0.007737
v -0.070157 1.286136 -0.006904
v -0.071038 1.285085 -0.007060
v -0.071202 1.281969 -0.007094
v -0.070461 1.277675 -0.007545
v -0.068572 1.265371 -0.011457
v -0.066643 1.265229 -0.010957
v -0.067452 1.263135 -0.009735
v -0.069188 1.278815 -0.005198
v -0.067006 1.258959 -0.017246
v -0.068522 1.259390 -0.017442
v -0.067677 1.257724 -0.016663
v -0.068953 1.257604 -0.016587
v -0.069128 1.263025 -0.009582
v -0.069742 1.258596 -0.017056
v -0.070120 1.264252 -0.010725
v -0.068545 1.258565 -0.025188
v -0.067217 1.258087 -0.025224
v -0.067870 1.256774 -0.025188
v -0.069071 1.256652 -0.025146
v -0.069691 1.257727 -0.025141
v -0.069881 1.258814 -0.033337
v -0.068668 1.259593 -0.033054
v -0.067399 1.259147 -0.033328
v -0.068112 1.257936 -0.033833
v -0.069373 1.257820 -0.033820
v -0.068929 1.262439 -0.037854
v -0.067536 1.262124 -0.038408
v -0.068383 1.261193 -0.039539
v -0.069829 1.261088 -0.039558
v -0.070335 1.261829 -0.038518
v -0.069180 1.266634 -0.040436
v -0.067692 1.266505 -0.041211
v -0.067981 1.277391 -0.042672
v -0.068611 1.265987 -0.042877
v -0.067153 1.283030 -0.045102
v -0.067229 1.281947 -0.042204
v -0.068365 1.285819 0.040670
v -0.070896 1.282786 0.009766
v -0.069039 1.283413 0.039317
v -0.069579 1.286263 0.008136
v -0.067968 1.281111 0.011315
v -0.070599 1.279824 0.010178
v -0.067932 1.280015 0.010807
v -0.066366 1.281920 0.038283
v -0.066233 1.280936 0.042150
v -0.068525 1.281502 0.043628
v -0.067922 1.283136 0.045741
v -0.064255 1.281719 0.045435
v -0.065612 1.285813 0.040464
v -0.066602 1.285899 0.008145
v -0.067398 1.281301 0.049467
v -0.064516 1.280714 0.042520
v -0.065355 1.275215 0.042592
v -0.063957 1.283224 0.038926
v -0.064833 1.282859 0.010036
v -0.065234 1.280898 0.010443
v -0.067867 1.276984 0.009646
v -0.069980 1.277455 0.008031
v -0.070746 1.281758 0.007754
v -0.070533 1.284857 0.007802
v -0.069685 1.285904 0.007619
v -0.066613 1.285207 0.007612
v -0.065374 1.275567 0.045615
v -0.065182 1.265301 0.041156
v -0.065910 1.264742 0.042836
v -0.065286 1.261066 0.038171
v -0.067194 1.274915 0.045838
v -0.066890 1.276237 0.049444
v -0.067886 1.275316 0.043683
v -0.067525 1.264640 0.043014
v -0.066064 1.260100 0.039332
v -0.066259 1.257042 0.033528
v -0.067519 1.256924 0.033602
v -0.066472 1.256101 0.024856
v -0.067673 1.255980 0.024892
v -0.067950 1.257138 0.016367
v -0.068705 1.258115 0.016914
v -0.068492 1.262770 0.009620
v -0.069451 1.263944 0.010811
v -0.067831 1.265059 0.011558
v -0.065399 1.278601 0.008655
v -0.067464 1.258898 0.017245
v -0.067506 1.259994 0.039446
v -0.068051 1.257931 0.033188
v -0.067137 1.257893 0.024955
v -0.066858 1.258717 0.032844
v -0.068288 1.257055 0.024960
v -0.065963 1.258472 0.016941
v -0.065902 1.264915 0.010842
v -0.066588 1.279091 0.006156
v -0.066463 1.280613 0.005531
v -0.069121 1.279902 0.004596
v -0.069330 1.279866 -0.004049
v -0.070324 1.280379 -0.004611
v -0.070537 1.282526 0.006986
v -0.070054 1.280288 0.005195
v -0.068899 1.278673 0.005641
v -0.066873 1.262869 0.009650
v -0.066673 1.257256 0.016363
v -0.065813 1.257412 0.024888
v -0.065573 1.258265 0.033014
v -0.066710 1.261394 0.037727
v -0.068072 1.260766 0.038468
v -0.068104 1.265073 0.041534
v -0.066641 1.265424 0.040557
v -0.066577 1.275044 0.042292
v -0.067814 1.279804 0.048935
v -0.067346 1.276995 0.049016
v -0.065942 1.282916 0.006656
v -0.065538 1.282519 0.008037
v -0.065718 1.283596 0.008126
v -0.065889 1.282916 0.007448
v -0.070892 1.282748 -0.006285
v -0.065768 1.281696 0.007247
v 0.019839 1.286912 -0.062285
v 0.012467 1.288012 -0.061160
v 0.013481 1.287753 -0.058829
v -0.067221 1.278728 -0.045068
v -0.067153 1.283030 -0.045102
v -0.063632 1.283394 -0.048378
v -0.059294 1.278396 -0.048784
v 0.018286 1.287197 -0.058852
v -0.070118 1.276237 -0.045533
v -0.070039 1.277674 -0.049090
v -0.070540 1.282737 -0.048934
v -0.070825 1.284460 -0.045130
v -0.031807 1.282639 0.047685
v -0.065374 1.275567 0.045615
v -0.064255 1.281719 0.045435
v -0.036135 1.279730 0.047611
v -0.027756 1.279545 0.051259
v 0.020439 1.282876 0.060514
v 0.026441 1.284468 0.061707
v 0.010405 1.282698 0.056277
v 0.022972 1.284505 0.057590
v -0.031440 1.283790 0.050744
v -0.058523 1.276769 0.048420
v -0.067194 1.274915 0.045838
v -0.066890 1.276237 0.049444
v -0.061705 1.281890 0.048465
v -0.067398 1.281301 0.049467
v -0.067922 1.283136 0.045741
vn 0.5257 -0.4517 -0.7209
vn 0.5514 -0.6246 -0.5530
vn 0.0650 -0.9087 0.4125
vn 0.3064 0.7353 0.6046
vn 0.3438 -0.5307 -0.7747
vn -0.0358 -0.9697 0.2417
vn -0.0951 -0.0375 0.9948
vn 0.1455 -0.9693 0.1980
vn 0.5946 -0.1638 0.7872
vn 0.3780 -0.9244 0.0502
vn 0.9961 -0.0046 0.0881
vn 0.0076 -0.9938 -0.1109
vn 0.7034 -0.1061 -0.7028
vn 0.2430 -0.8024 -0.5451
vn 0.3042 -0.0414 -0.9517
vn 0.1246 -0.1697 -0.9776
vn 0.1346 0.7331 -0.6666
vn 0.2166 0.9562 -0.1970
vn -0.0660 0.9603 0.2710
vn -0.0547 0.9550 0.2916
vn -0.1675 0.9552 0.2441
vn 0.2178 0.9741 -0.0607
vn 0.0401 0.9977 -0.0549
vn 0.3945 0.8774 0.2731
vn 0.3397 0.6835 0.6461
vn -0.7025 0.5610 0.4379
vn -0.8215 0.4875 -0.2956
vn -0.8483 -0.4166 0.3269
vn -0.7725 -0.5854 -0.2462
vn -0.7505 -0.5765 -0.3231
vn -0.4470 -0.5033 -0.7396
vn -0.2140 -0.9559 -0.2012
vn -0.0985 -0.4953 -0.8631
vn -0.5360 0.7463 0.3946
vn -0.0652 0.9978 -0.0094
vn -0.2777 0.9048 0.3228
vn -0.8280 -0.3859 0.4068
vn -0.3498 -0.9368 -0.0105
vn 0.0574 -0.9752 0.2139
vn 0.2997 -0.9540 0.0022
vn -0.4377 -0.2079 -0.8747
vn -0.1287 0.9462 -0.2968
vn 0.4704 0.5773 0.6674
vn 0.5666 -0.1928 0.8011
vn -0.2060 0.9696 -0.1320
vn -0.8878 -0.1773 -0.4246
vn 0.7799 0.5426 0.3121
vn 0.8588 -0.3735 0.3506
vn 0.5178 -0.4049 0.7536
vn -0.0030 -0.9992 -0.0404
vn -0.0328 -0.9988 -0.0356
vn -0.9894 -0.1445 0.0105
vn -0.3200 0.9472 -0.0214
vn 0.8338 0.5515 -0.0235
vn 0.9000 -0.4358 -0.0058
vn -0.1584 -0.9874 0.0009
vn -0.1568 -0.9813 0.1118
vn -0.9403 -0.1111 0.3218
vn -0.2416 0.9680 0.0676
vn 0.8019 0.5226 -0.2896
vn 0.8442 -0.4679 -0.2615
vn -0.7159 -0.0863 0.6929
vn -0.1553 0.9786 0.1350
vn 0.6226 0.4984 -0.6033
vn 0.6590 -0.4956 -0.5658
vn -0.0872 -0.9748 0.2054
vn -0.3522 -0.0712 0.9332
vn -0.0938 0.9776 0.1886
vn 0.1014 0.8768 0.4701
vn 0.3094 0.5060 -0.8051
vn -0.6460 0.6451 0.4080
vn 0.2286 0.8868 0.4015
vn -0.7834 -0.5495 0.2904
vn 0.0026 -0.9856 0.1692
vn 0.3347 -0.9423 0.0098
vn -0.8907 -0.4100 -0.1965
vn 0.7610 -0.0401 0.6475
vn 0.2685 -0.7664 0.5835
vn 0.3875 0.0300 0.9214
vn 0.9959 -0.0017 -0.0907
vn 0.6110 -0.2249 -0.7590
vn 0.1559 -0.9771 -0.1449
vn -0.7513 -0.5450 0.3723
vn -0.6731 0.6269 -0.3923
vn -0.8289 0.4836 0.2811
vn -0.7580 0.5278 -0.3832
vn -0.4345 -0.4523 0.7788
vn 0.2183 0.8598 -0.4615
vn 0.0046 0.7930 -0.6093
vn 0.1658 0.9861 0.0141
vn 0.0123 0.9998 -0.0146
vn 0.1622 0.7800 0.6043
vn 0.1465 -0.1074 0.9834
vn 0.2987 -0.9527 0.0557
vn 0.0539 -0.9885 -0.1416
vn -0.3689 -0.9240 0.1007
vn -0.8781 -0.4125 -0.2423
vn -0.6074 0.7109 -0.3547
vn 0.6355 0.7569 -0.1528
vn -0.0667 0.9534 -0.2942
vn 0.3707 0.5746 0.7296
vn -0.1524 0.9661 -0.2085
vn 0.5684 -0.5871 0.5764
vn 0.5427 -0.3530 0.7622
vn 0.0464 -0.9636 -0.2632
vn 0.3748 -0.4916 0.7860
vn 0.6508 0.5346 0.5391
vn 0.8117 0.5366 0.2307
vn 0.8498 -0.4547 0.2667
vn 0.8348 0.5499 -0.0254
vn 0.8993 -0.4372 0.0050
vn 0.8471 -0.3955 -0.3548
vn -0.0033 -0.9958 0.0915
vn 0.4971 -0.4450 -0.7449
vn -0.0181 -0.9971 0.0736
vn -0.4139 -0.1476 0.8983
vn 0.2186 0.9680 0.1230
vn -0.8752 -0.1474 0.4608
vn 0.6725 -0.4630 0.5774
vn -0.1621 -0.9858 -0.0433
vn -0.9895 -0.1434 0.0206
vn -0.9486 -0.1365 -0.2856
vn -0.1599 -0.9862 0.0431
vn -0.1907 0.9776 0.0894
vn -0.1025 0.9732 0.2057
vn 0.2902 0.6384 -0.7128
vn 0.3986 0.8455 -0.3553
vn 0.9287 -0.1360 -0.3449
vn 0.9419 -0.1367 0.3067
vn 0.4489 -0.8639 0.2285
vn 0.0151 -0.9936 -0.1122
vn 0.4527 -0.8693 -0.1986
vn 0.5130 -0.2488 -0.8215
vn 0.4566 0.5160 -0.7248
vn 0.7731 0.5199 -0.3633
vn -0.3182 0.9479 -0.0166
vn -0.2460 0.9613 -0.1239
vn -0.7451 -0.1324 -0.6537
vn -0.1119 -0.9860 -0.1239
vn -0.0823 -0.9774 -0.1950
vn -0.3931 -0.1289 -0.9104
vn -0.0939 -0.2983 -0.9499
vn 0.0254 -0.8994 0.4364
vn 0.2072 -0.8915 0.4028
vn -0.0513 0.9976 -0.0471
vn -0.0760 0.9405 -0.3311
vn -0.3038 0.8780 -0.3699
vn -0.1770 0.9361 -0.3039
vn 0.0310 -0.9805 0.1943
vn -0.0609 0.9252 -0.3745
vn 0.0386 0.8812 -0.4712
vn -0.7379 -0.0877 -0.6692
vn -0.8850 0.0799 0.4587
vn 0.3064 0.7353 0.6045
vn -0.6460 0.6452 0.4080
vn -0.7741 -0.0066 -0.6331
vn 0.8562 0.0692 -0.5120
vn -0.0640 0.7521 0.6560
vn 0.5513 -0.6246 -0.5531
vn 0.5256 -0.4516 -0.7209
vn -0.7505 -0.5766 -0.3230
vn -0.4688 0.1229 -0.8747
vn 0.6354 0.7569 -0.1528
vn -0.6731 0.6270 -0.3923
vn 0.5742 0.1435 -0.8060
vn 0.8369 -0.0198 0.5470
vn 0.9162 0.1507 0.3714
vn -0.0752 0.9259 0.3702
vn 0.8769 0.1463 -0.4578
vn -0.1340 0.6540 -0.7445
vn -0.8413 -0.0744 0.5355
vn 0.6363 0.0448 0.7701
vn 0.5684 -0.5870 0.5765
vn 0.5426 -0.3529 0.7622
vn -0.7298 0.0438 0.6822
vn -0.4345 -0.4523 0.7789
vn -0.7512 -0.5450 0.3723
vt 0.546210 0.878770
vt 0.545070 0.875750
vt 0.545910 0.873520
vt 0.547200 0.875350
vt 0.536410 0.873370
vt 0.536760 0.872130
vt 0.544380 0.872630
vt 0.550610 0.873820
vt 0.550120 0.872630
vt 0.552200 0.870160
vt 0.551110 0.869360
vt 0.551500 0.845220
vt 0.550220 0.846550
vt 0.548930 0.845610
vt 0.549130 0.846210
vt 0.546560 0.845270
vt 0.549870 0.846010
vt 0.547940 0.844520
vt 0.551210 0.843930
vt 0.550510 0.843290
vt 0.551550 0.843430
vt 0.552100 0.869960
vt 0.551550 0.845610
vt 0.549530 0.841800
vt 0.548290 0.842350
vt 0.554230 0.843930
vt 0.554420 0.871200
vt 0.554470 0.843880
vt 0.554420 0.871290
vt 0.552000 0.875600
vt 0.550460 0.878770
vt 0.550120 0.877830
vt 0.547600 0.878570
vt 0.553480 0.843530
vt 0.551550 0.842790
vt 0.552100 0.844030
vt 0.554030 0.843430
vt 0.553140 0.843580
vt 0.550510 0.843580
vt 0.546900 0.843830
vt 0.536510 0.846900
vt 0.536410 0.846400
vt 0.534680 0.845360
vt 0.547940 0.841850
vt 0.531020 0.851600
vt 0.531360 0.851800
vt 0.529980 0.851100
vt 0.529880 0.851060
vt 0.534580 0.845270
vt 0.530720 0.851500
vt 0.535570 0.846310
vt 0.530570 0.858330
vt 0.530180 0.858330
vt 0.529040 0.858280
vt 0.528940 0.858280
vt 0.529830 0.858280
vt 0.530620 0.865210
vt 0.531270 0.864960
vt 0.530920 0.865160
vt 0.529880 0.865550
vt 0.529780 0.865600
vt 0.533590 0.869070
vt 0.533340 0.869460
vt 0.532500 0.870400
vt 0.532450 0.870500
vt 0.533050 0.869610
vt 0.537110 0.871290
vt 0.536960 0.871890
vt 0.546110 0.873320
vt 0.536510 0.873320
vt 0.550810 0.875450
vt 0.549970 0.872980
vt 0.554570 0.803400
vt 0.551500 0.829380
vt 0.552540 0.804490
vt 0.554420 0.830770
vt 0.550120 0.828000
vt 0.549030 0.828990
vt 0.549230 0.828390
vt 0.551260 0.805280
vt 0.550510 0.802020
vt 0.551010 0.800830
vt 0.552390 0.799050
vt 0.551260 0.799200
vt 0.554570 0.803500
vt 0.554130 0.830720
vt 0.550960 0.795880
vt 0.550370 0.801670
vt 0.545710 0.801520
vt 0.552390 0.804690
vt 0.551600 0.828990
vt 0.549970 0.828640
vt 0.546650 0.829330
vt 0.547000 0.830720
vt 0.550610 0.831060
vt 0.553240 0.831060
vt 0.554080 0.831210
vt 0.553530 0.831110
vt 0.546060 0.799000
vt 0.537350 0.802560
vt 0.536910 0.801130
vt 0.533740 0.804990
vt 0.545520 0.798850
vt 0.546650 0.795830
vt 0.545810 0.800680
vt 0.536810 0.801030
vt 0.532950 0.804000
vt 0.530280 0.808850
vt 0.530180 0.808850
vt 0.529340 0.816120
vt 0.529240 0.816120
vt 0.530030 0.823350
vt 0.530870 0.822900
vt 0.534680 0.829140
vt 0.535670 0.828150
vt 0.536660 0.827500
vt 0.547990 0.830120
vt 0.531560 0.822600
vt 0.532850 0.803950
vt 0.531020 0.809190
vt 0.530820 0.816120
vt 0.531660 0.809490
vt 0.530130 0.816120
vt 0.531220 0.822800
vt 0.536510 0.828050
vt 0.548340 0.832250
vt 0.549620 0.832800
vt 0.548980 0.833640
vt 0.548830 0.840910
vt 0.549230 0.841410
vt 0.551260 0.831710
vt 0.549330 0.833190
vt 0.547990 0.832750
vt 0.534780 0.829040
vt 0.530180 0.823300
vt 0.530430 0.816120
vt 0.531320 0.809290
vt 0.533990 0.805430
vt 0.533490 0.804790
vt 0.537150 0.802310
vt 0.537450 0.803110
vt 0.545570 0.801820
vt 0.549670 0.796330
vt 0.547300 0.796180
vt 0.551600 0.831910
vt 0.551310 0.830720
vt 0.552200 0.830670
vt 0.551600 0.831210
vt 0.551210 0.842890
vt 0.550560 0.831360
vt 0.510290 0.806320
vt 0.508650 0.813890
vt 0.509000 0.812900
vt 0.513200 0.897070
vt 0.508750 0.896730
vt 0.508600 0.893070
vt 0.514050 0.888910
vt 0.509890 0.807960
vt 0.515630 0.900240
vt 0.514150 0.900040
vt 0.508850 0.900240
vt 0.507020 0.900440
vt 0.519940 0.860800
vt 0.524590 0.892320
vt 0.518940 0.890940
vt 0.522410 0.865010
vt 0.523050 0.857240
vt 0.522710 0.812360
vt 0.521570 0.806720
vt 0.522310 0.821710
vt 0.521320 0.809940
vt 0.518890 0.860410
vt 0.523840 0.885940
vt 0.525080 0.894060
vt 0.523890 0.893710
vt 0.518940 0.888560
vt 0.519140 0.893910
vt 0.517410 0.894250
s 1
usemtl mat4
f 833/828/864 834/829/865 835/830/866
f 836/831/867 837/832/868 834/829/865
f 834/829/865 837/832/868 838/833/869
f 834/829/865 838/833/869 835/830/866
f 839/834/870 835/830/866 838/833/869
f 839/834/870 840/835/871 835/830/866
f 839/834/870 841/836/872 840/835/871
f 841/836/872 842/837/873 840/835/871
f 841/836/872 843/838/874 842/837/873
f 843/838/874 844/839/875 842/837/873
f 843/838/874 845/840/876 844/839/875
f 845/840/876 846/841/877 844/839/875
f 845/840/876 847/842/878 846/841/877
f 848/843/879 846/841/877 847/842/878
f 848/843/879 847/842/878 849/844/880
f 848/843/879 849/844/880 850/845/881
f 850/845/881 849/844/880 851/846/882
f 850/845/881 851/846/882 852/847/883
f 853/848/884 852/847/883 851/846/882
f 841/836/872 854/849/885 843/838/874
f 855/850/886 851/846/882 849/844/880
f 850/845/881 856/851/887 857/852/888
f 850/845/881 852/847/883 856/851/887
f 845/840/876 849/844/880 847/842/878
f 845/840/876 855/850/886 849/844/880
f 843/838/874 855/850/886 845/840/876
f 843/838/874 854/849/885 855/850/886
f 854/849/885 858/853/889 855/850/886
f 854/849/885 859/854/890 858/853/889
f 859/854/890 860/855/891 858/853/889
f 859/854/890 861/856/892 860/855/891
f 861/856/892 844/839/875 860/855/891
f 861/856/892 842/837/873 844/839/875
f 862/857/893 842/837/873 861/856/892
f 862/857/893 840/835/871 842/837/873
f 863/858/894 840/835/871 862/857/893
f 863/858/894 864/859/895 840/835/871
f 833/828/864 864/859/895 863/858/894
f 833/828/864 865/860/896 864/859/895
f 833/828/864 835/830/866 865/860/896
f 865/860/896 835/830/866 840/835/871
f 865/860/896 840/835/871 864/859/895
f 853/848/884 866/861/897 867/862/898
f 853/848/884 868/863/899 866/861/897
f 853/848/884 851/846/882 868/863/899
f 855/850/886 868/863/899 851/846/882
f 855/850/886 866/861/897 868/863/899
f 855/850/886 858/853/889 866/861/897
f 858/853/889 869/864/900 866/861/897
f 858/853/889 860/855/891 869/864/900
f 860/855/891 870/865/901 869/864/900
f 860/855/891 844/839/875 870/865/901
f 844/839/875 871/866/902 870/865/901
f 844/839/875 846/841/877 871/866/902
f 872/867/903 871/866/902 846/841/877
f 848/843/879 872/867/903 846/841/877
f 873/868/904 872/867/903 848/843/879
f 873/868/904 848/843/879 850/845/881
f 873/868/904 850/845/881 874/869/905
f 874/869/905 850/845/881 857/852/888
f 874/869/905 857/852/888 875/870/906
f 875/870/906 857/852/888 876/871/907
f 873/868/904 877/872/908 878/873/909
f 873/868/904 874/869/905 877/872/908
f 874/869/905 879/874/910 877/872/908
f 874/869/905 875/870/906 879/874/910
f 875/870/906 880/875/911 879/874/910
f 875/870/906 881/876/912 880/875/911
f 881/876/912 882/877/913 880/875/911
f 881/876/912 883/878/914 882/877/913
f 875/870/906 876/871/907 881/876/912
f 881/876/912 876/871/907 872/867/903
f 881/876/912 872/867/903 883/878/914
f 873/868/904 883/878/914 872/867/903
f 873/868/904 882/877/913 883/878/914
f 873/868/904 878/873/909 882/877/913
f 884/879/915 882/877/913 878/873/909
f 884/879/915 878/873/909 877/872/908
f 884/879/915 877/872/908 885/880/916
f 885/880/916 877/872/908 879/874/910
f 885/880/916 879/874/910 886/881/917
f 886/881/917 879/874/910 880/875/911
f 886/881/917 880/875/911 887/882/918
f 887/882/918 880/875/911 882/877/913
f 887/882/918 882/877/913 888/883/919
f 884/879/915 888/883/919 882/877/913
f 884/879/915 889/884/920 888/883/919
f 884/879/915 890/885/921 889/884/920
f 884/879/915 891/886/922 890/885/921
f 884/879/915 885/880/916 891/886/922
f 885/880/916 892/887/923 891/886/922
f 885/880/916 886/881/917 892/887/923
f 886/881/917 893/888/924 892/887/923
f 886/881/917 887/882/918 893/888/924
f 887/882/918 889/884/920 893/888/924
f 887/882/918 888/883/919 889/884/920
f 894/889/925 889/884/920 890/885/921
f 894/889/925 890/885/921 891/886/922
f 894/889/925 891/886/922 895/890/926
f 895/890/926 891/886/922 892/887/923
f 895/890/926 892/887/923 896/891/927
f 896/891/927 892/887/923 893/888/924
f 896/891/927 893/888/924 897/892/928
f 897/892/928 893/888/924 889/884/920
f 897/892/928 889/884/920 898/893/929
f 894/889/925 898/893/929 889/884/920
f 894/889/925 838/833/869 898/893/929
f 894/889/925 899/894/930 838/833/869
f 839/834/870 838/833/869 899/894/930
f 839/834/870 899/894/930 900/895/931
f 839/834/870 900/895/931 901/896/932
f 901/896/932 900/895/931 902/897/933
f 901/896/932 902/897/933 836/831/867
f 836/831/867 902/897/933 837/832/868
f 894/889/925 900/895/931 899/894/930
f 894/889/925 895/890/926 900/895/931
f 895/890/926 902/897/933 900/895/931
f 895/890/926 896/891/927 902/897/933
f 896/891/927 837/832/868 902/897/933
f 896/891/927 897/892/928 837/832/868
f 897/892/928 838/833/869 837/832/868
f 897/892/928 898/893/929 838/833/869
f 901/896/932 903/898/934 904/899/935
f 901/896/932 836/831/867 903/898/934
f 839/834/870 901/896/932 904/899/935
f 839/834/870 904/899/935 841/836/872
f 841/836/872 904/899/935 854/849/885
f 904/899/935 859/854/890 854/849/885
f 904/899/935 903/898/934 859/854/890
f 903/898/934 861/856/892 859/854/890
f 903/898/934 862/857/893 861/856/892
f 905/900/936 906/901/937 907/902/938
f 905/900/936 908/903/939 906/901/937
f 909/904/940 910/905/941 911/906/942
f 909/904/940 906/901/937 910/905/941
f 912/907/943 906/901/937 909/904/940
f 912/907/943 907/902/938 906/901/937
f 913/908/944 907/902/938 912/907/943
f 913/908/944 914/909/945 907/902/938
f 915/910/946 907/902/938 914/909/945
f 915/910/946 905/900/936 907/902/938
f 916/911/947 905/900/936 915/910/946
f 916/911/947 917/912/948 905/900/936
f 917/912/948 908/903/939 905/900/936
f 917/912/948 918/913/949 908/903/939
f 919/914/950 915/910/946 914/909/945
f 913/908/944 920/915/951 921/916/952
f 913/908/944 922/917/953 920/915/951
f 913/908/944 912/907/943 922/917/953
f 912/907/943 923/918/954 922/917/953
f 912/907/943 909/904/940 923/918/954
f 909/904/940 924/919/955 923/918/954
f 909/904/940 911/906/942 924/919/955
f 925/920/956 924/919/955 911/906/942
f 925/920/956 911/906/942 910/905/941
f 925/920/956 910/905/941 926/921/957
f 926/921/957 910/905/941 927/922/958
f 906/901/937 927/922/958 910/905/941
f 906/901/937 928/923/959 927/922/958
f 908/903/939 928/923/959 906/901/937
f 908/903/939 929/924/960 928/923/959
f 918/913/949 929/924/960 908/903/939
f 918/913/949 930/925/961 929/924/960
f 923/918/954 930/925/961 918/913/949
f 922/917/953 923/918/954 918/913/949
f 922/917/953 918/913/949 917/912/948
f 920/915/951 922/917/953 917/912/948
f 920/915/951 917/912/948 916/911/947
f 920/915/951 916/911/947 931/926/962
f 920/915/951 931/926/962 921/916/952
f 932/927/963 921/916/952 931/926/962
f 932/927/963 931/926/962 933/928/964
f 934/929/965 932/927/963 933/928/964
f 933/928/964 931/926/962 935/930/966
f 936/931/967 937/932/968 935/930/966
f 938/933/969 935/930/966 937/932/968
f 933/928/964 935/930/966 938/933/969
f 939/934/970 933/928/964 938/933/969
f 934/929/965 933/928/964 939/934/970
f 934/929/965 939/934/970 940/935/971
f 939/934/970 941/936/972 940/935/971
f 942/937/973 940/935/971 941/936/972
f 942/937/973 941/936/972 943/938/974
f 942/937/973 943/938/974 944/939/975
f 943/938/974 945/940/976 944/939/975
f 946/941/977 944/939/975 945/940/976
f 946/941/977 945/940/976 947/942/978
f 946/941/977 947/942/978 926/921/957
f 948/943/979 926/921/957 947/942/978
f 948/943/979 925/920/956 926/921/957
f 948/943/979 949/944/980 925/920/956
f 925/920/956 949/944/980 924/919/955
f 948/943/979 945/940/976 950/945/981
f 948/943/979 947/942/978 945/940/976
f 939/934/970 938/933/969 951/946/982
f 939/934/970 951/946/982 941/936/972
f 951/946/982 952/947/983 941/936/972
f 943/938/974 941/936/972 952/947/983
f 953/948/984 952/947/983 954/949/985
f 953/948/984 955/950/986 952/947/983
f 943/938/974 952/947/983 955/950/986
f 943/938/974 955/950/986 945/940/976
f 953/948/984 945/940/976 955/950/986
f 953/948/984 950/945/981 945/940/976
f 953/948/984 956/951/987 950/945/981
f 948/943/979 950/945/981 956/951/987
f 948/943/979 956/951/987 957/952/988
f 948/943/979 957/952/988 949/944/980
f 957/952/988 958/953/989 949/944/980
f 949/944/980 958/953/989 959/954/990
f 958/953/989 960/955/991 959/954/990
f 959/954/990 960/955/991 961/956/992
f 960/955/991 962/957/993 961/956/992
f 963/958/994 962/957/993 964/959/995
f 960/955/991 964/959/995 962/957/993
f 965/960/996 964/959/995 960/955/991
f 958/953/989 965/960/996 960/955/991
f 966/961/997 965/960/996 958/953/989
f 957/952/988 966/961/997 958/953/989
f 957/952/988 967/962/998 966/961/997
f 957/952/988 956/951/987 967/962/998
f 968/963/999 967/962/998 956/951/987
f 953/948/984 968/963/999 956/951/987
f 953/948/984 969/964/1000 968/963/999
f 953/948/984 954/949/985 969/964/1000
f 970/965/1001 969/964/1000 954/949/985
f 970/965/1001 954/949/985 952/947/983
f 970/965/1001 952/947/983 971/966/1002
f 951/946/982 971/966/1002 952/947/983
f 951/946/982 972/967/1003 971/966/1002
f 951/946/982 938/933/969 972/967/1003
f 938/933/969 937/932/968 972/967/1003
f 973/968/1004 972/967/1003 937/932/968
f 973/968/1004 937/932/968 974/969/1005
f 970/965/1001 972/967/1003 973/968/1004
f 970/965/1001 971/966/1002 972/967/1003
f 942/937/973 944/939/975 967/962/998
f 968/963/999 942/937/973 967/962/998
f 968/963/999 940/935/971 942/937/973
f 968/963/999 969/964/1000 940/935/971
f 934/929/965 940/935/971 969/964/1000
f 970/965/1001 934/929/965 969/964/1000
f 970/965/1001 932/927/963 934/929/965
f 970/965/1001 973/968/1004 932/927/963
f 973/968/1004 921/916/952 932/927/963
f 973/968/1004 974/969/1005 921/916/952
f 913/908/944 921/916/952 974/969/1005
f 913/908/944 974/969/1005 937/932/968
f 913/908/944 937/932/968 914/909/945
f 975/970/1006 914/909/945 937/932/968
f 919/914/950 914/909/945 975/970/1006
f 919/914/950 975/970/1006 976/971/1007
f 919/914/950 976/971/1007 936/931/967
f 936/931/967 976/971/1007 937/932/968
f 975/970/1006 937/932/968 976/971/1007
f 853/848/884 856/851/887 852/847/883
f 853/848/884 867/862/898 856/851/887
f 977/972/1008 856/851/887 867/862/898
f 977/972/1008 867/862/898 866/861/897
f 977/972/1008 866/861/897 930/925/961
f 930/925/961 866/861/897 869/864/900
f 930/925/961 869/864/900 929/924/960
f 929/924/960 869/864/900 870/865/901
f 929/924/960 870/865/901 928/923/959
f 963/958/994 928/923/959 870/865/901
f 963/958/994 927/922/958 928/923/959
f 963/958/994 964/959/995 927/922/958
f 926/921/957 927/922/958 964/959/995
f 965/960/996 926/921/957 964/959/995
f 946/941/977 926/921/957 965/960/996
f 966/961/997 946/941/977 965/960/996
f 966/961/997 944/939/975 946/941/977
f 966/961/997 967/962/998 944/939/975
f 949/944/980 978/973/1009 924/919/955
f 923/918/954 924/919/955 978/973/1009
f 923/918/954 978/973/1009 979/974/1010
f 923/918/954 979/974/1010 930/925/961
f 980/975/1011 930/925/961 979/974/1010
f 980/975/1011 977/972/1008 930/925/961
f 980/975/1011 959/954/990 977/972/1008
f 977/972/1008 959/954/990 856/851/887
f 959/954/990 961/956/992 856/851/887
f 857/852/888 856/851/887 961/956/992
f 857/852/888 961/956/992 876/871/907
f 876/871/907 961/956/992 962/957/993
f 876/871/907 962/957/993 872/867/903
f 872/867/903 962/957/993 871/866/902
f 981/976/1012 871/866/902 962/957/993
f 981/976/1012 870/865/901 871/866/902
f 963/958/994 870/865/901 981/976/1012
f 963/958/994 981/976/1012 962/957/993
f 949/944/980 959/954/990 982/977/1013
f 980/975/1011 982/977/1013 959/954/990
f 980/975/1011 978/973/1009 982/977/1013
f 980/975/1011 979/974/1010 978/973/1009
f 949/944/980 982/977/1013 978/973/1009
f 983/978/1014 984/979/1015 985/980/1016
f 986/981/1017 985/980/1016 987/982/1018
f 988/983/1019 987/982/1018 985/980/1016
f 988/983/1019 985/980/1016 984/979/1015
f 989/984/1020 988/983/1019 984/979/1015
f 989/984/1020 984/979/1015 983/978/1014
f 989/984/1020 983/978/1014 990/985/1021
f 983/978/1014 985/980/1016 990/985/1021
f 986/981/1017 990/985/1021 985/980/1016
f 989/984/1020 990/985/1021 986/981/1017
f 989/984/1020 986/981/1017 991/986/1022
f 989/984/1020 991/986/1022 992/987/1023
f 989/984/1020 992/987/1023 993/988/894
f 989/984/1020 993/988/894 988/983/1019
f 988/983/1019 993/988/894 994/989/1024
f 988/983/1019 994/989/1024 987/982/1018
f 995/990/1025 996/991/1026 997/992/1027
f 995/990/1025 998/993/1028 996/991/1026
f 999/994/1029 996/991/1026 998/993/1028
f 1000/995/1030 999/994/1029 998/993/1028
f 1001/996/1031 999/994/1029 1000/995/1030
f 1001/996/1031 1000/995/1030 1002/997/1032
f 1000/995/1030 998/993/1028 1002/997/1032
f 1003/998/1033 1002/997/1032 998/993/1028
f 1003/998/1033 998/993/1028 995/990/1025
f 1001/996/1031 1003/998/1033 995/990/1025
f 1001/996/1031 995/990/1025 1004/999/1034
f 1001/996/1031 1004/999/1034 999/994/1029
f 1004/999/1034 1005/1000/1035 999/994/1029
f 999/994/1029 1005/1000/1035 996/991/1026
f 1005/1000/1035 1006/1001/1036 996/991/1026
f 1005/1000/1035 1007/1002/1037 1006/1001/1036
f 1008/1003/1038 1007/1002/1037 1005/1000/1035
f 1008/1003/1038 1009/1004/1039 1007/1002/1037
f 1008/1003/1038 1010/1005/1040 1009/1004/1039
f 1008/1003/1038 997/992/1027 1010/1005/1040
f 1004/999/1034 997/992/1027 1008/1003/1038
f 1004/999/1034 995/990/1025 997/992/1027
f 1001/996/1031 1002/997/1032 1003/998/1033
f 1004/999/1034 1008/1003/1038 1005/1000/1035
o obj7
v 0.059306 1.199157 0.017968
v 0.063303 1.202303 0.000000
v 0.051305 1.192691 0.032182
v 0.059306 1.199157 -0.017968
v 0.051305 1.192691 -0.032182
v 0.038408 1.208936 0.074146
v 0.063020 1.222529 0.061108
v 0.057290 1.221157 0.055849
v 0.063020 1.222143 -0.061106
v 0.057290 1.220917 -0.055849
v 0.070145 1.222618 -0.033007
v 0.085508 1.223480 -0.036349
v 0.111748 1.206211 -0.041819
v 0.105791 1.217983 0.000000
v 0.113773 1.206633 0.000000
v 0.108314 1.204919 0.041819
v 0.090682 1.226545 0.000000
v 0.083356 1.224147 0.036349
v 0.079588 1.224235 0.000000
v 0.070145 1.221846 0.033007
v 0.057290 1.221157 0.055849
v 0.063020 1.222529 0.061108
v -0.092023 0.664158 -0.039127
v -0.092691 0.637442 0.000000
v -0.095498 0.654729 0.000000
v -0.084774 0.630684 -0.012100
v -0.073047 0.740008 -0.066736
v -0.080377 0.725219 -0.042248
v -0.067701 0.770287 -0.079407
v -0.070957 0.714271 -0.091926
v -0.083188 0.675543 -0.054481
v -0.087719 0.697853 -0.039336
v -0.095893 0.670138 0.000000
v -0.092023 0.664158 0.039127
v -0.084774 0.630684 0.012100
v -0.064767 0.625794 -0.013943
v -0.064767 0.625794 0.013943
v -0.083188 0.675543 0.054482
v -0.070957 0.714271 0.091926
v -0.073047 0.740008 0.066736
v -0.067701 0.770287 0.079407
v -0.087575 0.731394 0.042248
v -0.080377 0.725219 0.042248
v -0.087719 0.697853 0.039336
v -0.094576 0.696559 0.000000
v -0.090894 0.721396 0.000000
v -0.087575 0.730560 -0.042248
v -0.095395 0.726735 0.000000
v -0.089258 0.766656 0.000000
v -0.083775 0.767591 0.041097
v -0.083163 0.814724 0.036151
v -0.064157 0.819704 0.066496
v -0.089281 0.820320 0.038319
v -0.069614 0.825298 0.070484
v 0.016671 0.833351 0.118214
v -0.001826 0.798308 0.120080
v 0.042319 0.807979 0.112419
v -0.026529 0.834731 0.110424
v -0.039508 0.786165 0.112419
v -0.046552 0.819282 0.096748
v -0.060562 0.779975 0.094749
v -0.050952 0.824878 0.097670
v -0.029727 0.841001 0.111477
v -0.038344 0.841964 0.101310
v 0.026697 0.852598 0.117112
v 0.026691 0.855736 0.120523
v 0.034195 0.887949 0.116069
v -0.021929 0.888515 0.101882
v -0.070600 0.859870 0.076141
v -0.088644 0.866161 0.041021
v -0.092967 0.819492 0.000000
v -0.086640 0.813896 0.000000
v -0.083775 0.767591 -0.041097
v -0.064542 0.905541 0.074174
v 0.071129 0.896122 0.110962
v -0.050952 0.824878 -0.097669
v -0.069614 0.825298 -0.070484
v -0.070600 0.859870 -0.076141
v -0.064157 0.819704 -0.066494
v -0.046552 0.819282 -0.096748
v -0.060562 0.779975 -0.094749
v -0.083163 0.814724 -0.036151
v -0.089281 0.820320 -0.038319
v -0.088644 0.866161 -0.041021
v -0.087413 0.860615 0.000000
v -0.039508 0.786165 -0.112419
v -0.038344 0.841964 -0.101308
v -0.064542 0.905541 -0.074174
v -0.094966 0.872958 -0.035671
v -0.093734 0.867412 0.000000
v -0.094966 0.872958 0.035671
v -0.088680 0.926413 0.035775
v -0.091260 0.926100 0.000000
v -0.088680 0.926413 -0.035773
v -0.090702 0.933223 0.026826
v -0.090702 0.933223 -0.026824
v -0.096312 0.993063 0.000000
v -0.095035 0.993375 0.023784
v -0.095035 0.993375 -0.023784
v 0.096925 0.839135 0.000000
v 0.092956 0.836004 0.000000
v 0.091782 0.836437 -0.038222
v 0.098226 0.815887 0.000000
v 0.093581 0.816763 -0.039676
v 0.091603 0.821716 -0.069076
v 0.086665 0.813673 -0.066247
v 0.071305 0.826143 -0.097930
v 0.066514 0.812092 -0.094749
v 0.044878 0.827148 -0.115189
v 0.042319 0.807979 -0.112419
v -0.001826 0.798308 -0.120080
v 0.016671 0.833351 -0.118214
v -0.026529 0.834731 -0.110424
v -0.029727 0.841001 -0.111475
v 0.089224 0.849235 -0.075194
v 0.026697 0.852598 -0.117112
v 0.069096 0.855912 -0.102366
v 0.092971 0.854951 -0.079705
v 0.095680 0.842618 -0.040516
v 0.096543 0.864508 0.000000
v 0.103037 0.866759 -0.054431
v 0.112600 0.902770 0.000000
v 0.110786 0.905139 -0.063958
v 0.120134 0.906902 -0.029910
v 0.133018 0.941167 -0.031105
v 0.134860 0.942510 0.000000
v 0.121872 0.907073 0.000000
v 0.026691 0.855736 -0.120523
v 0.071634 0.861627 -0.108509
v -0.021929 0.888515 -0.101882
v 0.034195 0.887949 -0.116069
v 0.071129 0.896122 -0.110962
v 0.099072 0.902316 -0.084955
v 0.120812 0.924846 -0.066517
v 0.101331 0.911335 -0.088354
v -0.064767 0.625794 -0.013943
v 0.003593 0.631545 0.001531
v -0.064767 0.625794 0.013943
v 0.003593 0.631545 -0.001531
v 0.061658 0.672863 0.484446
v 0.066330 0.674378 0.482219
v 0.066381 0.677712 0.484842
v 0.061396 0.663282 0.477545
v 0.065918 0.663580 0.475999
v 0.056971 0.662096 0.476248
v 0.068518 0.685327 0.479854
v 0.067413 0.676359 0.478123
v 0.068584 0.669550 0.474752
v 0.068140 0.663314 0.470804
v 0.065451 0.685206 0.475114
v 0.064853 0.692165 0.477120
v 0.064945 0.676809 0.473601
v 0.067037 0.669324 0.470586
v 0.066016 0.663259 0.465439
v 0.056475 0.672660 0.482858
v 0.053973 0.668024 0.475613
v 0.061340 0.677993 0.487369
v 0.066716 0.688588 0.486333
v 0.068395 0.691230 0.484228
v 0.064042 0.702872 0.478351
v 0.059628 0.703170 0.477544
v 0.060566 0.692739 0.475252
v 0.060790 0.685076 0.473219
v 0.060351 0.676460 0.471749
v 0.061777 0.668455 0.467390
v 0.061480 0.662641 0.464145
v 0.068915 0.703537 0.483629
v 0.067750 0.702429 0.484967
v 0.066302 0.692595 0.488263
v 0.061418 0.686885 0.488520
v 0.056392 0.676557 0.485172
v 0.054543 0.675145 0.478720
v 0.057378 0.668699 0.469947
v 0.067883 0.705579 0.490078
v 0.068218 0.712421 0.491864
v 0.063632 0.712966 0.492926
v 0.061285 0.692427 0.491134
v 0.055628 0.687636 0.487581
v 0.053437 0.684425 0.480637
v 0.055826 0.675474 0.473888
v 0.061777 0.668455 0.467390
v 0.061480 0.662641 0.464145
v 0.056430 0.661783 0.465750
v 0.054863 0.661271 0.471262
v 0.055926 0.691774 0.489823
v 0.055757 0.713050 0.492806
v 0.051542 0.703539 0.487215
v 0.049402 0.710337 0.493202
v 0.052222 0.701979 0.484889
v 0.053852 0.690146 0.482752
v 0.055745 0.684164 0.475467
v 0.060351 0.676460 0.471749
v 0.060790 0.685076 0.473219
v 0.055366 0.691552 0.477785
v 0.054632 0.703012 0.479143
v 0.060566 0.692739 0.475252
v 0.059628 0.703170 0.477544
v 0.038408 1.208936 -0.074144
v 0.057290 1.220917 -0.055849
v 0.063020 1.222143 -0.061106
v 0.081111 0.685221 0.474532
v 0.080990 0.690740 0.481446
v 0.079667 0.678344 0.475262
v 0.080190 0.681419 0.470934
v 0.078542 0.686093 0.468800
v 0.078648 0.683256 0.466197
v 0.078963 0.695566 0.473120
v 0.082478 0.693039 0.479957
v 0.081572 0.694059 0.483916
v 0.076133 0.689362 0.483295
v 0.074803 0.678654 0.477629
v 0.074494 0.674278 0.474263
v 0.079213 0.675778 0.472592
v 0.079049 0.676327 0.467590
v 0.076968 0.679209 0.462167
v 0.078161 0.673150 0.462021
v 0.076110 0.674666 0.458035
v 0.076486 0.670564 0.466965
v 0.072823 0.670323 0.468532
v 0.069555 0.670057 0.467681
v 0.069992 0.674962 0.473440
v 0.070375 0.678075 0.476005
v 0.070669 0.690521 0.482976
v 0.076623 0.694120 0.486481
v 0.082795 0.702700 0.486529
v 0.083360 0.700988 0.480139
v 0.079481 0.703650 0.474905
v 0.075693 0.704872 0.473276
v 0.071363 0.693746 0.485419
v 0.073140 0.712050 0.489105
v 0.080540 0.711393 0.488163
v 0.068915 0.703537 0.483629
v 0.068218 0.712421 0.491864
v 0.069685 0.702218 0.482239
v 0.069171 0.693271 0.479599
v 0.068008 0.685616 0.476231
v 0.067955 0.681320 0.472098
v 0.067698 0.672895 0.466984
v 0.067566 0.671575 0.462954
v 0.068647 0.674210 0.458863
v 0.068902 0.677993 0.463507
v 0.071552 0.674945 0.457267
v 0.073614 0.679334 0.459986
v 0.069358 0.682110 0.468154
v 0.074274 0.683577 0.464968
v 0.070264 0.694838 0.475615
v 0.069859 0.686725 0.469813
v 0.074687 0.686376 0.467552
v 0.071584 0.703259 0.477475
v 0.075693 0.704872 0.473276
v 0.075365 0.696358 0.472075
v 0.107478 0.781956 0.048370
v 0.108000 0.776667 0.048841
v 0.107924 0.785160 0.045070
v 0.109216 0.772776 0.045889
v 0.112820 0.784689 0.000000
v 0.114293 0.772608 0.000000
v 0.075365 0.696358 0.472075
v 0.074687 0.686376 0.467552
v 0.074274 0.683577 0.464968
v 0.073614 0.679334 0.459986
v 0.071552 0.674945 0.457267
v 0.107478 0.781956 -0.048370
v 0.107924 0.785160 -0.045070
v 0.108000 0.776667 -0.048841
v 0.109216 0.772776 -0.045889
v 0.114293 0.772608 0.000000
v 0.112820 0.784689 0.000000
v 0.026666 0.655979 0.481235
v 0.020219 0.662717 0.484080
v 0.025915 0.663623 0.481975
v 0.021562 0.655427 0.482429
v 0.017073 0.661843 0.489449
v 0.018893 0.654788 0.487872
v 0.020446 0.656880 0.492747
v 0.023526 0.669555 0.482795
v 0.016784 0.678884 0.484978
v 0.022231 0.679121 0.483016
v 0.029255 0.671065 0.485683
v 0.031018 0.664516 0.484357
v 0.018869 0.669279 0.484703
v 0.016073 0.668155 0.489594
v 0.017338 0.667252 0.495347
v 0.022014 0.668029 0.497841
v 0.024373 0.658544 0.494535
v 0.028054 0.669409 0.495833
v 0.029612 0.658486 0.493593
v 0.032877 0.663988 0.490642
v 0.033005 0.657137 0.489234
v 0.031018 0.664516 0.484357
v 0.032473 0.657232 0.483527
v 0.025915 0.663623 0.481975
v 0.026666 0.655979 0.481235
v 0.016773 0.672660 0.496048
v 0.021302 0.674708 0.497904
v 0.019741 0.689961 0.499821
v 0.027473 0.691105 0.497919
v 0.027370 0.695427 0.497915
v 0.027789 0.673731 0.496375
v 0.012951 0.681493 0.490711
v 0.013445 0.689938 0.497427
v 0.019248 0.696195 0.499654
v 0.027382 0.704977 0.497604
v 0.030283 0.701857 0.490701
v 0.029785 0.692974 0.494986
v 0.030162 0.683140 0.492514
v 0.031041 0.672728 0.491077
v 0.029255 0.671065 0.485683
v 0.013510 0.694111 0.497495
v 0.012518 0.690204 0.491087
v 0.028205 0.680486 0.486173
v 0.026948 0.690622 0.486572
v 0.026647 0.698024 0.484669
v 0.031640 0.702712 0.489630
v 0.029216 0.710411 0.491351
v 0.024674 0.714891 0.495007
v 0.015085 0.714188 0.492059
v 0.011601 0.699803 0.489322
v 0.015184 0.689503 0.485674
v 0.012263 0.708359 0.484227
v 0.014743 0.697924 0.483318
v 0.021572 0.689870 0.483563
v 0.028205 0.680486 0.486173
v 0.026948 0.690622 0.486572
v 0.021768 0.697325 0.481476
v 0.026647 0.698024 0.484669
v 0.065710 0.656825 0.469782
v 0.062483 0.655408 0.468349
v 0.063433 0.656782 0.466075
v 0.060311 0.656265 0.466905
v 0.060167 0.655993 0.470502
v 0.065918 0.663580 0.475999
v 0.068140 0.663314 0.470804
v 0.066016 0.663259 0.465439
v 0.061480 0.662641 0.464145
v 0.056430 0.661783 0.465750
v 0.054863 0.661271 0.471262
v 0.056971 0.662096 0.476248
v 0.061396 0.663282 0.477545
v 0.047723 0.678079 0.484897
v 0.040721 0.687810 0.483159
v 0.045944 0.688466 0.485602
v 0.041915 0.676817 0.482313
v 0.048482 0.666694 0.483119
v 0.043521 0.665936 0.480831
v 0.050280 0.659609 0.480331
v 0.044449 0.658013 0.478036
v 0.044169 0.714184 0.496057
v 0.039917 0.693360 0.500551
v 0.046795 0.693033 0.498003
v 0.048673 0.704021 0.495958
v 0.049402 0.710337 0.493202
v 0.051542 0.703539 0.487215
v 0.049485 0.701399 0.490234
v 0.047294 0.697073 0.484709
v 0.048999 0.690028 0.493797
v 0.049897 0.679977 0.490149
v 0.050603 0.666139 0.488281
v 0.051638 0.659774 0.486778
v 0.052543 0.653493 0.483482
v 0.050536 0.652470 0.477580
v 0.044985 0.651249 0.475840
v 0.049777 0.654437 0.489351
v 0.049195 0.665067 0.493267
v 0.044054 0.654004 0.490764
v 0.047127 0.687757 0.496715
v 0.048783 0.669472 0.495102
v 0.043908 0.663261 0.495725
v 0.039644 0.652324 0.489292
v 0.040746 0.686161 0.499179
v 0.042887 0.670076 0.497380
v 0.038060 0.667536 0.495111
v 0.038633 0.662521 0.493736
v 0.036681 0.663998 0.488382
v 0.036758 0.657101 0.487268
v 0.038859 0.656654 0.480694
v 0.038231 0.650572 0.483746
v 0.039694 0.650352 0.477512
v 0.044985 0.651249 0.475840
v 0.044449 0.658013 0.478036
v 0.039612 0.664980 0.483252
v 0.033771 0.677959 0.490238
v 0.034750 0.686186 0.497557
v 0.043521 0.665936 0.480831
v 0.036357 0.676144 0.484796
v 0.033098 0.687130 0.491524
v 0.034597 0.691320 0.498881
v 0.035882 0.714137 0.494488
v 0.041915 0.676817 0.482313
v 0.035161 0.687054 0.485881
v 0.032708 0.701089 0.490200
v 0.031640 0.702712 0.489630
v 0.029216 0.710411 0.491351
v 0.034874 0.697029 0.484489
v 0.040721 0.687810 0.483159
v 0.045944 0.688466 0.485602
v 0.040512 0.696702 0.481855
v 0.047294 0.697073 0.484709
v -0.001139 0.734579 0.442546
v -0.005972 0.718729 0.443593
v 0.007027 0.729399 0.448046
v -0.008217 0.727403 0.435288
v 0.012263 0.708359 0.484227
v 0.016132 0.719255 0.489399
v 0.013947 0.725994 0.479035
v 0.014171 0.718109 0.466918
v 0.010755 0.732908 0.462001
v 0.013156 0.723960 0.450839
v 0.007604 0.748464 0.439692
v -0.004042 0.736209 0.433289
v -0.005824 0.727163 0.426897
v -0.007134 0.717828 0.430448
v -0.002198 0.713875 0.427082
v -0.005909 0.707907 0.429358
v -0.011531 0.710124 0.431923
v -0.004895 0.698870 0.432200
v -0.010326 0.701006 0.434545
v -0.006315 0.686767 0.436215
v -0.012559 0.689864 0.439053
v 0.012907 0.750183 0.451551
v 0.014877 0.705229 0.478681
v 0.014743 0.697924 0.483318
v 0.000680 0.724790 0.424334
v -0.002287 0.735282 0.424974
v 0.007057 0.749245 0.432318
v 0.019264 0.767722 0.440188
v 0.021641 0.750250 0.465326
v 0.014476 0.733503 0.474211
v 0.017201 0.729690 0.482909
v 0.025074 0.733258 0.481602
v 0.037278 0.748562 0.472060
v 0.036636 0.771440 0.453892
v 0.050429 0.749218 0.472539
v 0.037143 0.793530 0.437190
v 0.026616 0.785381 0.425366
v 0.028374 0.776652 0.410210
v 0.025244 0.756508 0.423053
v 0.014535 0.761726 0.429768
v 0.008973 0.749194 0.424448
v 0.003898 0.731911 0.420971
v 0.020602 0.742319 0.420048
v 0.049686 0.737257 0.481936
v 0.063863 0.748832 0.471749
v 0.036890 0.737485 0.482506
v 0.063615 0.769981 0.456927
v 0.076957 0.764184 0.453085
v 0.078085 0.788759 0.431881
v 0.080472 0.780986 0.419408
v 0.065040 0.795329 0.435672
v 0.050139 0.772352 0.403862
v 0.070907 0.771585 0.405640
v 0.069812 0.747588 0.431926
v 0.076658 0.750956 0.437575
v 0.079662 0.758155 0.445827
v 0.081387 0.748851 0.466094
v 0.062509 0.738526 0.483249
v 0.053357 0.723408 0.493790
v 0.038989 0.721485 0.493507
v 0.028191 0.721106 0.491547
v 0.024674 0.714891 0.495007
v 0.015085 0.714188 0.492059
v 0.086081 0.746605 0.452579
v 0.068537 0.719920 0.491913
v 0.080420 0.736020 0.478452
v 0.086599 0.730909 0.471198
v 0.083531 0.740371 0.445502
v 0.072603 0.735964 0.440739
v 0.057875 0.733862 0.435952
v 0.056337 0.748549 0.427948
v 0.085588 0.716452 0.480920
v 0.084748 0.726070 0.464736
v 0.080380 0.718837 0.490194
v 0.075915 0.720260 0.492092
v 0.073140 0.712050 0.489105
v 0.068218 0.712421 0.491864
v 0.063632 0.712966 0.492926
v 0.055757 0.713050 0.492806
v 0.049402 0.710337 0.493202
v 0.044169 0.714184 0.496057
v 0.035882 0.714137 0.494488
v 0.029216 0.710411 0.491351
v 0.054997 0.717659 0.458798
v 0.045178 0.724104 0.440569
v 0.039130 0.702482 0.478844
v 0.034211 0.703896 0.483088
v 0.036379 0.707598 0.468779
v 0.047227 0.702672 0.480238
v 0.048225 0.710492 0.471993
v 0.060446 0.709409 0.468893
v 0.070608 0.720444 0.460504
v 0.056747 0.705705 0.474359
v 0.051978 0.704270 0.479546
v 0.034874 0.697029 0.484489
v 0.031640 0.702712 0.489630
v 0.040512 0.696702 0.481855
v 0.047294 0.697073 0.484709
v 0.051542 0.703539 0.487215
v 0.054632 0.703012 0.479143
v 0.059628 0.703170 0.477544
v 0.064042 0.702872 0.478351
v 0.067733 0.709174 0.477078
v 0.072917 0.710762 0.471241
v 0.082940 0.713948 0.472503
v 0.084019 0.707998 0.480189
v 0.068915 0.703537 0.483629
v 0.071584 0.703259 0.477475
v 0.075693 0.704872 0.473276
v 0.079481 0.703650 0.474905
v 0.083360 0.700988 0.480139
v 0.082795 0.702700 0.486529
v 0.084352 0.708756 0.484361
v 0.080540 0.711393 0.488163
v 0.075375 0.668698 0.460750
v 0.072495 0.668221 0.459604
v 0.073287 0.669817 0.458073
v 0.070712 0.669481 0.458903
v 0.070768 0.668341 0.461652
v 0.076486 0.670564 0.466965
v 0.078161 0.673150 0.462021
v 0.076110 0.674666 0.458035
v 0.071552 0.674945 0.457267
v 0.068647 0.674210 0.458863
v 0.067566 0.671575 0.462954
v 0.069555 0.670057 0.467681
v 0.072823 0.670323 0.468532
v 0.030757 0.651302 0.489464
v 0.027438 0.649312 0.487591
v 0.028919 0.650129 0.484933
v 0.025351 0.649709 0.485353
v 0.024559 0.650388 0.489375
v 0.029612 0.658486 0.493593
v 0.033005 0.657137 0.489234
v 0.032473 0.657232 0.483527
v 0.026666 0.655979 0.481235
v 0.021562 0.655427 0.482429
v 0.018893 0.654788 0.487872
v 0.020446 0.656880 0.492747
v 0.024373 0.658544 0.494535
v -0.010034 0.679777 0.442057
v -0.011036 0.679608 0.447011
v -0.013378 0.681063 0.442686
v -0.014104 0.682276 0.445848
v -0.012959 0.682886 0.449028
v -0.009625 0.682488 0.450792
v -0.007715 0.680208 0.445901
v -0.004271 0.691582 0.452638
v -0.000066 0.689254 0.449160
v -0.009503 0.692376 0.450089
v -0.002801 0.703242 0.450398
v -0.008707 0.704399 0.448635
v -0.001738 0.711424 0.447786
v -0.008573 0.712512 0.445132
v 0.000559 0.718689 0.446099
v -0.005972 0.718729 0.443593
v 0.007027 0.729399 0.448046
v 0.012256 0.721634 0.445508
v 0.013156 0.723960 0.450839
v 0.029494 0.718888 0.447451
v 0.014171 0.718109 0.466918
v 0.031791 0.714495 0.461066
v 0.025414 0.706206 0.472548
v 0.014877 0.705229 0.478681
v 0.021513 0.702129 0.479314
v 0.027528 0.701804 0.480496
v 0.004923 0.714794 0.443661
v 0.002106 0.709170 0.445736
v 0.002046 0.701604 0.448920
v 0.021768 0.697325 0.481476
v 0.014743 0.697924 0.483318
v 0.026647 0.698024 0.484669
v 0.041416 0.729401 0.427530
v 0.039622 0.748950 0.417863
v 0.028374 0.776652 0.410210
v 0.025244 0.756508 0.423053
v 0.020602 0.742319 0.420048
v 0.025529 0.731875 0.419396
v 0.025108 0.721626 0.431371
v 0.014116 0.726454 0.421518
v 0.013765 0.720331 0.433777
v 0.004887 0.719170 0.427429
v 0.004324 0.713512 0.428995
v 0.000680 0.724790 0.424334
v -0.002198 0.713875 0.427082
v 0.001601 0.705822 0.433713
v -0.005909 0.707907 0.429358
v 0.000377 0.696197 0.436602
v -0.004895 0.698870 0.432200
v 0.003898 0.731911 0.420971
v 0.006826 0.712831 0.436667
v 0.004191 0.704937 0.438960
v 0.004001 0.697563 0.442686
v -0.001474 0.688637 0.440910
v -0.006315 0.686767 0.436215
v -0.010034 0.679777 0.442057
v 0.078085 0.788759 0.431881
v 0.080472 0.780986 0.419408
v 0.054493 0.792100 0.414924
v 0.070907 0.771585 0.405640
v 0.050139 0.772352 0.403862
v 0.028374 0.776652 0.410210
v 0.026616 0.785381 0.425366
v 0.037143 0.793530 0.437190
v 0.065040 0.795329 0.435672
v 0.060170 0.655993 -0.470503
v 0.062486 0.655407 -0.468350
v 0.060313 0.656264 -0.466906
v 0.063435 0.656781 -0.466076
v 0.065713 0.656825 -0.469783
v 0.065921 0.663579 -0.475999
v 0.061399 0.663281 -0.477546
v 0.056974 0.662095 -0.476248
v 0.054866 0.661271 -0.471263
v 0.056433 0.661782 -0.465751
v 0.061483 0.662641 -0.464145
v 0.066018 0.663258 -0.465439
v 0.068143 0.663313 -0.470805
v 0.049197 0.665066 -0.493266
v 0.049779 0.654436 -0.489350
v 0.044057 0.654003 -0.490764
v 0.043910 0.663260 -0.495725
v 0.039646 0.652323 -0.489291
v 0.048786 0.669471 -0.495102
v 0.049487 0.701398 -0.490234
v 0.046798 0.693032 -0.498003
v 0.048675 0.704020 -0.495958
v 0.049002 0.690027 -0.493796
v 0.047130 0.687756 -0.496715
v 0.049900 0.679976 -0.490148
v 0.050605 0.666138 -0.488280
v 0.051641 0.659773 -0.486778
v 0.052545 0.653492 -0.483481
v 0.039919 0.693359 -0.500551
v 0.044171 0.714184 -0.496057
v 0.049404 0.710336 -0.493202
v 0.051544 0.703538 -0.487215
v 0.047296 0.697072 -0.484709
v 0.045946 0.688465 -0.485602
v 0.047725 0.678078 -0.484897
v 0.048485 0.666693 -0.483118
v 0.050282 0.659608 -0.480331
v 0.050539 0.652470 -0.477580
v 0.044452 0.658012 -0.478036
v 0.044987 0.651248 -0.475839
v 0.040723 0.687810 -0.483158
v 0.041918 0.676816 -0.482313
v 0.043524 0.665935 -0.480830
v 0.034599 0.691319 -0.498881
v 0.034752 0.686185 -0.497556
v 0.035884 0.714136 -0.494488
v 0.029218 0.710410 -0.491351
v 0.031642 0.702711 -0.489630
v 0.032710 0.701089 -0.490200
v 0.033100 0.687129 -0.491524
v 0.033774 0.677958 -0.490238
v 0.036359 0.676143 -0.484796
v 0.039615 0.664979 -0.483251
v 0.043524 0.665935 -0.480830
v 0.044452 0.658012 -0.478036
v 0.034876 0.697028 -0.484488
v 0.035163 0.687053 -0.485881
v 0.041918 0.676816 -0.482313
v 0.047296 0.697072 -0.484709
v 0.040514 0.696702 -0.481855
v 0.045946 0.688465 -0.485602
v 0.040723 0.687810 -0.483158
v 0.042889 0.670075 -0.497380
v 0.038635 0.662520 -0.493735
v 0.036761 0.657100 -0.487268
v 0.038234 0.650571 -0.483745
v 0.039696 0.650351 -0.477511
v 0.038861 0.656653 -0.480694
v 0.044987 0.651248 -0.475839
v 0.036684 0.663997 -0.488381
v 0.038063 0.667534 -0.495111
v 0.040748 0.686160 -0.499179
v 0.055928 0.691773 -0.489823
v 0.061288 0.692427 -0.491134
v 0.055631 0.687635 -0.487581
v 0.055759 0.713049 -0.492806
v 0.063634 0.712966 -0.492926
v 0.049404 0.710336 -0.493202
v 0.051544 0.703538 -0.487215
v 0.052225 0.701978 -0.484889
v 0.053854 0.690145 -0.482752
v 0.053440 0.684424 -0.480637
v 0.055747 0.684164 -0.475467
v 0.055829 0.675473 -0.473888
v 0.060354 0.676459 -0.471749
v 0.061780 0.668455 -0.467390
v 0.054634 0.703012 -0.479143
v 0.055369 0.691551 -0.477785
v 0.060792 0.685076 -0.473219
v 0.059630 0.703169 -0.477544
v 0.060568 0.692738 -0.475252
v 0.067752 0.702428 -0.484967
v 0.067885 0.705578 -0.490078
v 0.068917 0.703536 -0.483630
v 0.068220 0.712420 -0.491864
v 0.066304 0.692594 -0.488263
v 0.061420 0.686884 -0.488520
v 0.056395 0.676556 -0.485172
v 0.054545 0.675144 -0.478720
v 0.057381 0.668698 -0.469948
v 0.061483 0.662641 -0.464145
v 0.056433 0.661782 -0.465751
v 0.053976 0.668023 -0.475614
v 0.054866 0.661271 -0.471263
v 0.056974 0.662095 -0.476248
v 0.056477 0.672659 -0.482858
v 0.061343 0.677993 -0.487369
v 0.066718 0.688587 -0.486333
v 0.068398 0.691230 -0.484228
v 0.064045 0.702871 -0.478351
v 0.061661 0.672863 -0.484447
v 0.061399 0.663281 -0.477546
v 0.066384 0.677711 -0.484842
v 0.066333 0.674377 -0.482220
v 0.065921 0.663579 -0.475999
v 0.067415 0.676359 -0.478123
v 0.068521 0.685327 -0.479854
v 0.068586 0.669549 -0.474753
v 0.068143 0.663313 -0.470805
v 0.064856 0.692164 -0.477120
v 0.065454 0.685205 -0.475114
v 0.064948 0.676809 -0.473601
v 0.067040 0.669323 -0.470586
v 0.066018 0.663258 -0.465439
v 0.059630 0.703169 -0.477544
v 0.060568 0.692738 -0.475252
v 0.060792 0.685076 -0.473219
v 0.060354 0.676459 -0.471749
v 0.061780 0.668455 -0.467390
v 0.061483 0.662641 -0.464145
v 0.049556 0.646148 -0.483768
v 0.046139 0.644204 -0.482149
v 0.043429 0.644999 -0.484344
v 0.043792 0.644761 -0.480272
v 0.047268 0.645365 -0.479470
v 0.050539 0.652470 -0.477580
v 0.052545 0.653492 -0.483481
v 0.049779 0.654436 -0.489350
v 0.044057 0.654003 -0.490764
v 0.039646 0.652323 -0.489291
v 0.038234 0.650571 -0.483745
v 0.039696 0.650351 -0.477511
v 0.044987 0.651248 -0.475839
v 0.078164 0.673149 -0.462021
v 0.076488 0.670563 -0.466965
v 0.079052 0.676326 -0.467590
v 0.078651 0.683255 -0.466197
v 0.076970 0.679208 -0.462167
v 0.076112 0.674665 -0.458035
v 0.078545 0.686092 -0.468800
v 0.080192 0.681418 -0.470934
v 0.079216 0.675777 -0.472592
v 0.072825 0.670322 -0.468532
v 0.078965 0.695565 -0.473121
v 0.081113 0.685220 -0.474532
v 0.079670 0.678344 -0.475262
v 0.074496 0.674278 -0.474263
v 0.069557 0.670056 -0.467681
v 0.074806 0.678653 -0.477629
v 0.080993 0.690739 -0.481447
v 0.082481 0.693038 -0.479957
v 0.079483 0.703650 -0.474905
v 0.075696 0.704872 -0.473276
v 0.075368 0.696358 -0.472076
v 0.074690 0.686375 -0.467552
v 0.074276 0.683576 -0.464968
v 0.073616 0.679334 -0.459986
v 0.071554 0.674944 -0.457267
v 0.076135 0.689362 -0.483295
v 0.081575 0.694059 -0.483917
v 0.076626 0.694120 -0.486482
v 0.070378 0.678074 -0.476005
v 0.069995 0.674962 -0.473440
v 0.070671 0.690521 -0.482976
v 0.071366 0.693745 -0.485420
v 0.069174 0.693270 -0.479600
v 0.068010 0.685615 -0.476231
v 0.067958 0.681319 -0.472098
v 0.067701 0.672894 -0.466984
v 0.068904 0.677992 -0.463507
v 0.069361 0.682109 -0.468154
v 0.069861 0.686724 -0.469813
v 0.070266 0.694838 -0.475615
v 0.069688 0.702217 -0.482239
v 0.073142 0.712050 -0.489105
v 0.080542 0.711393 -0.488163
v 0.082798 0.702700 -0.486529
v 0.083362 0.700988 -0.480139
v 0.068220 0.712420 -0.491864
v 0.068917 0.703536 -0.483630
v 0.071586 0.703258 -0.477476
v 0.074690 0.686375 -0.467552
v 0.074276 0.683576 -0.464968
v 0.073616 0.679334 -0.459986
v 0.071554 0.674944 -0.457267
v 0.068649 0.674209 -0.458863
v 0.067569 0.671574 -0.462954
v 0.075368 0.696358 -0.472076
v 0.075696 0.704872 -0.473276
v 0.070771 0.668340 -0.461652
v 0.072498 0.668220 -0.459604
v 0.070715 0.669480 -0.458903
v 0.073290 0.669816 -0.458073
v 0.075377 0.668697 -0.460750
v 0.076488 0.670563 -0.466965
v 0.072825 0.670322 -0.468532
v 0.069557 0.670056 -0.467681
v 0.067569 0.671574 -0.462954
v 0.068649 0.674209 -0.458863
v 0.071554 0.674944 -0.457267
v 0.076112 0.674665 -0.458035
v 0.078164 0.673149 -0.462021
v 0.025917 0.663622 -0.481974
v 0.020221 0.662716 -0.484079
v 0.026668 0.655978 -0.481235
v 0.021565 0.655426 -0.482428
v 0.017075 0.661842 -0.489449
v 0.018895 0.654787 -0.487872
v 0.020448 0.656879 -0.492747
v 0.022233 0.679120 -0.483016
v 0.016786 0.678883 -0.484978
v 0.023528 0.669554 -0.482795
v 0.029257 0.671064 -0.485683
v 0.031021 0.664515 -0.484357
v 0.018871 0.669278 -0.484703
v 0.016076 0.668154 -0.489593
v 0.017340 0.667251 -0.495346
v 0.022016 0.668028 -0.497841
v 0.024376 0.658544 -0.494535
v 0.028057 0.669408 -0.495833
v 0.029615 0.658485 -0.493593
v 0.032879 0.663987 -0.490642
v 0.033007 0.657136 -0.489234
v 0.031021 0.664515 -0.484357
v 0.032475 0.657231 -0.483526
v 0.025917 0.663622 -0.481974
v 0.026668 0.655978 -0.481235
v 0.016776 0.672659 -0.496048
v 0.019744 0.689960 -0.499821
v 0.021305 0.674707 -0.497904
v 0.027373 0.695426 -0.497916
v 0.027475 0.691104 -0.497919
v 0.027791 0.673730 -0.496374
v 0.012953 0.681492 -0.490710
v 0.013447 0.689937 -0.497427
v 0.019251 0.696194 -0.499654
v 0.027385 0.704976 -0.497604
v 0.030285 0.701856 -0.490701
v 0.029788 0.692974 -0.494986
v 0.030164 0.683139 -0.492514
v 0.031044 0.672727 -0.491077
v 0.029257 0.671064 -0.485683
v 0.013513 0.694110 -0.497496
v 0.012521 0.690203 -0.491087
v 0.028208 0.680485 -0.486173
v 0.026950 0.690621 -0.486573
v 0.026649 0.698024 -0.484669
v 0.031642 0.702711 -0.489630
v 0.029218 0.710410 -0.491351
v 0.024676 0.714890 -0.495007
v 0.015088 0.714187 -0.492060
v 0.011603 0.699802 -0.489322
v 0.015187 0.689502 -0.485674
v 0.012266 0.708358 -0.484228
v 0.014745 0.697923 -0.483318
v 0.021575 0.689869 -0.483563
v 0.028208 0.680485 -0.486173
v 0.026950 0.690621 -0.486573
v 0.021771 0.697325 -0.481477
v 0.026649 0.698024 -0.484669
v 0.000561 0.718688 -0.446099
v 0.004925 0.714793 -0.443661
v -0.001736 0.711423 -0.447786
v 0.012258 0.721633 -0.445508
v 0.029497 0.718888 -0.447452
v 0.025110 0.721626 -0.431372
v 0.013768 0.720330 -0.433778
v 0.006828 0.712831 -0.436667
v 0.002108 0.709169 -0.445736
v -0.002799 0.703241 -0.450399
v 0.001603 0.705821 -0.433713
v 0.000379 0.696196 -0.436603
v 0.004002 0.697562 -0.442687
v -0.000064 0.689253 -0.449160
v 0.002048 0.701603 -0.448920
v -0.004269 0.691581 -0.452639
v 0.004193 0.704936 -0.438961
v 0.004326 0.713511 -0.428995
v 0.004889 0.719169 -0.427430
v 0.014118 0.726454 -0.421519
v 0.025532 0.731874 -0.419396
v 0.041418 0.729401 -0.427530
v 0.045181 0.724103 -0.440570
v -0.001472 0.688636 -0.440910
v 0.057877 0.733862 -0.435953
v 0.039624 0.748950 -0.417863
v 0.020604 0.742319 -0.420048
v 0.003901 0.731910 -0.420972
v 0.000683 0.724789 -0.424335
v -0.002196 0.713874 -0.427082
v -0.005907 0.707906 -0.429358
v -0.004893 0.698869 -0.432200
v -0.006313 0.686766 -0.436215
v -0.010033 0.679776 -0.442058
v -0.007714 0.680208 -0.445901
v 0.025246 0.756508 -0.423054
v 0.028375 0.776652 -0.410210
v 0.050140 0.772352 -0.403862
v 0.056340 0.748549 -0.427948
v 0.069814 0.747588 -0.431927
v 0.072605 0.735964 -0.440739
v 0.076660 0.750956 -0.437575
v 0.083534 0.740371 -0.445502
v 0.084751 0.726070 -0.464736
v 0.070611 0.720444 -0.460505
v 0.055000 0.717659 -0.458799
v 0.060449 0.709409 -0.468893
v 0.048227 0.710492 -0.471994
v 0.036381 0.707598 -0.468779
v 0.031794 0.714495 -0.461067
v 0.025416 0.706205 -0.472549
v 0.086601 0.730910 -0.471198
v 0.072919 0.710762 -0.471242
v 0.067736 0.709173 -0.477078
v 0.056749 0.705704 -0.474359
v 0.051981 0.704269 -0.479546
v 0.047229 0.702671 -0.480238
v 0.039132 0.702482 -0.478843
v 0.034213 0.703895 -0.483088
v 0.027530 0.701803 -0.480496
v 0.021515 0.702128 -0.479315
v 0.014880 0.705228 -0.478682
v 0.014174 0.718109 -0.466919
v 0.014745 0.697923 -0.483318
v 0.021771 0.697325 -0.481477
v 0.026649 0.698024 -0.484669
v 0.031642 0.702711 -0.489630
v 0.034876 0.697028 -0.484488
v 0.040514 0.696702 -0.481855
v 0.047296 0.697072 -0.484709
v 0.051544 0.703538 -0.487215
v 0.054634 0.703012 -0.479143
v 0.059630 0.703169 -0.477544
v 0.064045 0.702871 -0.478351
v 0.068917 0.703536 -0.483630
v 0.071586 0.703258 -0.477476
v 0.075696 0.704872 -0.473276
v 0.079483 0.703650 -0.474905
v 0.082943 0.713948 -0.472503
v 0.084022 0.707997 -0.480189
v 0.085591 0.716452 -0.480920
v 0.084355 0.708755 -0.484361
v 0.080542 0.711393 -0.488163
v 0.082798 0.702700 -0.486529
v 0.083362 0.700988 -0.480139
v 0.080382 0.718837 -0.490194
v 0.073142 0.712050 -0.489105
v 0.075917 0.720260 -0.492092
v 0.038991 0.721485 -0.493508
v 0.044171 0.714184 -0.496057
v 0.035884 0.714136 -0.494488
v 0.053360 0.723408 -0.493791
v 0.049404 0.710336 -0.493202
v 0.055759 0.713049 -0.492806
v 0.063634 0.712966 -0.492926
v 0.068539 0.719920 -0.491914
v 0.068220 0.712420 -0.491864
v 0.080423 0.736021 -0.478452
v 0.070908 0.771584 -0.405640
v 0.080473 0.780985 -0.419408
v 0.079664 0.758156 -0.445827
v 0.086083 0.746605 -0.452580
v 0.081389 0.748851 -0.466094
v 0.062511 0.738527 -0.483250
v 0.049688 0.737257 -0.481937
v 0.036893 0.737485 -0.482507
v 0.050432 0.749218 -0.472539
v 0.078086 0.788758 -0.431881
v 0.076959 0.764184 -0.453085
v 0.063866 0.748832 -0.471749
v 0.063617 0.769981 -0.456927
v 0.036638 0.771440 -0.453893
v 0.065040 0.795329 -0.435672
v 0.037143 0.793529 -0.437190
v 0.019266 0.767722 -0.440188
v 0.026617 0.785380 -0.425366
v 0.014537 0.761725 -0.429769
v 0.025246 0.756508 -0.423054
v 0.020604 0.742319 -0.420048
v 0.008975 0.749193 -0.424448
v 0.003901 0.731910 -0.420972
v 0.028375 0.776652 -0.410210
v 0.007059 0.749244 -0.432318
v -0.002285 0.735281 -0.424975
v 0.007606 0.748463 -0.439692
v -0.004040 0.736208 -0.433289
v -0.005822 0.727162 -0.426898
v 0.000683 0.724789 -0.424335
v -0.002196 0.713874 -0.427082
v -0.007132 0.717828 -0.430449
v -0.008215 0.727402 -0.435288
v -0.001137 0.734578 -0.442546
v 0.007029 0.729398 -0.448047
v 0.010758 0.732908 -0.462002
v 0.013159 0.723959 -0.450839
v 0.014174 0.718109 -0.466919
v 0.013949 0.725994 -0.479035
v 0.012266 0.708358 -0.484228
v 0.016135 0.719254 -0.489400
v 0.015088 0.714187 -0.492060
v 0.024676 0.714890 -0.495007
v 0.028193 0.721105 -0.491547
v 0.029218 0.710410 -0.491351
v 0.014479 0.733503 -0.474211
v 0.014745 0.697923 -0.483318
v 0.014880 0.705228 -0.478682
v 0.037281 0.748562 -0.472061
v 0.021644 0.750249 -0.465327
v 0.012909 0.750183 -0.451552
v 0.017204 0.729689 -0.482910
v 0.025076 0.733258 -0.481602
v 0.024561 0.650387 -0.489375
v 0.027441 0.649311 -0.487591
v 0.025353 0.649709 -0.485352
v 0.028922 0.650128 -0.484933
v 0.030760 0.651301 -0.489464
v 0.029615 0.658485 -0.493593
v 0.024376 0.658544 -0.494535
v 0.020448 0.656879 -0.492747
v 0.018895 0.654787 -0.487872
v 0.021565 0.655426 -0.482428
v 0.026668 0.655978 -0.481235
v 0.032475 0.657231 -0.483526
v 0.033007 0.657136 -0.489234
v -0.005970 0.718728 -0.443593
v -0.009697 0.718472 -0.437367
v -0.011529 0.710123 -0.431923
v -0.013767 0.711299 -0.440213
v -0.010324 0.701005 -0.434545
v -0.012294 0.703583 -0.442592
v -0.012557 0.689863 -0.439054
v -0.014233 0.691142 -0.444792
v -0.008571 0.712511 -0.445132
v -0.008705 0.704398 -0.448635
v -0.009501 0.692375 -0.450089
v -0.012957 0.682885 -0.449029
v -0.014102 0.682275 -0.445848
v -0.013376 0.681063 -0.442686
v -0.010033 0.679776 -0.442058
v -0.006313 0.686766 -0.436215
v -0.004893 0.698869 -0.432200
v -0.005907 0.707906 -0.429358
v 0.054493 0.792100 -0.414924
v 0.080473 0.780985 -0.419408
v 0.078086 0.788758 -0.431881
v 0.070908 0.771584 -0.405640
v 0.050140 0.772352 -0.403862
v 0.028375 0.776652 -0.410210
v 0.026617 0.785380 -0.425366
v 0.037143 0.793529 -0.437190
v 0.065040 0.795329 -0.435672
v 0.051465 0.784449 -0.418895
v 0.065525 0.767980 -0.403640
v 0.043457 0.765550 -0.400713
v 0.080880 0.777898 -0.415026
v 0.081717 0.778310 -0.431589
v 0.074525 0.785743 -0.440654
v 0.061132 0.789780 -0.446067
v 0.054123 0.790214 -0.446796
v 0.045637 0.789326 -0.445913
v 0.036970 0.786925 -0.443142
v 0.031685 0.784569 -0.440347
v 0.022009 0.776637 -0.429865
v 0.022425 0.769105 -0.421317
v 0.031034 0.761448 -0.411976
v 0.037316 0.963342 0.330801
v 0.058204 0.961193 0.323591
v 0.038111 0.960528 0.325304
v 0.060853 0.963553 0.329614
v 0.078208 0.955422 0.315939
v 0.080083 0.956667 0.319585
v 0.087820 0.940469 0.305334
v 0.091474 0.939647 0.307180
v 0.091474 0.939647 0.307180
v 0.088359 0.928739 0.288912
v 0.087820 0.940469 0.305334
v 0.091508 0.925106 0.289034
v 0.075556 0.920675 0.272578
v 0.080107 0.917001 0.269950
v 0.058409 0.913161 0.266059
v 0.060548 0.907544 0.263005
v 0.036850 0.908593 0.266665
v 0.037419 0.902361 0.266349
v 0.019129 0.909266 0.280052
v 0.018147 0.900636 0.283728
v 0.008817 0.919346 0.296023
v 0.006490 0.910258 0.302248
v 0.008459 0.933911 0.311913
v 0.005470 0.927723 0.318793
v 0.019878 0.949964 0.321860
v 0.016695 0.950869 0.326741
v 0.083778 0.942636 0.280550
v 0.066307 0.944397 0.255419
v 0.079514 0.955808 0.269739
v 0.068421 0.930783 0.266188
v 0.045943 0.939634 0.245653
v 0.051149 0.924118 0.258829
v 0.023024 0.941473 0.243538
v 0.030651 0.922708 0.258744
v 0.011424 0.950093 0.248506
v 0.018660 0.929258 0.267911
v 0.001374 0.962502 0.260756
v 0.008168 0.939345 0.281616
v 0.006256 0.974362 0.278751
v 0.008745 0.951632 0.297462
v 0.013282 0.961769 0.309399
v 0.019832 0.983761 0.299919
v 0.086259 0.955447 0.296565
v 0.083838 0.969245 0.286451
v 0.083161 0.980147 0.250682
v 0.077800 0.996062 0.271875
v 0.071752 0.964337 0.231750
v 0.047965 0.954763 0.222551
v 0.032686 0.962903 0.223719
v 0.007880 0.979948 0.219543
v -0.002490 0.992948 0.221232
v -0.005293 1.002966 0.230245
v -0.007660 1.007817 0.242166
v -0.000588 1.007203 0.260273
v 0.019011 1.004456 0.279020
v 0.030562 1.009219 0.288984
v 0.057686 1.006077 0.287346
v 0.086259 0.955447 0.296565
v 0.075210 0.965745 0.309941
v 0.083838 0.969245 0.286451
v 0.068669 0.979325 0.299086
v 0.077800 0.996062 0.271875
v 0.047274 0.985260 0.306170
v 0.029517 0.968905 0.316975
v 0.050688 0.969958 0.316751
v 0.066002 1.027454 0.180414
v 0.079690 1.046090 0.142345
v 0.078396 1.054587 0.192897
v 0.060205 1.020733 0.141361
v 0.043936 1.016850 0.173168
v 0.035574 1.009008 0.121782
v 0.000420 1.109457 0.191107
v -0.015132 1.077564 0.176286
v -0.013765 1.077057 0.184056
v -0.001129 1.095542 0.206952
v 0.023323 1.105080 0.217367
v 0.025299 1.123424 0.194818
v 0.051242 1.104664 0.213172
v 0.057863 1.118253 0.190159
v 0.070909 1.092580 0.198267
v 0.076046 1.092669 0.185422
v 0.086348 1.088649 0.163510
v 0.088960 1.057901 0.106626
v 0.072871 1.025618 0.102424
v 0.034396 0.994531 0.102809
v 0.027679 1.134629 0.175685
v -0.000692 1.116976 0.174085
v -0.011703 1.078195 0.188459
v -0.004664 1.040123 0.183035
v 0.063834 1.127342 0.167857
v 0.033416 1.146602 0.150775
v 0.000098 1.127243 0.150241
v -0.016914 1.079850 0.156158
v -0.005860 1.041546 0.148600
v -0.023278 1.052131 0.108847
v -0.004725 1.012313 0.105866
v 0.008552 1.013291 0.145349
v 0.035574 1.009008 0.121782
v 0.043936 1.016850 0.173168
v 0.016648 1.019606 0.174938
v 0.034396 0.994531 0.102809
v -0.025146 1.088824 0.115613
v 0.002296 1.138849 0.102984
v 0.036326 1.157013 0.101205
v 0.078072 1.146207 0.102437
v 0.071344 1.134446 0.141119
v 0.088147 1.088189 0.143906
v 0.090810 1.094003 0.113160
v -0.143355 -0.000034 -0.068852
v -0.024314 0.000015 -0.076212
v -0.127327 0.000000 -0.036056
v -0.134459 0.000000 -0.098744
v -0.115906 0.000000 -0.111653
v -0.077254 -0.000198 -0.116924
v -0.035169 -0.000350 -0.122207
v 0.002338 -0.000517 -0.118214
v 0.023162 0.000000 -0.114697
v -0.104000 0.000000 -0.031222
v -0.074166 0.000057 -0.028551
v -0.002287 0.000057 -0.035541
v 0.059150 0.000000 -0.031964
v 0.094953 0.000580 -0.055010
v 0.095089 0.000001 -0.084210
v 0.056850 0.000023 -0.110287
v -0.013376 0.681063 -0.442686
v -0.011034 0.679607 -0.447011
v -0.010033 0.679776 -0.442058
v -0.009623 0.682488 -0.450792
v -0.012957 0.682885 -0.449029
v -0.014102 0.682275 -0.445848
v -0.009501 0.692375 -0.450089
v -0.008705 0.704398 -0.448635
v -0.008571 0.712511 -0.445132
v -0.005970 0.718728 -0.443593
v 0.007029 0.729398 -0.448047
v 0.013159 0.723959 -0.450839
v 0.046812 0.375320 -0.123485
v 0.012821 0.392477 -0.133585
v 0.042839 0.392984 -0.123485
v 0.016344 0.374813 -0.133585
v -0.023281 0.391442 -0.123485
v -0.016184 0.371216 -0.123485
v -0.049475 0.390427 -0.097039
v -0.028415 0.419765 -0.126460
v 0.009410 0.407387 -0.133055
v 0.036246 0.409051 -0.125941
v 0.059991 0.391442 -0.097038
v 0.057127 0.421646 -0.095116
v 0.062524 0.369696 -0.097038
v 0.067980 0.350113 -0.097449
v 0.045709 0.352279 -0.124150
v 0.021307 0.354095 -0.130611
v -0.013300 0.347888 -0.120939
v -0.041443 0.364121 -0.097038
v -0.041443 0.364121 -0.064349
v -0.049474 0.390427 -0.064349
v -0.023281 0.391442 -0.037905
v -0.025355 0.371216 -0.037905
v 0.012821 0.392477 -0.025232
v 0.016344 0.374813 -0.026098
v 0.042840 0.392984 -0.037905
v 0.046812 0.375320 -0.037905
v -0.028534 0.342328 -0.104315
v -0.040191 0.340198 -0.078763
v -0.029505 0.343812 -0.052191
v -0.015910 0.349997 -0.033882
v 0.018383 0.354696 -0.029503
v 0.045089 0.353337 -0.038429
v 0.059991 0.391442 -0.064349
v 0.062524 0.369696 -0.064349
v 0.068389 0.350856 -0.063329
v 0.067980 0.350113 -0.097449
v 0.062524 0.369696 -0.097038
v 0.059991 0.391442 -0.097038
v 0.057127 0.421646 -0.095116
v 0.056084 0.422309 -0.061672
v 0.034530 0.409228 -0.035632
v 0.009412 0.407387 -0.027430
v -0.028415 0.419765 -0.040331
v -0.050086 0.436597 -0.061887
v -0.050086 0.436597 -0.098051
v -0.002120 0.090064 -0.040585
v 0.020307 0.071902 -0.038131
v 0.027401 0.094243 -0.043039
v 0.009548 0.102082 -0.047957
v 0.061089 0.052682 -0.038258
v 0.021920 0.046502 -0.034961
v -0.048774 0.067742 -0.093709
v -0.047869 0.051735 -0.108780
v -0.078915 0.048283 -0.103090
v -0.045836 0.077736 -0.073533
v -0.027513 0.102221 -0.077025
v -0.044329 0.067611 -0.051051
v -0.024969 0.096170 -0.057644
v -0.012217 0.104105 -0.059792
v 0.021184 0.113310 -0.050771
v 0.055148 0.094864 -0.040348
v 0.057020 0.081694 -0.039553
v 0.085240 0.088638 -0.062918
v 0.089576 0.050613 -0.056057
v 0.090782 0.051658 -0.081781
v 0.089416 0.089527 -0.082950
v -0.019279 0.114802 -0.077172
v -0.005360 0.115086 -0.059838
v 0.056589 0.105412 -0.042484
v 0.077800 0.099665 -0.055345
v 0.087312 0.098838 -0.070558
v 0.079824 0.099978 -0.091565
v 0.057112 0.053335 -0.108362
v 0.062387 0.085546 -0.109282
v 0.065659 0.106313 -0.107631
v 0.043338 0.105671 -0.113530
v 0.027401 0.094243 -0.111370
v 0.015769 0.115488 -0.109654
v 0.007994 0.102744 -0.107128
v -0.012217 0.104105 -0.095284
v -0.000941 0.092336 -0.109135
v -0.022348 0.096806 -0.096298
v -0.008468 0.115086 -0.092304
v 0.017470 0.073253 -0.117279
v 0.010191 0.046437 -0.119302
v 0.039674 0.079700 -0.111670
v -0.009101 0.041640 -0.032925
v 0.023808 0.017102 -0.032518
v 0.058473 0.017095 -0.032282
v 0.094666 0.017099 -0.055609
v 0.095262 0.017097 -0.081084
v 0.056980 0.017097 -0.110295
v 0.002328 0.017096 -0.118795
v -0.008550 0.043185 -0.120520
v -0.005316 0.066511 -0.116851
v 0.002338 -0.000517 -0.118214
v 0.023162 0.000000 -0.114697
v 0.056850 0.000023 -0.110287
v 0.095089 0.000001 -0.084210
v 0.094953 0.000580 -0.055010
v 0.059150 0.000000 -0.031964
v 0.022685 0.000000 -0.032091
v -0.017335 0.017106 -0.035419
v -0.030071 0.017111 -0.034891
v -0.043478 0.044087 -0.033584
v -0.072358 0.017113 -0.029495
v -0.073023 0.045818 -0.042183
v -0.108230 0.039398 -0.042793
v -0.006928 0.060933 -0.033596
v -0.107597 0.017104 -0.031156
v -0.104000 0.000000 -0.031222
v -0.074166 0.000057 -0.028551
v -0.002287 0.000057 -0.035541
v -0.133870 0.040050 -0.069330
v -0.111471 0.052442 -0.070503
v -0.074252 0.060545 -0.072555
v -0.113227 0.042020 -0.093384
v -0.128570 0.031351 -0.090728
v -0.134638 0.017102 -0.096183
v -0.114897 0.017106 -0.106797
v -0.138797 0.017093 -0.069082
v -0.127327 0.000000 -0.036056
v -0.129721 0.017097 -0.045719
v -0.131068 0.032471 -0.051163
v -0.143355 -0.000034 -0.068852
v -0.134459 0.000000 -0.098744
v -0.115906 0.000000 -0.111653
v -0.077254 -0.000198 -0.116924
v -0.076906 0.017102 -0.116285
v -0.035169 -0.000350 -0.122207
v -0.034669 0.017104 -0.122614
v -0.008463 0.115086 0.092304
v -0.012214 0.104105 0.095284
v 0.015773 0.115488 0.109655
v -0.019275 0.114802 0.077172
v -0.027511 0.102222 0.077026
v -0.022347 0.096807 0.096298
v -0.043477 0.044088 0.033584
v -0.073022 0.045819 0.042184
v -0.044329 0.067612 0.051051
v -0.045836 0.077737 0.073534
v -0.048773 0.067742 0.093709
v -0.000939 0.092337 0.109136
v 0.007997 0.102744 0.107128
v 0.027404 0.094244 0.111370
v 0.043342 0.105671 0.113531
v 0.062393 0.085547 0.109282
v 0.065665 0.106314 0.107631
v 0.079831 0.099980 0.091565
v 0.089422 0.089528 0.082950
v 0.087319 0.098840 0.070558
v 0.085244 0.088638 0.062919
v 0.077808 0.099667 0.055345
v -0.047868 0.051736 0.108781
v -0.078914 0.048283 0.103090
v -0.114896 0.017106 0.106797
v -0.076906 0.017102 0.116286
v -0.034669 0.017104 0.122615
v -0.128570 0.031351 0.090729
v -0.134637 0.017102 0.096184
v -0.113226 0.042021 0.093385
v -0.074252 0.060546 0.072555
v 0.061089 0.052682 0.038258
v 0.057021 0.081695 0.039553
v -0.138797 0.017093 0.069082
v -0.143355 -0.000034 0.068852
v -0.134459 0.000000 0.098745
v -0.115905 0.000000 0.111654
v -0.077254 -0.000197 0.116924
v -0.035169 -0.000349 0.122208
v 0.002338 -0.000516 0.118214
v 0.002328 0.017097 0.118796
v 0.023162 0.000001 0.114697
v 0.056980 0.017097 0.110295
v 0.056851 0.000024 0.110288
v 0.095089 0.000001 0.084210
v 0.095262 0.017097 0.081085
v 0.094952 0.000580 0.055011
v 0.094666 0.017099 0.055609
v 0.059149 0.000001 0.031965
v 0.089576 0.050613 0.056058
v 0.058473 0.017095 0.032282
v 0.090782 0.051658 0.081782
v 0.057112 0.053336 0.108363
v 0.022685 0.000001 0.032091
v 0.023807 0.017102 0.032519
v -0.017335 0.017106 0.035420
v -0.002287 0.000058 0.035542
v 0.039675 0.079701 0.111670
v 0.017471 0.073253 0.117279
v -0.005315 0.066512 0.116852
v -0.008550 0.043186 0.120521
v 0.010192 0.046438 0.119302
v 0.055151 0.094864 0.040348
v 0.020308 0.071902 0.038131
v 0.021920 0.046502 0.034962
v -0.009101 0.041641 0.032925
v -0.030071 0.017112 0.034892
v -0.074166 0.000057 0.028552
v -0.072357 0.017114 0.029496
v -0.104000 0.000000 0.031223
v -0.107597 0.017104 0.031156
v -0.127326 0.000000 0.036056
v -0.129720 0.017096 0.045720
v -0.006928 0.060933 0.033596
v -0.108229 0.039399 0.042794
v -0.133870 0.040050 0.069331
v -0.131067 0.032471 0.051163
v -0.111471 0.052442 0.070503
v 0.056596 0.105413 0.042484
v 0.021191 0.113311 0.050772
v 0.027403 0.094244 0.043039
v -0.002120 0.090064 0.040586
v -0.024968 0.096171 0.057644
v -0.012214 0.104105 0.059792
v -0.005353 0.115086 0.059839
v 0.009550 0.102082 0.047957
v 0.038112 0.960528 -0.325304
v 0.058205 0.961193 -0.323591
v 0.037317 0.963342 -0.330801
v 0.060853 0.963553 -0.329614
v 0.078209 0.955422 -0.315940
v 0.080084 0.956667 -0.319586
v 0.087821 0.940469 -0.305334
v 0.091475 0.939647 -0.307181
v 0.087821 0.940469 -0.305334
v 0.088360 0.928739 -0.288912
v 0.091475 0.939647 -0.307181
v 0.091509 0.925106 -0.289034
v 0.075557 0.920675 -0.272578
v 0.080109 0.917001 -0.269950
v 0.058410 0.913161 -0.266059
v 0.060549 0.907544 -0.263006
v 0.036851 0.908594 -0.266665
v 0.037420 0.902361 -0.266349
v 0.019130 0.909266 -0.280052
v 0.018148 0.900636 -0.283728
v 0.008818 0.919346 -0.296023
v 0.006491 0.910258 -0.302247
v 0.008460 0.933911 -0.311913
v 0.005470 0.927723 -0.318793
v 0.019879 0.949964 -0.321859
v 0.016696 0.950869 -0.326741
v 0.050688 0.969958 -0.316751
v 0.029516 0.968905 -0.316975
v 0.047273 0.985260 -0.306170
v 0.068669 0.979324 -0.299087
v 0.075211 0.965745 -0.309941
v 0.013282 0.961769 -0.309399
v 0.019831 0.983761 -0.299918
v 0.057685 1.006076 -0.287346
v 0.077799 0.996062 -0.271875
v 0.083837 0.969245 -0.286452
v 0.086260 0.955447 -0.296566
v 0.079514 0.955808 -0.269739
v 0.066306 0.944397 -0.255419
v 0.083778 0.942635 -0.280550
v 0.068421 0.930783 -0.266188
v 0.045943 0.939634 -0.245653
v 0.051149 0.924118 -0.258829
v 0.023023 0.941473 -0.243538
v 0.030650 0.922708 -0.258744
v 0.011423 0.950093 -0.248506
v 0.018659 0.929258 -0.267911
v 0.001373 0.962502 -0.260755
v 0.008168 0.939345 -0.281616
v 0.006255 0.974362 -0.278750
v 0.008744 0.951632 -0.297462
v 0.083837 0.969245 -0.286452
v 0.086260 0.955447 -0.296566
v -0.023278 1.052131 -0.108847
v -0.005859 1.041546 -0.148600
v -0.004725 1.012313 -0.105866
v 0.008553 1.013291 -0.145349
v -0.004664 1.040123 -0.183034
v 0.016648 1.019606 -0.174938
v 0.043935 1.016850 -0.173168
v 0.035574 1.009008 -0.121782
v 0.034396 0.994531 -0.102809
v 0.090810 1.094003 -0.113160
v 0.088147 1.088189 -0.143906
v 0.078072 1.146207 -0.102437
v 0.071344 1.134446 -0.141119
v 0.086348 1.088649 -0.163510
v 0.063834 1.127342 -0.167857
v 0.076046 1.092669 -0.185423
v 0.057863 1.118253 -0.190160
v 0.070908 1.092580 -0.198267
v 0.051242 1.104664 -0.213172
v 0.025299 1.123424 -0.194818
v 0.023322 1.105080 -0.217367
v 0.000420 1.109457 -0.191107
v -0.001129 1.095542 -0.206951
v -0.013765 1.077057 -0.184056
v -0.011704 1.078195 -0.188459
v -0.015132 1.077564 -0.176286
v -0.016914 1.079850 -0.156158
v 0.078396 1.054587 -0.192898
v -0.025146 1.088824 -0.115613
v 0.000098 1.127243 -0.150241
v 0.002296 1.138849 -0.102984
v 0.033416 1.146603 -0.150775
v 0.036326 1.157013 -0.101205
v 0.027679 1.134629 -0.175685
v -0.000692 1.116976 -0.174085
v 0.088960 1.057901 -0.106626
v 0.079690 1.046091 -0.142346
v 0.066002 1.027454 -0.180415
v 0.060205 1.020733 -0.141361
v 0.043935 1.016850 -0.173168
v 0.035574 1.009008 -0.121782
v 0.072871 1.025618 -0.102424
v 0.034396 0.994531 -0.102809
v -0.078445 0.629128 -0.059383
v -0.081486 0.652323 -0.058748
v -0.075694 0.676550 -0.094884
v -0.048989 0.604867 -0.015732
v -0.076288 0.608116 -0.057023
v -0.047218 0.596798 -0.020512
v 0.007462 0.595097 -0.009639
v 0.003591 0.599990 -0.008734
v 0.007921 0.570144 -0.013045
v -0.045091 0.589095 -0.022285
v -0.074394 0.600349 -0.053039
v -0.046176 0.696420 -0.131911
v 0.018115 0.709061 -0.138153
v 0.003593 0.697872 -0.141377
v 0.056175 0.674775 -0.127049
v 0.064125 0.688539 -0.125106
v 0.047713 0.713503 -0.129371
v 0.074416 0.733681 -0.114777
v 0.051272 0.738490 -0.129312
v 0.013614 0.739581 -0.134771
v -0.041870 0.727774 -0.128410
v -0.070957 0.714271 -0.091926
v -0.083188 0.675543 -0.054481
v -0.034761 0.609733 -0.010667
v -0.064767 0.625794 -0.013943
v 0.003592 0.614306 -0.007131
v 0.003593 0.631545 -0.001531
v 0.043457 0.765550 0.400713
v 0.065526 0.767980 0.403639
v 0.051465 0.784449 0.418895
v 0.080881 0.777898 0.415026
v 0.081717 0.778310 0.431589
v 0.074525 0.785743 0.440653
v 0.061132 0.789780 0.446066
v 0.054124 0.790214 0.446796
v 0.045637 0.789326 0.445913
v 0.036971 0.786925 0.443142
v 0.031685 0.784569 0.440347
v 0.022009 0.776637 0.429865
v 0.022425 0.769105 0.421317
v 0.031034 0.761448 0.411977
v 0.046813 0.375321 0.037905
v 0.059991 0.391443 0.064349
v 0.062524 0.369698 0.064349
v 0.042839 0.392985 0.037905
v 0.016344 0.374813 0.026098
v 0.012821 0.392477 0.025232
v -0.025355 0.371215 0.037905
v -0.023283 0.391441 0.037905
v -0.041442 0.364120 0.064349
v -0.049475 0.390426 0.064349
v -0.049477 0.390427 0.097039
v -0.041442 0.364120 0.097039
v -0.016183 0.371215 0.123485
v -0.023283 0.391441 0.123485
v 0.016345 0.374813 0.133585
v 0.012821 0.392477 0.133585
v 0.046813 0.375321 0.123485
v 0.042839 0.392985 0.123485
v 0.009406 0.407387 0.133055
v 0.036242 0.409051 0.125941
v -0.028418 0.419765 0.126460
v -0.050089 0.436597 0.098051
v -0.050089 0.436597 0.061887
v -0.028419 0.419765 0.040331
v 0.009410 0.407387 0.027430
v 0.034526 0.409228 0.035633
v 0.056080 0.422307 0.061672
v 0.057123 0.421644 0.095116
v 0.059991 0.391443 0.097039
v 0.062524 0.369698 0.097039
v 0.045710 0.352280 0.124150
v 0.067981 0.350114 0.097449
v 0.062524 0.369698 0.097039
v 0.059991 0.391443 0.097039
v 0.057123 0.421644 0.095116
v 0.068390 0.350857 0.063329
v 0.067981 0.350114 0.097449
v 0.045090 0.353338 0.038429
v 0.018384 0.354696 0.029503
v -0.015909 0.349996 0.033883
v -0.029504 0.343811 0.052191
v -0.040190 0.340197 0.078763
v -0.028533 0.342327 0.104316
v -0.013299 0.347887 0.120939
v 0.021308 0.354095 0.130612
v 0.102037 0.679290 -0.046618
v 0.093075 0.666455 -0.087715
v 0.098739 0.682653 -0.079462
v 0.107238 0.678291 0.000000
v 0.084554 0.645335 -0.024799
v 0.082479 0.644740 0.000000
v 0.088669 0.646433 0.097428
v 0.088287 0.625497 0.069719
v 0.088669 0.634092 0.049206
v 0.088670 0.656795 0.089538
v 0.056174 0.674775 0.127049
v 0.064124 0.688537 0.125105
v 0.093074 0.666455 0.087715
v 0.098739 0.682653 0.079462
v 0.102037 0.679288 0.046618
v 0.101226 0.717558 0.078470
v 0.107738 0.705193 0.045644
v 0.113120 0.703726 0.000000
v 0.107738 0.705193 -0.045644
v 0.101226 0.717558 -0.078470
v 0.074416 0.733681 -0.114777
v 0.064125 0.688539 -0.125106
v 0.074416 0.733681 0.114777
v 0.088670 0.656796 -0.089538
v 0.090067 0.649175 -0.047760
v 0.056176 0.640975 0.000000
v 0.084554 0.645335 0.024799
v 0.090067 0.649173 0.047760
v 0.056173 0.619660 0.013923
v 0.056172 0.606765 0.019872
v 0.086667 0.611026 0.057044
v 0.054711 0.595406 0.020976
v 0.082206 0.582982 0.048990
v 0.088670 0.634093 -0.049206
v 0.003591 0.614306 0.007131
v 0.003590 0.599990 0.008734
v 0.007460 0.595097 0.009639
v 0.054935 0.594916 0.020049
v 0.053650 0.569194 0.022809
v 0.007919 0.570144 0.013045
v 0.056174 0.619662 -0.013923
v 0.088288 0.625497 -0.069719
v 0.088670 0.646433 -0.097428
v 0.056175 0.674775 -0.127049
v 0.053652 0.569196 -0.022810
v 0.007462 0.595097 -0.009639
v 0.007921 0.570144 -0.013045
v 0.054937 0.594919 -0.020049
v 0.082207 0.582983 -0.048990
v 0.054713 0.595409 -0.020976
v 0.086669 0.611027 -0.057044
v 0.056174 0.606767 -0.019872
v 0.003592 0.614306 -0.007131
v 0.003593 0.631545 -0.001531
v 0.003593 0.631545 0.000000
v 0.003593 0.631545 0.001531
v 0.003591 0.599990 -0.008734
v 0.110786 0.905139 0.063958
v 0.120812 0.924846 0.066517
v 0.101331 0.911335 0.088354
v 0.120134 0.906902 0.029910
v 0.133018 0.941167 0.031105
v 0.134860 0.942510 0.000000
v 0.121872 0.907073 0.000000
v 0.112600 0.902770 0.000000
v 0.103037 0.866759 0.054431
v 0.096543 0.864508 0.000000
v 0.099072 0.902316 0.084955
v 0.092971 0.854950 0.079705
v 0.095680 0.842618 0.040518
v 0.096925 0.839135 0.000000
v 0.092956 0.836004 0.000000
v 0.091782 0.836437 0.038222
v 0.093581 0.816763 0.039676
v 0.091603 0.821716 0.069078
v 0.086665 0.813673 0.066247
v 0.066514 0.812092 0.094749
v 0.071305 0.826143 0.097930
v 0.044878 0.827148 0.115189
v 0.098226 0.815887 0.000000
v 0.069096 0.855912 0.102366
v 0.071634 0.861627 0.108509
v 0.089224 0.849235 0.075194
v 0.003591 0.614306 0.007131
v -0.064767 0.625794 0.013943
v 0.003593 0.631545 0.001531
v 0.003590 0.599990 0.008734
v -0.034763 0.609733 0.010667
v -0.083188 0.675543 0.054482
v -0.046176 0.696420 0.131911
v 0.003592 0.697872 0.141377
v 0.018114 0.709061 0.138153
v 0.056174 0.674775 0.127049
v 0.064124 0.688537 0.125105
v 0.047713 0.713503 0.129371
v 0.074416 0.733681 0.114777
v 0.051272 0.738490 0.129312
v 0.013614 0.739581 0.134771
v -0.041870 0.727774 0.128410
v -0.070957 0.714271 0.091926
v -0.075695 0.676550 0.094884
v -0.081487 0.652326 0.058748
v -0.048991 0.604867 0.015732
v -0.047220 0.596798 0.020512
v -0.076290 0.608118 0.057023
v -0.078446 0.629130 0.059383
v 0.007460 0.595097 0.009639
v 0.007919 0.570144 0.013045
v -0.045092 0.589095 0.022285
v -0.074396 0.600351 0.053038
v 0.005626 1.174413 0.037732
v -0.015702 1.175785 0.028048
v -0.013461 1.159764 0.028000
v 0.000462 1.189030 0.037732
v 0.026435 1.191234 0.043995
v 0.021270 1.202392 0.043995
v 0.039030 1.201359 0.042482
v 0.036505 1.211693 0.042482
v 0.058387 1.208900 0.032182
v 0.054556 1.219945 0.032182
v -0.023295 1.165422 -0.000286
v -0.021415 1.146719 0.000000
v -0.011814 1.142484 0.028000
v 0.007271 1.157133 0.037732
v 0.028081 1.173957 0.043995
v 0.040675 1.184082 0.042482
v 0.051305 1.192691 0.032182
v 0.063303 1.202303 0.000000
v 0.068306 1.212075 0.000000
v 0.066342 1.220302 0.000000
v 0.058305 1.207029 -0.000064
v 0.050595 1.205932 0.021869
v 0.039379 1.201606 0.029363
v 0.025458 1.195307 0.031272
v 0.010634 1.186687 0.026811
v 0.000053 1.177476 0.016819
v -0.005478 1.172737 -0.000064
v 0.001985 1.177476 -0.016290
v -0.013880 1.178468 -0.026337
v -0.013461 1.159764 -0.027998
v -0.016708 1.139818 -0.015540
v 0.000462 1.189030 -0.037730
v 0.010634 1.187911 -0.026940
v 0.025458 1.197699 -0.031401
v 0.051305 1.192691 -0.032182
v 0.068306 1.212075 0.000000
v 0.063303 1.202303 0.000000
v 0.057420 1.209968 -0.034886
v 0.066342 1.220302 0.000000
v 0.055882 1.217627 -0.032997
v 0.058305 1.207029 -0.000064
v 0.049987 1.206086 -0.022732
v 0.035627 1.211750 -0.042482
v 0.036569 1.201678 -0.030487
v 0.021270 1.205850 -0.043994
v 0.005626 1.174413 -0.037730
v -0.011814 1.142484 -0.027998
v -0.018453 1.135179 -0.018662
v -0.019770 1.129439 0.000000
v 0.007271 1.157133 -0.037730
v 0.026435 1.191234 -0.043994
v 0.039030 1.201359 -0.042482
v 0.040675 1.184082 -0.042482
v 0.028081 1.173957 -0.043994
v -0.015941 1.140036 0.015954
v -0.018453 1.135179 0.018662
v 0.032069 1.000711 -0.140780
v 0.088586 1.043083 -0.146467
v 0.061302 1.010614 -0.142107
v 0.100415 1.076979 -0.150951
v 0.028838 1.069812 -0.116983
v 0.095351 1.115064 -0.155929
v 0.073080 1.143090 -0.159541
v 0.032028 1.151275 -0.160599
v 0.005880 1.139051 -0.158971
v -0.008516 1.123689 -0.156967
v -0.023434 1.094346 -0.153119
v -0.027924 1.063596 -0.149091
v -0.022820 1.045090 -0.146604
v -0.011697 1.021099 -0.143416
v 0.005895 1.005785 -0.141428
v 0.002338 -0.000516 0.118214
v -0.035169 -0.000349 0.122208
v -0.024314 0.000016 0.076213
v 0.023162 0.000001 0.114697
v -0.002287 0.000058 0.035542
v 0.022685 0.000001 0.032091
v 0.059149 0.000001 0.031965
v 0.094952 0.000580 0.055011
v 0.095089 0.000001 0.084210
v 0.056851 0.000024 0.110288
v -0.077254 -0.000197 0.116924
v -0.115905 0.000000 0.111654
v -0.134459 0.000000 0.098745
v -0.143355 -0.000034 0.068852
v -0.127326 0.000000 0.036056
v -0.104000 0.000000 0.031223
v -0.074166 0.000057 0.028552
v 0.032069 1.000711 0.140781
v -0.011697 1.021099 0.143416
v 0.005895 1.005785 0.141428
v -0.022820 1.045090 0.146606
v -0.027924 1.063596 0.149091
v 0.028838 1.069803 0.116983
v -0.023434 1.094346 0.153119
v -0.008516 1.123689 0.156967
v 0.005880 1.139051 0.158973
v 0.032028 1.151275 0.160599
v 0.073080 1.143090 0.159541
v 0.095351 1.115064 0.155929
v 0.100415 1.076979 0.150951
v 0.088586 1.043083 0.146467
v 0.061302 1.010614 0.142107
v 0.047266 0.645366 0.479471
v 0.039694 0.650352 0.477512
v 0.044985 0.651249 0.475840
v 0.050536 0.652470 0.477580
v 0.049553 0.646149 0.483769
v 0.052543 0.653493 0.483482
v 0.049777 0.654437 0.489351
v 0.043427 0.645000 0.484344
v 0.044054 0.654004 0.490764
v 0.039644 0.652324 0.489292
v 0.038231 0.650572 0.483746
v 0.043789 0.644762 0.480273
v 0.046136 0.644205 0.482150
v 0.039557 1.199554 -0.056555
v 0.051305 1.192691 -0.032182
v 0.053855 1.211130 -0.042701
v 0.040675 1.184082 -0.042482
v 0.022433 1.185762 -0.058611
v 0.028081 1.173957 -0.043994
v -0.000107 1.167537 -0.051828
v 0.007271 1.157133 -0.037730
v -0.019483 1.152655 -0.041999
v -0.011814 1.142484 -0.027998
v -0.048633 1.133902 -0.029535
v -0.018453 1.135179 -0.018662
v -0.047973 1.134402 0.000000
v 0.070145 1.222618 -0.033007
v 0.069484 1.218392 0.000000
v 0.079588 1.224235 0.000000
v 0.064014 1.219344 -0.024652
v 0.057290 1.220917 -0.055849
v 0.038408 1.208936 -0.074144
v 0.015617 1.190558 -0.076883
v -0.009083 1.170587 -0.069449
v -0.038825 1.146451 -0.059498
v -0.069124 1.124239 -0.043128
v -0.068168 1.124976 0.000000
v -0.069124 1.124237 0.043128
v -0.019770 1.129439 0.000000
v -0.018453 1.135179 0.018662
v -0.048633 1.133902 0.029536
v -0.038825 1.146451 0.059499
v -0.019483 1.152655 0.042000
v -0.009083 1.170587 0.069449
v -0.000107 1.167537 0.051828
v 0.015617 1.190558 0.076884
v 0.022433 1.185762 0.058611
v 0.038408 1.208936 0.074146
v 0.039557 1.199554 0.056555
v 0.057290 1.221157 0.055849
v 0.053855 1.211130 0.042701
v 0.070145 1.221846 0.033007
v 0.064014 1.219344 0.024653
v -0.011814 1.142484 0.028000
v 0.007271 1.157133 0.037732
v 0.028081 1.173957 0.043995
v 0.040675 1.184082 0.042482
v 0.051305 1.192691 0.032182
v 0.059306 1.199157 0.017968
v 0.063303 1.202303 0.000000
v 0.059306 1.199157 -0.017968
v -0.010034 0.679777 0.442057
v -0.013378 0.681063 0.442686
v -0.014104 0.682276 0.445848
v -0.014235 0.691143 0.444791
v -0.012959 0.682886 0.449028
v -0.009503 0.692376 0.450089
v -0.008707 0.704399 0.448635
v -0.012296 0.703584 0.442591
v -0.008573 0.712512 0.445132
v -0.013769 0.711300 0.440212
v -0.009699 0.718472 0.437366
v 0.058305 1.207029 -0.000064
v 0.049987 1.206086 -0.022732
v 0.050595 1.205932 0.021869
v 0.036569 1.201678 -0.030487
v 0.039379 1.201606 0.029363
v 0.025458 1.197699 -0.031401
v 0.025458 1.195307 0.031272
v 0.010634 1.187911 -0.026940
v 0.010634 1.186687 0.026811
v 0.001985 1.177476 -0.016290
v 0.000053 1.177476 0.016819
v -0.005478 1.172737 -0.000064
v 0.077799 0.996062 -0.271875
v 0.083160 0.980147 -0.250682
v 0.071751 0.964337 -0.231751
v 0.047965 0.954763 -0.222551
v 0.032685 0.962903 -0.223719
v 0.007879 0.979948 -0.219543
v -0.002491 0.992948 -0.221232
v -0.005294 1.002966 -0.230245
v -0.007661 1.007817 -0.242166
v -0.000589 1.007203 -0.260273
v 0.019010 1.004456 -0.279020
v 0.030562 1.009219 -0.288984
vn -0.5379 -0.8290 -0.1529
vn 0.9245 -0.3425 0.1673
vn -0.5858 -0.4165 0.6952
vn -0.5379 -0.8291 0.1528
vn -0.9259 -0.0558 -0.3736
vn 0.9245 -0.3423 0.1674
vn -0.6797 -0.6498 -0.3402
vn -0.9822 -0.1383 0.1273
vn -0.8624 -0.4935 -0.1126
vn -0.9797 -0.1390 -0.1443
vn -0.8708 -0.4867 0.0690
vn -0.9775 -0.2056 0.0476
vn -0.9447 0.2584 -0.2018
vn -0.8020 0.5523 -0.2276
vn -0.7600 0.6485 0.0423
vn -0.5747 0.8173 0.0415
vn -0.7723 0.5799 0.2594
vn -0.9799 0.1992 0.0141
vn -0.9493 0.2484 0.1930
vn -0.9504 -0.3110 -0.0109
vn -0.9448 -0.3261 -0.0314
vn -0.8624 -0.4937 -0.1125
vn -0.9822 -0.1383 0.1274
vn 0.3178 -0.8091 -0.4943
vn 0.4649 -0.8853 0.0001
vn 0.1028 -0.9947 0.0001
vn 0.7804 -0.5107 -0.3606
vn 0.0269 -0.9936 -0.1093
vn 0.2137 -0.8957 -0.3900
vn -0.0980 -0.9126 -0.3969
vn -0.0641 -0.7439 0.6653
vn -0.0042 -0.8759 -0.4825
vn -0.1709 -0.9326 -0.3179
vn -0.0342 -0.9994 -0.0000
vn 0.3178 -0.8091 0.4943
vn 0.7804 -0.5107 0.3607
vn 0.9484 -0.0734 -0.3086
vn 0.4120 -0.0982 0.9059
vn 0.2513 -0.8799 0.4032
vn 0.0504 -0.8162 -0.5755
vn -0.0858 -0.9687 0.2329
vn -0.1176 -0.9201 0.3736
vn 0.3598 -0.8226 0.4404
vn 0.1922 -0.9058 0.3775
vn -0.1706 -0.9326 0.3180
vn -0.1142 -0.9935 -0.0000
vn 0.2758 -0.9611 0.0118
vn 0.3795 -0.8108 -0.4456
vn 0.2903 -0.9569 0.0060
vn -0.0954 -0.9954 -0.0093
vn -0.0994 -0.9549 0.2798
vn 0.4012 -0.8569 0.3237
vn 0.3652 -0.8010 0.4743
vn 0.4103 -0.8560 0.3145
vn 0.4117 -0.7394 0.5326
vn -0.0506 -0.0202 0.9985
vn -0.0773 -0.1004 0.9919
vn 0.1627 0.3186 0.9338
vn 0.0901 -0.2753 0.9571
vn -0.1722 -0.5290 0.8310
vn 0.0955 -0.6821 0.7250
vn -0.2005 -0.8399 0.5043
vn 0.1283 -0.6981 0.7044
vn -0.0265 -0.4293 0.9028
vn -0.2515 -0.6799 0.6888
vn 0.3996 0.1895 0.8969
vn 0.2957 0.0778 0.9521
vn -0.1515 -0.0227 0.9882
vn -0.1953 -0.4133 0.8894
vn -0.0226 -0.7551 0.6552
vn 0.1375 -0.9088 0.3940
vn 0.3757 -0.9267 0.0001
vn 0.3940 -0.9191 -0.0046
vn -0.0776 -0.9630 -0.2579
vn -0.0987 -0.7218 0.6850
vn -0.0092 0.6600 0.7512
vn 0.2661 -0.6261 -0.7329
vn 0.4587 -0.7303 -0.5063
vn -0.0540 -0.7684 -0.6377
vn 0.3397 -0.7924 -0.5066
vn 0.0861 -0.6898 -0.7188
vn -0.2004 -0.8399 -0.5044
vn 0.3921 -0.8704 -0.2979
vn 0.4165 -0.8576 -0.3019
vn 0.1473 -0.8989 -0.4127
vn 0.2652 -0.9642 -0.0020
vn -0.1809 -0.5215 -0.8338
vn -0.2607 -0.6331 -0.7289
vn 0.0643 -0.6752 -0.7349
vn 0.2786 -0.8918 -0.3565
vn 0.3705 -0.9288 0.0059
vn 0.2208 -0.9348 0.2783
vn -0.0278 -0.9713 0.2364
vn -0.0580 -0.9977 0.0364
vn 0.3959 -0.0347 -0.9176
vn 0.1361 -0.9897 0.0452
vn 0.1371 -0.9895 -0.0452
vn 0.0756 -0.9971 -0.0000
vn 0.0690 -0.9961 0.0543
vn 0.0688 -0.9964 -0.0505
vn 0.4371 0.8993 0.0152
vn 0.3199 0.9469 0.0327
vn 0.2153 0.9711 -0.1029
vn -0.2301 0.9728 0.0268
vn -0.0320 0.9953 -0.0914
vn 0.2704 0.9015 -0.3380
vn 0.5521 0.7574 -0.3486
vn 0.1893 0.6637 -0.7236
vn 0.3395 0.6516 -0.6784
vn -0.0270 0.4096 -0.9119
vn 0.1820 0.3828 -0.9057
vn -0.1181 -0.1476 -0.9820
vn -0.0537 -0.0241 -0.9983
vn 0.1245 -0.2975 -0.9466
vn -0.0337 -0.4395 -0.8976
vn 0.4235 0.7992 -0.4266
vn 0.4028 0.1847 -0.8965
vn 0.5076 0.4844 -0.7126
vn 0.4439 0.7666 -0.4639
vn 0.4205 0.9023 -0.0950
vn 0.2247 0.9744 -0.0000
vn 0.2750 0.9529 -0.1278
vn 0.6711 0.7414 0.0001
vn 0.3846 0.8828 -0.2698
vn 0.6908 0.7156 -0.1040
vn 0.3693 0.9241 -0.0984
vn 0.3489 0.9372 0.0002
vn 0.6694 0.7429 -0.0000
vn 0.2887 0.0652 -0.9552
vn 0.3622 0.5029 -0.7848
vn -0.1966 -0.3889 -0.9001
vn -0.0894 0.0282 -0.9956
vn 0.2715 0.3750 -0.8864
vn 0.2759 0.7852 -0.5543
vn 0.4585 0.8661 -0.1992
vn 0.3121 0.7622 -0.5671
vn 0.9484 -0.0734 -0.3085
vn 0.8141 0.0497 -0.5786
vn 0.8140 0.0497 0.5787
vn 0.5401 0.1387 0.8301
vn 0.3444 0.7886 0.5094
vn 0.2724 0.7435 0.6107
vn 0.6186 0.1371 0.7737
vn 0.4990 0.5984 0.6268
vn 0.5998 -0.4795 0.6405
vn -0.0381 0.9845 -0.1714
vn -0.0453 0.9931 -0.1082
vn -0.0253 0.9991 0.0346
vn 0.1751 0.9838 -0.0375
vn -0.1625 0.6411 -0.7501
vn -0.2346 0.6767 -0.6979
vn -0.2640 0.6399 -0.7217
vn -0.3794 0.7246 -0.5754
vn -0.0890 0.6400 -0.7632
vn 0.3919 -0.6355 0.6653
vn 0.0377 -0.9987 0.0337
vn 0.2881 0.0388 0.9568
vn 0.2180 0.7329 0.6445
vn -0.0022 0.9963 0.0863
vn 0.2361 0.5408 -0.8073
vn 0.3992 -0.0286 -0.9164
vn -0.2262 -0.0117 -0.9740
vn -0.2170 -0.0300 -0.9757
vn -0.3139 -0.0840 -0.9457
vn -0.5149 -0.0322 -0.8566
vn -0.1042 -0.0660 -0.9924
vn 0.8933 0.4169 0.1681
vn 0.3446 0.9371 -0.0555
vn 0.1765 0.7036 0.6884
vn 0.2822 0.1224 0.9515
vn 0.3133 -0.6414 0.7004
vn 0.0791 -0.9961 0.0385
vn -0.3774 -0.6524 -0.6573
vn 0.1917 0.7591 0.6221
vn 0.2100 0.3889 0.8970
vn 0.0779 0.1330 0.9880
vn 0.2723 0.1427 0.9516
vn 0.2392 -0.6832 0.6899
vn -0.0128 -0.9989 -0.0461
vn -0.0952 -0.8053 -0.5852
vn 0.0710 -0.6914 -0.7190
vn 0.4116 -0.9111 0.0237
vn 0.2681 -0.6013 0.7527
vn 0.1769 -0.0112 0.9842
vn 0.6552 0.6953 0.2955
vn 0.1142 0.5432 0.8318
vn 0.0611 -0.9980 0.0137
vn 0.0521 -0.9985 0.0147
vn -0.1626 -0.7123 -0.6828
vn -0.3139 -0.0839 -0.9457
vn -0.0754 -0.7720 -0.6312
vn 0.4745 -0.6048 -0.6396
vn -0.2262 -0.0116 -0.9740
vn 0.3993 -0.0287 -0.9164
vn -0.6825 -0.6550 0.3244
vn -0.8709 -0.4867 0.0689
vn -0.9797 -0.1389 -0.1443
vn 0.0474 0.9907 -0.1278
vn 0.4634 0.7056 0.5360
vn 0.4467 0.7624 0.4683
vn 0.0376 0.9816 -0.1872
vn -0.3697 0.6972 -0.6142
vn -0.3908 0.7224 -0.5704
vn -0.1866 0.6819 -0.7072
vn 0.1522 0.9878 -0.0325
vn 0.3681 0.7292 0.5768
vn 0.5298 0.1331 0.8376
vn 0.5272 0.0523 0.8481
vn 0.7363 0.1074 0.6681
vn 0.5473 0.7908 0.2742
vn 0.1734 0.9729 -0.1530
vn -0.4074 0.7197 -0.5621
vn 0.2098 0.9451 -0.2504
vn -0.0941 0.5894 -0.8023
vn 0.7714 0.5791 0.2636
vn 0.8896 0.1029 0.4450
vn 0.7932 -0.4778 0.3776
vn 0.5090 -0.6063 0.6110
vn 0.4442 -0.5896 0.6746
vn 0.3350 -0.6359 0.6953
vn 0.3814 0.1117 0.9176
vn 0.1690 0.7212 0.6718
vn 0.1104 0.9609 -0.2540
vn 0.0893 0.6394 -0.7637
vn 0.1471 -0.0962 -0.9844
vn 0.2902 -0.5813 0.7602
vn 0.3209 0.1485 0.9354
vn 0.0951 0.4808 0.8717
vn 0.8933 0.4169 0.1682
vn 0.2100 0.3888 0.8970
vn 0.0790 -0.9947 0.0661
vn -0.0582 -0.9938 0.0942
vn 0.0255 -0.9875 0.1554
vn -0.0248 -0.9990 0.0361
vn 0.1946 -0.9676 0.1608
vn 0.2738 -0.9565 -0.1008
vn -0.1610 -0.7695 -0.6180
vn -0.4378 -0.8270 -0.3527
vn -0.2445 -0.2526 -0.9362
vn -0.6795 -0.0563 -0.7315
vn -0.4126 -0.7990 -0.4374
vn -0.6814 -0.1116 -0.7234
vn -0.2389 -0.8643 -0.4426
vn -0.4107 -0.7167 -0.5637
vn -0.5940 -0.0263 -0.8040
vn 0.1416 -0.8126 -0.5653
vn 0.1471 -0.0963 -0.9844
vn -0.3256 -0.1031 -0.9399
vn -0.1168 0.9628 0.2436
vn -0.1166 0.9629 0.2432
vn -0.1125 0.9822 0.1505
vn -0.1136 0.9820 0.1507
vn -0.1201 0.9928 0.0012
vn -0.1200 0.9928 0.0001
vn -0.5940 -0.0263 -0.8041
vn -0.6814 -0.1115 -0.7234
vn -0.6844 -0.0567 -0.7269
vn -0.2445 -0.2528 -0.9361
vn -0.1168 0.9628 -0.2436
vn -0.1137 0.9818 -0.1519
vn -0.1166 0.9630 -0.2431
vn -0.1125 0.9819 -0.1522
vn -0.1202 0.9928 0.0011
vn 0.1954 0.0621 -0.9788
vn 0.0144 -0.6373 -0.7705
vn -0.1395 0.0387 -0.9895
vn 0.2818 -0.5443 -0.7902
vn 0.2242 -0.9721 -0.0685
vn 0.4993 -0.8662 -0.0197
vn 0.4778 -0.5502 0.6848
vn -0.0721 -0.0134 -0.9973
vn 0.0757 -0.6425 -0.7626
vn -0.0412 0.0518 -0.9978
vn -0.2019 0.7218 -0.6620
vn -0.2480 0.7395 -0.6258
vn 0.0927 -0.6454 -0.7582
vn 0.1685 -0.9708 -0.1705
vn 0.2247 -0.7561 0.6147
vn 0.1760 -0.0689 0.9820
vn 0.3955 0.0036 0.9185
vn 0.0630 0.5811 0.8114
vn 0.2749 0.4565 0.8462
vn -0.0824 0.9695 0.2309
vn 0.1556 0.9591 0.2364
vn -0.2479 0.7395 -0.6258
vn 0.0897 0.8077 -0.5827
vn -0.1395 0.0386 -0.9895
vn 0.1954 0.0621 -0.9787
vn 0.1985 -0.7020 0.6839
vn 0.0921 -0.0628 0.9938
vn 0.0586 -0.0609 0.9964
vn 0.0470 0.5595 0.8275
vn -0.0648 0.5764 0.8146
vn 0.0380 0.5943 0.8033
vn 0.1370 -0.9816 -0.1329
vn 0.0691 -0.7738 0.6297
vn -0.1314 -0.1361 0.9819
vn -0.1822 0.5457 0.8179
vn 0.4327 0.8693 0.2390
vn -0.0155 0.9741 0.2256
vn -0.0543 0.9959 0.0723
vn -0.1176 0.9879 0.1015
vn -0.2019 0.7217 -0.6621
vn -0.0735 -0.7511 0.6561
vn 0.0846 -0.9879 -0.1297
vn -0.1146 0.7449 -0.6573
vn 0.0051 0.7853 -0.6191
vn 0.3901 0.7251 -0.5675
vn 0.7831 -0.0191 0.6216
vn -0.0346 0.3513 0.9356
vn -0.3719 0.1587 0.9146
vn -0.3600 -0.7089 0.6065
vn 0.0100 -0.9993 -0.0373
vn 0.1417 -0.6835 -0.7161
vn -0.0078 -0.9989 -0.0468
vn 0.3009 -0.6667 -0.6819
vn 0.1098 0.0970 -0.9892
vn -0.1146 0.7449 -0.6572
vn 0.3438 0.1814 -0.9214
vn 0.7122 0.6851 0.1529
vn 0.9900 0.1243 -0.0665
vn 0.5939 0.3268 -0.7352
vn 0.7348 -0.4071 -0.5425
vn 0.8889 -0.2901 0.3546
vn 0.4991 0.5983 0.6268
vn 0.1751 0.9838 -0.0374
vn 0.0710 -0.6913 -0.7190
vn 0.4115 -0.9111 0.0237
vn -0.1474 0.6982 -0.7006
vn 0.0320 -0.0203 -0.9993
vn -0.0113 0.7165 -0.6975
vn -0.1055 -0.0258 -0.9941
vn -0.2677 0.7054 -0.6564
vn -0.2259 -0.0992 -0.9691
vn -0.3466 0.6982 -0.6265
vn -0.3231 -0.1199 -0.9387
vn -0.1617 0.1030 0.9815
vn -0.0204 -0.0058 0.9998
vn 0.0123 0.6506 0.7593
vn -0.0323 0.7356 0.6767
vn 0.1141 0.5432 0.8318
vn 0.3166 0.9362 0.1527
vn 0.3345 0.7316 -0.5940
vn 0.0143 0.9879 0.1544
vn -0.1077 0.9920 -0.0654
vn -0.1121 0.9929 -0.0394
vn -0.0938 0.9891 0.1132
vn 0.1219 0.9921 0.0297
vn 0.0599 0.6856 -0.7255
vn 0.0933 -0.0246 -0.9953
vn 0.3470 0.6042 0.7173
vn 0.1854 0.7706 0.6097
vn 0.4948 0.1023 0.8630
vn 0.0977 0.6807 0.7260
vn 0.0859 0.7302 0.6778
vn 0.3544 0.1085 0.9288
vn 0.5230 -0.5254 0.6712
vn 0.1549 0.0519 0.9866
vn 0.1595 0.0083 0.9872
vn 0.2508 -0.6670 0.7016
vn 0.2894 -0.6596 0.6936
vn 0.0714 -0.9946 -0.0751
vn 0.1498 -0.9837 0.0990
vn -0.1871 -0.7659 -0.6152
vn 0.4383 -0.8979 0.0415
vn 0.2260 -0.6669 -0.7100
vn -0.3231 -0.1198 -0.9387
vn -0.0843 -0.7199 -0.6890
vn 0.1410 -0.9886 -0.0532
vn 0.1809 -0.7109 0.6796
vn 0.0592 -0.7388 -0.6713
vn 0.0653 -0.9970 -0.0409
vn 0.0533 -0.6894 0.7224
vn -0.1081 -0.3241 0.9398
vn -0.1056 -0.0258 -0.9941
vn 0.0632 -0.7579 -0.6493
vn 0.1654 -0.9592 0.2293
vn 0.7830 -0.0192 0.6217
vn 0.1705 -0.7406 -0.6499
vn 0.0319 -0.0204 -0.9993
vn 0.2826 -0.0285 -0.9588
vn 0.3344 0.7316 -0.5941
vn -0.4068 -0.6355 0.6562
vn -0.3384 -0.5981 0.7265
vn 0.1026 -0.6654 0.7394
vn -0.2772 -0.9570 0.0853
vn -0.0078 -0.9989 -0.0467
vn -0.4449 -0.6436 0.6228
vn -0.1769 -0.9528 0.2467
vn 0.5020 -0.8203 -0.2740
vn -0.0794 -0.9671 0.2418
vn 0.7617 -0.6226 0.1791
vn -0.4909 -0.8231 0.2856
vn -0.5234 -0.8518 0.0222
vn -0.0740 -0.7686 -0.6355
vn -0.0583 -0.7890 -0.6116
vn 0.2977 -0.1273 -0.9461
vn 0.2796 -0.1413 -0.9497
vn -0.0188 -0.7868 -0.6169
vn 0.3117 0.0916 -0.9458
vn 0.1923 -0.7676 -0.6114
vn 0.5196 0.1586 -0.8396
vn 0.1374 -0.7939 -0.5923
vn -0.4410 -0.8049 0.3969
vn 0.4725 -0.6742 -0.5676
vn 0.2594 -0.1865 -0.9476
vn -0.3286 -0.7198 -0.6115
vn -0.6058 -0.7935 -0.0588
vn -0.5446 -0.7688 0.3352
vn -0.5894 -0.5420 0.5990
vn -0.4157 -0.8387 0.3519
vn -0.5233 -0.5230 0.6728
vn -0.6116 -0.2100 0.7628
vn -0.6451 -0.1596 0.7473
vn -0.6261 -0.2952 0.7217
vn -0.6205 0.0059 0.7842
vn -0.8699 -0.3608 0.3365
vn -0.6449 -0.7386 -0.1965
vn -0.2079 -0.6626 -0.7195
vn -0.0621 -0.5001 -0.8637
vn -0.3806 -0.8597 -0.3407
vn -0.5219 -0.5181 -0.6776
vn 0.0668 -0.3004 -0.9515
vn -0.1548 -0.1695 -0.9733
vn -0.6492 -0.0179 0.7604
vn -0.6565 0.1449 0.7403
vn -0.6237 -0.1464 0.7678
vn -0.6050 0.2072 0.7688
vn -0.4689 0.7389 0.4838
vn -0.6498 0.7487 0.1312
vn -0.3101 0.8620 -0.4010
vn -0.9184 0.2473 0.3089
vn 0.0791 -0.0351 -0.9963
vn 0.1317 0.4665 -0.8747
vn 0.5434 0.4585 -0.7032
vn 0.2376 0.8248 -0.5131
vn -0.1786 0.9817 -0.0660
vn -0.5751 0.6433 0.5054
vn -0.6391 0.0821 0.7647
vn -0.3278 0.0669 0.9424
vn -0.3975 -0.1443 0.9062
vn -0.4399 -0.1353 0.8878
vn -0.3719 0.1586 0.9146
vn -0.3600 -0.7088 0.6066
vn -0.2347 0.9672 -0.0975
vn -0.2120 0.1704 0.9623
vn -0.5037 0.5670 0.6518
vn -0.1090 0.9807 0.1623
vn 0.2741 0.7848 -0.5558
vn 0.5903 0.4354 -0.6796
vn 0.6250 0.3751 -0.6846
vn 0.5384 0.3151 -0.7815
vn 0.0233 0.9832 0.1812
vn 0.4143 0.8134 -0.4083
vn -0.0558 0.6065 0.7931
vn -0.1750 0.1822 0.9676
vn 0.3209 0.1484 0.9354
vn 0.2101 0.3888 0.8970
vn 0.1769 -0.0111 0.9842
vn -0.0345 0.3512 0.9357
vn 0.8300 0.1520 -0.5366
vn 0.8583 0.2687 -0.4372
vn 0.7757 -0.2352 -0.5856
vn 0.8225 -0.3042 -0.4805
vn 0.8514 0.0393 -0.5230
vn 0.7470 0.3317 -0.5762
vn 0.8344 0.0988 -0.5422
vn 0.8339 0.0827 -0.5457
vn 0.7158 0.3120 -0.6247
vn 0.7931 -0.0694 -0.6052
vn 0.9053 -0.1418 -0.4004
vn 0.7831 -0.0190 0.6216
vn 0.6551 0.6953 0.2956
vn 0.3992 -0.0287 -0.9164
vn 0.2362 0.5408 -0.8073
vn 0.7998 -0.0448 -0.5986
vn 0.6738 0.0673 -0.7358
vn 0.4114 0.7216 -0.5568
vn 0.2068 0.9524 -0.2239
vn 0.8932 0.4170 0.1681
vn 0.1416 -0.8127 -0.5653
vn 0.1470 -0.0963 -0.9844
vn 0.0894 0.6394 -0.7637
vn 0.0595 0.9356 0.3480
vn 0.8027 0.5579 -0.2107
vn 0.9276 -0.0169 -0.3731
vn 0.4498 0.1712 -0.8766
vn 0.5227 -0.5207 -0.6750
vn 0.9311 -0.3649 -0.0001
vn 0.7714 0.5791 0.2637
vn 0.2098 0.9451 -0.2503
vn -0.0940 0.5894 -0.8024
vn -0.2445 -0.2527 -0.9362
vn -0.1609 -0.7695 -0.6181
vn 0.2738 -0.9565 -0.1007
vn 0.7931 -0.4778 0.3776
vn 0.8897 0.1029 0.4449
vn 0.6459 0.6266 0.4361
vn 0.9737 0.1214 0.1926
vn 0.7404 0.4242 -0.5213
vn 0.8469 -0.2954 -0.4421
vn 0.8049 -0.3054 0.5088
vn 0.1556 0.9591 0.2365
vn 0.0898 0.8077 -0.5827
vn 0.2811 -0.5414 -0.7923
vn 0.4779 -0.5501 0.6849
vn 0.3956 0.0036 0.9184
vn 0.8539 0.0359 -0.5193
vn 0.9207 -0.2159 0.3252
vn 0.5391 -0.7203 -0.4364
vn 0.3339 -0.9340 0.1274
vn 0.2479 -0.7176 0.6509
vn 0.4786 -0.0284 0.8776
vn 0.8393 0.5315 0.1146
vn 0.0558 0.1021 0.9932
vn 0.4404 0.7943 0.4185
vn -0.1432 -0.5705 0.8087
vn -0.2443 0.0681 0.9673
vn -0.2487 -0.5653 0.7865
vn -0.2523 0.1152 0.9608
vn -0.3347 -0.5582 0.7592
vn -0.0003 -0.0508 0.9987
vn -0.3385 -0.5981 0.7265
vn 0.8672 0.0104 0.4979
vn 0.7617 -0.6227 0.1791
vn 0.9665 -0.0231 -0.2554
vn 0.8629 -0.1167 -0.4918
vn 0.8068 -0.1358 -0.5751
vn 0.4726 -0.6742 -0.5675
vn 0.6582 -0.0267 -0.7524
vn 0.8025 0.3421 -0.4888
vn 0.3815 0.6496 0.6576
vn -0.0480 0.7606 0.6474
vn -0.1183 0.7321 0.6709
vn 0.3438 0.1814 -0.9213
vn 0.3009 -0.6668 -0.6818
vn 0.3900 0.7251 -0.5675
vn 0.6543 0.3852 -0.6508
vn 0.3615 0.1045 -0.9265
vn -0.0621 -0.5002 -0.8637
vn -0.1547 -0.1695 -0.9733
vn 0.3903 0.0949 -0.9158
vn 0.9177 0.1643 -0.3618
vn 0.5388 0.0447 -0.8413
vn 0.9044 0.3907 -0.1717
vn 0.4444 0.3224 -0.8358
vn 0.4836 0.5035 -0.7160
vn 0.2593 -0.1866 -0.9476
vn 0.4377 0.5927 -0.6761
vn 0.2796 -0.1414 -0.9496
vn 0.4245 0.6642 -0.6153
vn 0.5100 0.8595 0.0357
vn 0.2144 0.9723 -0.0936
vn 0.2701 0.9615 -0.0499
vn 0.4917 0.8032 -0.3364
vn 0.5196 0.1587 -0.8395
vn 0.8538 0.0360 -0.5193
vn -0.6498 0.7487 0.1311
vn -0.3101 0.8620 -0.4009
vn -0.8243 0.0240 -0.5656
vn 0.1317 0.4666 -0.8746
vn 0.0791 -0.0351 -0.9962
vn -0.6449 -0.7386 -0.1966
vn -0.8699 -0.3608 0.3364
vn -0.9184 0.2473 0.3088
vn 0.8889 -0.2902 -0.3545
vn 0.9900 0.1243 0.0666
vn 0.7344 -0.4074 0.5429
vn 0.5940 0.3268 0.7351
vn 0.7122 0.6852 -0.1527
vn 0.4990 0.5983 -0.6269
vn 0.6182 0.1371 -0.7740
vn 0.5998 -0.4795 -0.6405
vn 0.4115 -0.9111 -0.0236
vn 0.0701 -0.6914 0.7191
vn -0.1042 -0.0660 0.9924
vn -0.0882 0.6399 0.7634
vn 0.1755 0.9837 0.0379
vn 0.1866 0.7706 -0.6093
vn 0.3471 0.6043 -0.7172
vn 0.4948 0.1023 -0.8630
vn 0.3544 0.1086 -0.9288
vn 0.5230 -0.5253 -0.6712
vn 0.0858 0.7303 -0.6777
vn 0.3177 0.9358 -0.1526
vn 0.0122 0.6513 -0.7587
vn -0.0331 0.7347 -0.6776
vn 0.0143 0.9879 -0.1545
vn 0.0978 0.6808 -0.7259
vn -0.1077 0.9920 0.0655
vn -0.1128 0.9929 0.0386
vn -0.0938 0.9892 -0.1130
vn 0.1220 0.9921 -0.0298
vn -0.0203 -0.0057 -0.9998
vn -0.1616 0.1030 -0.9815
vn 0.1141 0.5432 -0.8318
vn 0.6551 0.6952 -0.2957
vn 0.3344 0.7316 0.5941
vn -0.0113 0.7165 0.6975
vn -0.1474 0.6982 0.7006
vn -0.2677 0.7053 0.6564
vn -0.3466 0.6982 0.6264
vn 0.0599 0.6856 0.7255
vn -0.3231 -0.1199 0.9387
vn 0.0932 -0.0246 0.9953
vn 0.0330 -0.0203 0.9992
vn -0.1055 -0.0258 0.9941
vn -0.2259 -0.0992 0.9691
vn 0.0534 -0.6893 -0.7225
vn 0.1809 -0.7109 -0.6796
vn -0.1081 -0.3242 -0.9398
vn -0.0356 0.3513 -0.9356
vn 0.7833 -0.0190 -0.6213
vn 0.1659 -0.9592 -0.2291
vn 0.0652 -0.9970 0.0419
vn 0.1404 -0.9887 0.0527
vn 0.0632 -0.7341 0.6761
vn -0.0844 -0.7200 0.6889
vn -0.3231 -0.1198 0.9388
vn 0.1717 -0.7403 0.6500
vn 0.0632 -0.7579 0.6493
vn -0.1056 -0.0258 0.9941
vn 0.2826 -0.0285 0.9588
vn -0.0113 0.7165 0.6974
vn 0.0329 -0.0203 0.9993
vn 0.1595 0.0083 -0.9872
vn 0.2897 -0.6595 -0.6936
vn 0.1504 -0.9835 -0.1001
vn 0.4383 -0.8979 -0.0415
vn 0.2260 -0.6669 0.7101
vn -0.1871 -0.7659 0.6152
vn 0.0933 -0.0246 0.9953
vn 0.0714 -0.9946 0.0750
vn 0.2497 -0.6672 -0.7018
vn 0.1549 0.0518 -0.9866
vn 0.2686 -0.6011 -0.7527
vn 0.2730 0.1426 -0.9514
vn 0.2392 -0.6832 -0.6899
vn 0.1768 -0.0111 -0.9842
vn 0.0779 0.1330 -0.9880
vn 0.1143 0.5432 -0.8318
vn 0.6551 0.6953 -0.2956
vn 0.0611 -0.9980 -0.0138
vn 0.0511 -0.9986 -0.0144
vn -0.0127 -0.9989 0.0461
vn -0.1625 -0.7123 0.6828
vn -0.0953 -0.8053 0.5852
vn -0.3139 -0.0839 0.9457
vn -0.5149 -0.0322 0.8566
vn 0.4745 -0.6048 0.6396
vn -0.0755 -0.7721 0.6311
vn -0.2170 -0.0300 0.9757
vn 0.3999 -0.0286 0.9161
vn -0.2262 -0.0116 0.9740
vn 0.3446 0.9371 0.0554
vn 0.1910 0.7592 -0.6222
vn 0.8933 0.4169 -0.1681
vn 0.2114 0.3886 -0.8968
vn 0.1758 0.7037 -0.6884
vn 0.2823 0.1224 -0.9515
vn 0.3133 -0.6413 -0.7004
vn 0.0791 -0.9961 -0.0385
vn -0.3773 -0.6523 0.6573
vn 0.0377 -0.9987 -0.0338
vn 0.4116 -0.9111 -0.0237
vn 0.5998 -0.4796 -0.6405
vn 0.3920 -0.6353 -0.6654
vn 0.2880 0.0389 -0.9568
vn 0.2173 0.7326 -0.6450
vn -0.0022 0.9963 -0.0865
vn 0.2361 0.5408 0.8073
vn 0.5401 0.1387 -0.8301
vn 0.6183 0.1371 -0.7739
vn 0.2724 0.7435 -0.6107
vn 0.3441 0.7882 -0.5102
vn 0.4989 0.5984 -0.6269
vn -0.0453 0.9931 0.1082
vn -0.0388 0.9846 0.1705
vn -0.0245 0.9991 -0.0344
vn 0.1755 0.9838 0.0378
vn -0.2346 0.6766 0.6980
vn -0.1625 0.6411 0.7500
vn -0.2640 0.6399 0.7217
vn -0.3794 0.7246 0.5754
vn 0.3998 -0.0286 0.9161
vn -0.2261 -0.0117 0.9740
vn -0.2170 -0.0301 0.9757
vn -0.3139 -0.0840 0.9457
vn 0.6778 0.6692 -0.3045
vn 0.9820 0.1731 -0.0763
vn 0.8350 -0.3061 -0.4573
vn 0.8277 -0.3621 0.4287
vn 0.7094 0.3802 0.5934
vn 0.1219 0.9921 -0.0298
vn 0.3471 0.6042 -0.7172
vn 0.4383 -0.8979 -0.0416
vn 0.2260 -0.6669 0.7100
vn 0.2098 0.9451 0.2504
vn 0.7714 0.5791 -0.2637
vn 0.1733 0.9729 0.1530
vn -0.3915 0.7224 0.5700
vn -0.4074 0.7197 0.5622
vn -0.0950 0.5894 0.8023
vn -0.3698 0.6972 0.6142
vn 0.0372 0.9815 0.1878
vn 0.5473 0.7908 -0.2741
vn 0.8896 0.1029 -0.4449
vn -0.1857 0.6822 0.7071
vn 0.0464 0.9908 0.1269
vn 0.4467 0.7624 -0.4683
vn 0.7363 0.1074 -0.6681
vn 0.7932 -0.4778 -0.3776
vn 0.5273 0.0522 -0.8481
vn 0.4634 0.7057 -0.5360
vn 0.1521 0.9878 0.0338
vn 0.0905 0.6393 0.7637
vn 0.1471 -0.0962 0.9844
vn -0.3256 -0.1031 0.9399
vn -0.5940 -0.0263 0.8041
vn -0.6814 -0.1115 0.7234
vn -0.6844 -0.0567 0.7269
vn -0.2431 -0.2528 0.9365
vn 0.5298 0.1331 -0.8376
vn 0.3671 0.7290 -0.5778
vn 0.3819 0.1116 -0.9175
vn 0.4442 -0.5897 -0.6745
vn 0.5087 -0.6065 -0.6111
vn 0.3351 -0.6357 -0.6954
vn 0.2902 -0.5814 -0.7601
vn -0.0582 -0.9938 -0.0942
vn 0.0269 -0.9876 -0.1547
vn -0.0248 -0.9990 -0.0362
vn 0.1946 -0.9676 -0.1607
vn -0.4377 -0.8270 0.3528
vn -0.4130 -0.7991 0.4369
vn -0.4107 -0.7167 0.5636
vn -0.2389 -0.8643 0.4426
vn 0.0790 -0.9947 -0.0658
vn 0.3209 0.1485 -0.9354
vn 0.0950 0.4808 -0.8717
vn 0.1690 0.7212 -0.6718
vn 0.1111 0.9606 0.2548
vn 0.2114 0.3885 -0.8968
vn 0.8933 0.4169 -0.1682
vn 0.1416 -0.8127 0.5652
vn -0.5940 -0.0264 0.8040
vn -0.6814 -0.1116 0.7234
vn -0.6844 -0.0568 0.7269
vn -0.2431 -0.2527 0.9365
vn -0.1609 -0.7695 0.6181
vn 0.2738 -0.9565 0.1007
vn 0.1470 -0.0963 0.9844
vn 0.9311 -0.3649 0.0001
vn 0.9276 -0.0170 0.3732
vn 0.5239 -0.5203 0.6744
vn 0.4507 0.1712 0.8761
vn 0.8027 0.5579 0.2108
vn 0.8896 0.1029 -0.4450
vn 0.7944 -0.4791 -0.3734
vn 0.2737 -0.9565 0.1007
vn -0.1610 -0.7695 0.6180
vn -0.0949 0.5894 0.8023
vn 0.2098 0.9451 0.2505
vn -0.1400 0.0387 0.9894
vn 0.0145 -0.6372 0.7705
vn 0.1945 0.0622 0.9789
vn 0.2818 -0.5442 0.7902
vn 0.2255 -0.9718 0.0684
vn 0.4993 -0.8662 0.0196
vn 0.4778 -0.5501 -0.6849
vn -0.0413 0.0518 0.9978
vn 0.0771 -0.6422 0.7626
vn -0.0722 -0.0134 0.9973
vn -0.2019 0.7218 0.6620
vn -0.2479 0.7395 0.6258
vn 0.0927 -0.6452 0.7583
vn 0.1686 -0.9708 0.1707
vn 0.2248 -0.7560 -0.6147
vn 0.1754 -0.0689 -0.9821
vn 0.3943 0.0038 -0.9190
vn 0.0630 0.5811 -0.8114
vn 0.2755 0.4563 -0.8461
vn -0.0824 0.9695 -0.2309
vn 0.1557 0.9594 -0.2352
vn 0.0907 0.8078 0.5825
vn 0.1985 -0.7021 -0.6838
vn 0.0587 -0.0609 -0.9964
vn 0.0922 -0.0628 -0.9938
vn -0.0649 0.5763 -0.8147
vn 0.0467 0.5594 -0.8276
vn 0.0377 0.5945 -0.8032
vn 0.1373 -0.9815 0.1332
vn 0.0704 -0.7737 -0.6296
vn -0.1314 -0.1361 -0.9819
vn -0.1822 0.5457 -0.8179
vn 0.4327 0.8693 -0.2388
vn -0.0159 0.9741 -0.2255
vn -0.0543 0.9959 -0.0724
vn -0.1176 0.9878 -0.1016
vn -0.2019 0.7217 0.6621
vn -0.0728 -0.7511 -0.6561
vn 0.0846 -0.9879 0.1299
vn -0.1138 0.7449 0.6574
vn 0.0050 0.7853 0.6191
vn 0.3901 0.7251 0.5675
vn 0.7834 -0.0191 -0.6212
vn -0.3719 0.1587 -0.9146
vn -0.3600 -0.7088 -0.6066
vn 0.0100 -0.9993 0.0373
vn 0.1419 -0.6829 0.7166
vn -0.0075 -0.9989 0.0464
vn 0.3008 -0.6667 0.6819
vn 0.1098 0.0970 0.9892
vn -0.1138 0.7450 0.6573
vn 0.0051 0.7853 0.6191
vn 0.3438 0.1814 0.9214
vn 0.3900 0.7251 0.5676
vn -0.0003 -0.0508 -0.9987
vn 0.3825 0.6496 -0.6571
vn -0.2523 0.1152 -0.9608
vn 0.8671 0.0104 -0.4980
vn 0.9665 -0.0230 0.2555
vn 0.9177 0.1643 0.3618
vn 0.9044 0.3907 0.1717
vn 0.5100 0.8594 -0.0368
vn -0.0480 0.7606 -0.6474
vn -0.2443 0.0681 -0.9673
vn 0.4381 0.5922 0.6763
vn 0.4239 0.6645 0.6154
vn 0.2701 0.9615 0.0499
vn 0.4403 0.7943 -0.4186
vn -0.1182 0.7320 -0.6710
vn 0.0558 0.1021 -0.9932
vn 0.2144 0.9723 0.0936
vn 0.4835 0.5035 0.7160
vn 0.4444 0.3224 0.8358
vn 0.5387 0.0448 0.8413
vn 0.3903 0.0948 0.9158
vn 0.6543 0.3852 0.6508
vn 0.8575 0.2692 0.4385
vn 0.4917 0.8032 0.3365
vn 0.6250 0.3751 0.6846
vn 0.3616 0.1045 0.9265
vn -0.1547 -0.1695 0.9733
vn 0.0668 -0.3003 0.9515
vn 0.2593 -0.1865 0.9476
vn 0.2964 -0.1273 0.9465
vn 0.2804 -0.1413 0.9494
vn 0.3116 0.0915 0.9458
vn 0.5196 0.1587 0.8395
vn 0.8538 0.0360 0.5193
vn 0.8393 0.5315 -0.1146
vn -0.0621 -0.5002 0.8637
vn -0.2071 -0.6627 0.7196
vn 0.0791 -0.0351 0.9962
vn 0.5376 0.3155 0.7820
vn 0.5422 0.4592 0.7037
vn 0.5903 0.4354 0.6797
vn 0.2376 0.8248 0.5131
vn 0.2742 0.7848 0.5557
vn 0.4143 0.8135 0.4081
vn 0.7158 0.3120 0.6247
vn 0.8301 0.1520 0.5365
vn 0.8339 0.0827 0.5457
vn 0.8343 0.0988 0.5423
vn 0.8515 0.0392 0.5230
vn 0.8623 -0.1170 0.4928
vn 0.8067 -0.1358 0.5751
vn -0.1090 0.9807 -0.1623
vn 0.6739 0.0673 0.7358
vn 0.7997 -0.0448 0.5987
vn 0.7930 -0.0694 0.6052
vn 0.9052 -0.1418 0.4005
vn 0.7469 0.3316 0.5763
vn 0.7757 -0.2351 0.5857
vn 0.8225 -0.3042 0.4806
vn 0.8026 0.3421 0.4888
vn 0.6580 -0.0266 0.7525
vn 0.4726 -0.6742 0.5675
vn 0.5020 -0.8204 0.2739
vn 0.3009 -0.6667 0.6819
vn 0.3901 0.7252 0.5675
vn 0.7834 -0.0191 -0.6213
vn 0.3344 0.7315 0.5941
vn 0.4745 -0.6047 0.6397
vn 0.2361 0.5408 0.8074
vn 0.1416 -0.8127 0.5653
vn 0.0905 0.6392 0.7637
vn 0.4114 0.7216 0.5568
vn 0.2068 0.9524 0.2239
vn 0.0233 0.9832 -0.1813
vn 0.0595 0.9356 -0.3480
vn 0.0951 0.4808 -0.8716
vn -0.0566 0.6063 -0.7932
vn 0.3209 0.1484 -0.9354
vn -0.1750 0.1822 -0.9676
vn -0.3974 -0.1443 -0.9062
vn -0.1081 -0.3241 -0.9398
vn -0.3268 0.0667 -0.9427
vn 0.1142 0.5432 -0.8318
vn 0.1769 -0.0111 -0.9842
vn -0.2119 0.1705 -0.9623
vn 0.2114 0.3886 -0.8969
vn -0.5037 0.5670 -0.6518
vn 0.1317 0.4665 0.8746
vn -0.3102 0.8620 0.4010
vn -0.1786 0.9817 0.0660
vn -0.2331 0.9677 0.0963
vn -0.5755 0.6425 -0.5060
vn -0.6391 0.0821 -0.7647
vn -0.6492 -0.0178 -0.7604
vn -0.6237 -0.1464 -0.7679
vn -0.6205 0.0060 -0.7842
vn -0.6498 0.7487 -0.1311
vn -0.4689 0.7389 -0.4839
vn -0.6564 0.1448 -0.7404
vn -0.6050 0.2072 -0.7688
vn -0.6261 -0.2952 -0.7217
vn -0.9184 0.2474 -0.3088
vn -0.8699 -0.3607 -0.3364
vn -0.5437 -0.7691 -0.3359
vn -0.6449 -0.7386 0.1965
vn -0.3814 -0.8594 0.3405
vn -0.1548 -0.1695 0.9733
vn -0.5219 -0.5181 0.6777
vn 0.0668 -0.3004 0.9515
vn -0.2071 -0.6628 0.7196
vn -0.6058 -0.7935 0.0588
vn -0.3285 -0.7198 0.6115
vn -0.4909 -0.8231 -0.2857
vn -0.5234 -0.8518 -0.0223
vn -0.0741 -0.7686 0.6354
vn 0.2594 -0.1865 0.9476
vn 0.2965 -0.1272 0.9465
vn -0.0585 -0.7888 0.6118
vn -0.2772 -0.9570 -0.0853
vn -0.4068 -0.6355 -0.6562
vn 0.1026 -0.6654 -0.7394
vn -0.0794 -0.9671 -0.2418
vn 0.7614 -0.6231 -0.1788
vn 0.5020 -0.8203 0.2740
vn -0.1769 -0.9528 -0.2467
vn -0.0074 -0.9989 0.0464
vn -0.4447 -0.6436 -0.6229
vn -0.4399 -0.1354 -0.8878
vn -0.0357 0.3513 -0.9356
vn -0.4157 -0.8386 -0.3519
vn 0.3009 -0.6668 0.6818
vn 0.4725 -0.6742 0.5676
vn -0.6451 -0.1596 -0.7473
vn -0.5894 -0.5420 -0.5990
vn -0.4408 -0.8047 -0.3977
vn -0.5233 -0.5230 -0.6728
vn -0.6115 -0.2101 -0.7628
vn 0.8049 -0.3054 -0.5088
vn 0.9737 0.1214 -0.1926
vn 0.8469 -0.2954 0.4421
vn 0.7399 0.4244 0.5220
vn 0.6459 0.6266 -0.4362
vn 0.2755 0.4564 -0.8461
vn 0.4779 -0.5501 -0.6848
vn 0.2819 -0.5442 0.7902
vn 0.0908 0.8078 0.5824
vn -0.3384 -0.5981 -0.7265
vn -0.3695 -0.9278 -0.0526
vn -0.0187 -0.7876 0.6159
vn -0.1900 -0.9606 -0.2028
vn 0.1931 -0.7673 0.6115
vn -0.0678 -0.9780 -0.1975
vn 0.1374 -0.7939 0.5923
vn -0.1066 -0.9802 -0.1668
vn -0.3347 -0.5582 -0.7592
vn -0.2488 -0.5652 -0.7865
vn -0.1430 -0.5704 -0.8089
vn 0.2478 -0.7176 -0.6509
vn 0.3347 -0.9337 -0.1274
vn 0.5384 -0.7208 0.4366
vn 0.8539 0.0359 0.5192
vn 0.5196 0.1585 0.8396
vn 0.3116 0.0916 0.9458
vn 0.2805 -0.1413 0.9494
vn -0.8243 0.0240 0.5656
vn -0.3101 0.8620 0.4009
vn 0.1317 0.4666 0.8746
vn -0.2071 -0.6628 0.7195
vn -0.6449 -0.7386 0.1966
vn -0.8699 -0.3608 -0.3364
vn -0.9184 0.2473 -0.3089
vn 0.8686 0.1024 -0.4847
vn 0.6989 -0.0443 -0.7138
vn 0.7212 0.3651 -0.5887
vn 0.9299 -0.1638 -0.3293
vn 0.9268 -0.2885 -0.2405
vn 0.8965 -0.2764 -0.3462
vn 0.9662 -0.1155 -0.2307
vn 0.9795 0.0175 -0.2006
vn 0.9690 0.1388 -0.2043
vn 0.9411 0.2391 -0.2390
vn 0.8994 0.3187 -0.2993
vn 0.7732 0.3910 -0.4992
vn 0.6139 0.3819 -0.6909
vn 0.6098 0.4705 -0.6378
vn -0.8601 -0.2221 -0.4592
vn -0.9216 0.0321 -0.3868
vn -0.8526 -0.2364 -0.4661
vn -0.9238 0.0471 -0.3801
vn -0.8115 0.3560 -0.4633
vn -0.8481 0.2891 -0.4440
vn -0.7221 0.4375 -0.5359
vn -0.8482 0.2891 -0.4439
vn -0.7126 0.4550 -0.5340
vn -0.7220 0.4375 -0.5360
vn -0.5404 0.6222 -0.5664
vn -0.5538 0.5989 -0.5784
vn -0.6935 0.1942 -0.6938
vn -0.7041 0.1928 -0.6834
vn -0.4798 -0.0270 -0.8769
vn -0.4343 -0.0303 -0.9003
vn -0.0458 -0.3887 -0.9202
vn 0.0185 -0.4033 -0.9149
vn 0.1646 -0.7558 -0.6338
vn 0.1673 -0.7809 -0.6018
vn -0.0161 -0.9444 -0.3284
vn -0.0231 -0.9354 -0.3529
vn -0.3726 -0.9267 -0.0483
vn -0.3509 -0.9227 -0.1597
vn -0.6948 -0.5772 -0.4290
vn -0.6736 -0.5524 -0.4910
vn 0.0342 0.9092 -0.4150
vn 0.5438 0.6413 -0.5414
vn 0.2180 0.9249 -0.3114
vn 0.2725 0.6209 -0.7350
vn 0.6997 0.1837 -0.6904
vn 0.4968 0.2502 -0.8310
vn 0.6662 -0.3599 -0.6532
vn 0.6316 -0.3494 -0.6921
vn 0.5376 -0.7609 -0.3633
vn 0.4835 -0.7565 -0.4405
vn 0.2662 -0.9638 0.0114
vn 0.2155 -0.9687 -0.1234
vn -0.1348 -0.9258 0.3531
vn -0.0635 -0.9879 0.1417
vn -0.3284 -0.7912 0.5159
vn -0.5320 -0.5729 0.6235
vn 0.5126 -0.2625 -0.8175
vn 0.3714 0.2952 -0.8803
vn 0.0225 0.6550 -0.7553
vn -0.0973 0.9080 -0.4075
vn -0.1966 0.9785 0.0630
vn -0.1965 0.9785 0.0630
vn -0.2231 0.9704 0.0928
vn -0.2491 0.9563 0.1531
vn 0.1361 0.9819 -0.1313
vn -0.3995 0.8522 0.3380
vn 0.5939 0.6997 -0.3971
vn 0.8265 -0.0126 -0.5628
vn 0.6576 -0.2610 -0.7067
vn 0.5541 -0.6363 -0.5368
vn 0.3422 -0.9164 -0.2077
vn 0.2223 -0.9715 -0.0825
vn 0.1556 -0.9829 0.0985
vn -0.0598 -0.8762 0.4781
vn -0.3866 -0.7192 0.5773
vn -0.4668 -0.2401 0.8511
vn -0.5567 0.3446 0.7559
vn -0.4654 0.7188 0.5164
vn -0.2232 0.9703 0.0929
vn -0.5901 0.5993 0.5409
vn -0.2491 0.9563 0.1530
vn -0.5762 0.5558 0.5992
vn -0.6426 0.0794 0.7621
vn -0.5588 -0.3083 0.7699
vn -0.3267 -0.6397 0.6957
vn -0.0869 -0.9796 0.1811
vn 0.1601 -0.9674 -0.1961
vn 0.3711 -0.7424 -0.5578
vn -0.6781 0.2401 0.6947
vn -0.6512 0.1515 0.7437
vn -0.5926 -0.1526 0.7909
vn 0.6687 0.7398 0.0750
vn 0.4382 0.8965 0.0650
vn 0.1849 0.9660 0.1807
vn 0.8042 0.5923 0.0492
vn 0.9673 0.2134 0.1371
vn 0.9405 0.1708 0.2936
vn -0.5886 -0.7184 0.3708
vn -0.0423 -0.9909 0.1281
vn -0.0222 -0.9586 0.2839
vn -0.5382 -0.7368 0.4091
vn -0.7625 -0.2141 0.6105
vn -0.8286 -0.1671 0.5343
vn -0.7219 0.3773 0.5801
vn -0.7083 0.5142 0.4836
vn -0.3834 0.8348 0.3950
vn -0.3209 0.8742 0.3644
vn -0.1538 0.9643 0.2155
vn 0.3170 0.9394 0.1306
vn 0.6471 0.7286 0.2244
vn 0.7940 0.1119 0.5975
vn -0.8904 -0.1551 0.4279
vn -0.5998 -0.7553 0.2642
vn -0.0207 -0.9075 0.4195
vn 0.4838 -0.8743 0.0380
vn -0.7039 0.5857 0.4018
vn -0.9436 -0.0802 0.3211
vn -0.6575 -0.7212 0.2182
vn -0.0434 -0.9834 0.1761
vn 0.4242 -0.8822 0.2042
vn 0.2971 -0.9200 0.2556
vn 0.7359 -0.6039 0.3063
vn 0.8348 -0.4918 0.2476
vn 0.9405 0.1709 0.2936
vn 0.9673 0.2134 0.1370
vn 0.8564 -0.4724 0.2087
vn 0.7940 0.1118 0.5975
vn -0.2030 -0.9613 0.1863
vn -0.7483 -0.6485 0.1398
vn -0.9753 -0.0958 0.1992
vn -0.7321 0.6261 0.2684
vn -0.6614 0.6783 0.3202
vn -0.1096 0.9879 0.1096
vn -0.1168 0.9873 0.1076
vn 0.5419 -0.8391 0.0482
vn 1.0000 0.0004 0.0044
vn 0.5366 -0.5341 0.6533
vn 0.5982 -0.6553 -0.4612
vn 0.5605 -0.2722 -0.7821
vn 0.6834 -0.1275 -0.7188
vn 0.6906 -0.0175 -0.7230
vn 0.7207 0.1033 -0.6855
vn 0.7245 0.1104 -0.6803
vn 0.7003 -0.0866 0.7086
vn 0.6627 0.0068 0.7489
vn 0.7560 -0.0528 0.6524
vn 0.6421 0.2241 0.7331
vn 1.0000 0.0003 0.0044
vn 0.5970 0.6971 0.3971
vn 0.5941 0.7048 -0.3877
vn 0.6593 0.2671 -0.7028
vn 0.5383 -0.7209 0.4366
vn 0.9208 -0.2159 -0.3247
vn 0.8538 0.0359 0.5193
vn 0.4780 -0.0284 -0.8779
vn 0.3346 -0.9337 -0.1274
vn -0.1430 -0.5704 -0.8088
vn -0.2487 -0.5653 -0.7865
vn 0.1027 -0.6654 -0.7394
vn -0.0991 0.6334 -0.7675
vn -0.0151 0.0396 -0.9991
vn -0.1456 0.6259 -0.7662
vn 0.0623 0.0110 -0.9980
vn 0.1559 -0.5315 -0.8326
vn 0.1641 -0.4781 -0.8629
vn 0.1471 -0.9183 -0.3675
vn 0.1850 -0.6686 -0.7202
vn -0.0216 0.0171 -0.9996
vn -0.0649 0.5427 -0.8374
vn -0.1196 0.9480 -0.2950
vn -0.1163 0.9592 -0.2578
vn -0.2050 0.9455 -0.2530
vn -0.2155 0.9372 -0.2743
vn 0.0202 0.5544 -0.8320
vn 0.1262 0.0213 -0.9918
vn 0.1588 -0.5072 -0.8471
vn 0.2398 -0.8826 -0.4044
vn 0.1959 -0.9222 0.3334
vn 0.1531 -0.9206 0.3593
vn 0.0092 -0.5409 0.8410
vn 0.0161 -0.6440 0.7648
vn -0.0499 0.0284 0.9983
vn 0.0640 0.0909 0.9938
vn -0.1315 0.6224 0.7716
vn -0.0302 0.6512 0.7583
vn 0.2514 -0.7614 -0.5976
vn 0.2310 -0.9730 -0.0022
vn 0.2179 -0.8271 0.5181
vn 0.1018 -0.4820 0.8702
vn 0.1364 0.1341 0.9815
vn 0.0034 0.5985 0.8011
vn -0.1094 0.9574 0.2674
vn -0.1750 0.9391 0.2957
vn -0.2920 0.9024 0.3167
vn -0.2155 0.9372 -0.2742
vn -0.1197 0.9480 -0.2950
vn -0.1163 0.9591 -0.2580
vn -0.1308 0.9394 0.3169
vn -0.1736 0.5112 0.8418
vn -0.1187 -0.0782 0.9899
vn 0.0311 -0.6022 0.7978
vn 0.0292 -0.9499 0.3112
vn 0.0522 -0.9569 -0.2858
vn -0.4641 -0.1754 0.8682
vn -0.1508 0.0430 0.9876
vn -0.3096 -0.0635 0.9487
vn -0.5447 -0.2006 0.8143
vn -0.1245 0.3251 0.9374
vn -0.1067 0.0576 0.9926
vn -0.6943 -0.4989 -0.5187
vn -0.4489 -0.2647 -0.8535
vn -0.6605 -0.2983 -0.6890
vn -0.7199 -0.6897 0.0776
vn -0.6545 -0.7560 -0.0099
vn -0.6448 -0.4920 0.5850
vn -0.6559 -0.5500 0.5169
vn -0.5969 -0.4788 0.6438
vn -0.3684 -0.1880 0.9105
vn -0.1522 0.2308 0.9610
vn -0.0967 0.3357 0.9370
vn -0.0911 0.8556 0.5095
vn -0.1575 0.8440 0.5128
vn -0.0653 0.9160 -0.3959
vn -0.1656 0.9388 -0.3019
vn -0.5337 -0.8455 0.0138
vn -0.3003 -0.4754 0.8269
vn -0.1720 0.1773 0.9690
vn 0.0487 0.6457 0.7620
vn -0.1819 0.9644 0.1918
vn -0.1316 0.7616 -0.6346
vn 0.0188 0.4045 -0.9143
vn 0.0408 0.4256 -0.9040
vn 0.0147 0.5235 -0.8519
vn 0.0876 0.0277 -0.9958
vn -0.0863 -0.0365 -0.9956
vn -0.0647 -0.3183 -0.9458
vn -0.2008 -0.3196 -0.9260
vn -0.5184 -0.5392 -0.6638
vn -0.3933 -0.2751 -0.8773
vn -0.5772 -0.5359 -0.6162
vn -0.3976 -0.6490 -0.6486
vn -0.1647 0.0652 -0.9842
vn 0.0102 0.1470 -0.9891
vn -0.0633 0.1555 -0.9858
vn -0.0036 0.0086 1.0000
vn -0.0501 -0.0098 0.9987
vn -0.0841 0.2655 0.9604
vn -0.0843 0.8749 0.4768
vn -0.0923 0.9120 -0.3997
vn -0.0292 0.3796 -0.9247
vn 0.0310 0.1347 -0.9904
vn -0.1021 -0.0590 -0.9930
vn -0.2435 -0.1763 -0.9537
vn 0.7208 0.1033 -0.6854
vn 0.7246 0.1104 -0.6803
vn 0.5941 0.7049 -0.3876
vn 0.5969 0.6971 0.3971
vn 0.6900 -0.0351 0.7229
vn 0.0465 -0.0007 0.9989
vn -0.0227 0.0690 0.9974
vn -0.2760 -0.1317 0.9521
vn -0.1834 -0.0188 0.9829
vn -0.6482 -0.2352 0.7242
vn -0.6551 -0.2843 0.7001
vn -0.1347 0.0220 0.9906
vn -0.2517 -0.2407 0.9374
vn 0.7003 -0.0867 0.7085
vn 0.6628 0.0069 0.7488
vn 0.7561 -0.0529 0.6523
vn -0.6283 -0.7769 0.0401
vn -0.9399 -0.3395 0.0355
vn -0.9172 -0.3929 0.0656
vn -0.7017 -0.3937 -0.5938
vn -0.5524 -0.6094 -0.5687
vn -0.2618 -0.7934 -0.5496
vn -0.3429 -0.3340 -0.8780
vn -0.2145 -0.9733 0.0822
vn 0.5367 -0.5341 0.6532
vn -0.2524 -0.7515 0.6096
vn -0.3950 -0.7596 0.5167
vn 0.5418 -0.8391 0.0482
vn 0.5983 -0.6553 -0.4611
vn 0.6835 -0.1275 -0.7188
vn -0.1983 -0.1935 -0.9609
vn 0.6907 -0.0175 -0.7229
vn -0.1018 -0.0645 -0.9927
vn -0.3977 -0.6489 0.6487
vn -0.5175 -0.5397 0.6641
vn -0.0648 -0.3183 0.9458
vn -0.5338 -0.8455 -0.0138
vn -0.6546 -0.7560 0.0096
vn -0.5772 -0.5359 0.6161
vn -0.2759 -0.1317 -0.9521
vn -0.6482 -0.2352 -0.7243
vn -0.6449 -0.4920 -0.5849
vn -0.7199 -0.6897 -0.0777
vn -0.6943 -0.4989 0.5187
vn -0.3933 -0.2751 0.8773
vn -0.2008 -0.3196 0.9260
vn -0.0863 -0.0364 0.9956
vn 0.0876 0.0277 0.9958
vn 0.0409 0.4256 0.9040
vn 0.0148 0.5235 0.8519
vn -0.1315 0.7616 0.6346
vn -0.1661 0.9388 0.3018
vn -0.1816 0.9645 -0.1917
vn -0.0914 0.8556 -0.5094
vn 0.0489 0.6457 -0.7620
vn -0.4488 -0.2647 0.8535
vn -0.6605 -0.2983 0.6891
vn -0.3429 -0.3340 0.8780
vn -0.1953 -0.1935 0.9615
vn -0.1018 -0.0645 0.9927
vn -0.5524 -0.6094 0.5688
vn -0.2618 -0.7934 0.5495
vn -0.7017 -0.3937 0.5938
vn -0.9172 -0.3929 -0.0656
vn -0.1245 0.3251 -0.9374
vn -0.0966 0.3357 -0.9370
vn -0.2145 -0.9733 -0.0822
vn 0.5418 -0.8391 -0.0482
vn 0.5982 -0.6554 0.4611
vn 0.5605 -0.2721 0.7821
vn 0.6835 -0.1275 0.7188
vn 0.6908 -0.0154 0.7229
vn 0.7208 0.1033 0.6854
vn 0.0310 0.1347 0.9904
vn 0.7245 0.1104 0.6803
vn -0.0292 0.3796 0.9247
vn 0.6593 0.2671 0.7028
vn 0.5941 0.7049 0.3876
vn -0.0923 0.9119 0.3998
vn 0.5969 0.6971 -0.3971
vn -0.0844 0.8749 -0.4769
vn 0.6421 0.2241 -0.7331
vn -0.1574 0.8441 -0.5126
vn -0.0841 0.2654 -0.9605
vn -0.0652 0.9161 0.3957
vn 0.0189 0.4045 0.9143
vn 0.6900 -0.0351 -0.7229
vn -0.0501 -0.0098 -0.9987
vn 0.0465 -0.0007 -0.9989
vn 0.7561 -0.0529 -0.6523
vn -0.0633 0.1555 0.9858
vn -0.1647 0.0652 0.9842
vn -0.2435 -0.1763 0.9537
vn -0.1021 -0.0590 0.9930
vn 0.0102 0.1471 0.9891
vn -0.1521 0.2307 -0.9611
vn -0.1508 0.0430 -0.9876
vn -0.1068 0.0576 -0.9926
vn -0.0036 0.0086 -1.0000
vn -0.0227 0.0690 -0.9974
vn 0.6628 0.0069 -0.7488
vn -0.1834 -0.0189 -0.9829
vn 0.7004 -0.0866 -0.7085
vn -0.2517 -0.2407 -0.9374
vn 0.5367 -0.5340 -0.6532
vn -0.2524 -0.7515 -0.6096
vn -0.1347 0.0220 -0.9906
vn -0.6552 -0.2842 -0.7000
vn -0.6288 -0.7769 -0.0322
vn -0.3950 -0.7596 -0.5167
vn -0.9399 -0.3395 -0.0355
vn -0.1718 0.1773 -0.9690
vn -0.3684 -0.1879 -0.9105
vn -0.3097 -0.0635 -0.9487
vn -0.4641 -0.1753 -0.8682
vn -0.6560 -0.5500 -0.5169
vn -0.5965 -0.4791 -0.6440
vn -0.3005 -0.4753 -0.8269
vn -0.5448 -0.2006 -0.8142
vn -0.8526 -0.2364 0.4660
vn -0.9216 0.0321 0.3869
vn -0.8607 -0.2218 0.4582
vn -0.9236 0.0470 0.3805
vn -0.8115 0.3560 0.4633
vn -0.8481 0.2890 0.4441
vn -0.7220 0.4374 0.5361
vn -0.7125 0.4546 0.5345
vn -0.7220 0.4374 0.5360
vn -0.5399 0.6225 0.5666
vn -0.7125 0.4546 0.5346
vn -0.5544 0.5986 0.5782
vn -0.6935 0.1942 0.6938
vn -0.7042 0.1929 0.6833
vn -0.4798 -0.0270 0.8769
vn -0.4337 -0.0303 0.9005
vn -0.0458 -0.3888 0.9202
vn 0.0195 -0.4033 0.9149
vn 0.1646 -0.7557 0.6339
vn 0.1681 -0.7807 0.6019
vn -0.0170 -0.9443 0.3288
vn -0.0231 -0.9354 0.3529
vn -0.3724 -0.9268 0.0484
vn -0.3508 -0.9228 0.1595
vn -0.6949 -0.5772 0.4289
vn -0.6736 -0.5524 0.4910
vn -0.6512 0.1514 -0.7437
vn -0.6781 0.2401 -0.6946
vn -0.5926 -0.1526 -0.7909
vn -0.5588 -0.3082 -0.7699
vn -0.3265 -0.6390 -0.6965
vn -0.6426 0.0794 -0.7621
vn -0.5762 0.5557 -0.5993
vn -0.5902 0.5993 -0.5408
vn -0.4655 0.7188 -0.5164
vn -0.3283 -0.7912 -0.5160
vn -0.5316 -0.5733 -0.6235
vn -0.5567 0.3446 -0.7559
vn -0.4006 0.8519 -0.3374
vn -0.2491 0.9563 -0.1530
vn -0.2219 0.9706 -0.0930
vn -0.1958 0.9786 -0.0628
vn 0.2180 0.9249 0.3114
vn 0.5437 0.6413 0.5414
vn 0.0342 0.9092 0.4150
vn 0.2716 0.6209 0.7353
vn 0.6986 0.1840 0.6914
vn 0.4958 0.2502 0.8316
vn 0.6662 -0.3599 0.6532
vn 0.6316 -0.3494 0.6921
vn 0.5376 -0.7609 0.3634
vn 0.4841 -0.7562 0.4403
vn 0.2662 -0.9639 -0.0112
vn 0.2155 -0.9687 0.1232
vn -0.1343 -0.9259 -0.3530
vn -0.0635 -0.9879 -0.1416
vn -0.2492 0.9563 -0.1530
vn -0.2218 0.9706 -0.0930
vn -0.1958 0.9786 -0.0629
vn -0.0980 0.9079 0.4075
vn 0.0224 0.6550 0.7553
vn 0.3714 0.2952 0.8803
vn 0.5127 -0.2625 0.8175
vn 0.3710 -0.7424 0.5578
vn 0.1610 -0.9673 0.1959
vn -0.0871 -0.9796 -0.1811
vn 0.2961 -0.9203 -0.2556
vn 0.4243 -0.8822 -0.2042
vn 0.7363 -0.6035 -0.3062
vn 0.8354 -0.4909 -0.2470
vn 0.4846 -0.8739 -0.0384
vn 0.8564 -0.4724 -0.2086
vn 0.9673 0.2135 -0.1371
vn 0.9405 0.1709 -0.2936
vn 0.7933 0.1120 -0.5984
vn -0.1168 0.9873 -0.1076
vn -0.1081 0.9881 -0.1095
vn -0.7321 0.6260 -0.2685
vn -0.6614 0.6783 -0.3202
vn -0.1538 0.9643 -0.2156
vn -0.7035 0.5861 -0.4020
vn -0.3203 0.8744 -0.3645
vn -0.7083 0.5142 -0.4836
vn -0.3826 0.8351 -0.3953
vn -0.7219 0.3774 -0.5801
vn -0.8292 -0.1670 -0.5334
vn -0.7625 -0.2140 -0.6105
vn -0.5892 -0.7180 -0.3705
vn -0.5382 -0.7368 -0.4091
vn -0.0221 -0.9586 -0.2838
vn -0.0207 -0.9075 -0.4195
vn -0.0426 -0.9908 -0.1281
vn -0.0434 -0.9834 -0.1761
vn 0.1849 0.9660 -0.1806
vn -0.2034 -0.9612 -0.1863
vn -0.6588 -0.7208 -0.2155
vn -0.7478 -0.6490 -0.1397
vn -0.9440 -0.0800 -0.3202
vn -0.9753 -0.0958 -0.1992
vn -0.8904 -0.1551 -0.4279
vn -0.5998 -0.7553 -0.2641
vn 0.3170 0.9394 -0.1306
vn 0.4381 0.8965 -0.0650
vn 0.6687 0.7398 -0.0751
vn 0.8034 0.5924 -0.0597
vn 0.9673 0.2134 -0.1371
vn 0.6471 0.7286 -0.2244
vn 0.7934 0.1120 -0.5984
vn 0.1061 -0.9825 0.1533
vn 0.1169 -0.9747 0.1906
vn -0.4047 -0.7749 0.4856
vn 0.1448 -0.5452 0.8257
vn 0.0148 -0.8034 0.5953
vn 0.4204 -0.5420 0.7277
vn 0.1106 0.0565 0.9923
vn 0.1945 -0.0017 0.9809
vn 0.1407 0.0292 0.9896
vn 0.3010 -0.4864 0.8203
vn -0.2023 -0.6710 0.7133
vn -0.6065 -0.7871 -0.1120
vn -0.0935 0.1263 -0.9876
vn -0.0828 0.5545 -0.8281
vn 0.1090 0.4943 -0.8625
vn 0.0652 0.5601 -0.8259
vn -0.0406 0.3231 -0.9455
vn 0.0135 0.6524 -0.7578
vn -0.0263 0.2027 -0.9789
vn -0.0683 0.2478 -0.9664
vn -0.0949 -0.4566 -0.8846
vn -0.1991 -0.9770 -0.0757
vn -0.0041 -0.8759 -0.4825
vn 0.1885 -0.2424 0.9517
vn 0.2298 0.0170 0.9731
vn 0.7204 0.3652 0.5896
vn 0.6989 -0.0442 0.7138
vn 0.8687 0.1024 0.4847
vn 0.9297 -0.1636 0.3300
vn 0.9271 -0.2886 0.2394
vn 0.8965 -0.2764 0.3463
vn 0.9664 -0.1153 0.2298
vn 0.9795 0.0175 0.2006
vn 0.9691 0.1386 0.2042
vn 0.9411 0.2392 0.2390
vn 0.8993 0.3191 0.2989
vn 0.7733 0.3910 0.4992
vn 0.6138 0.3819 0.6909
vn 0.6103 0.4698 0.6378
vn -0.0303 0.6512 -0.7583
vn -0.1095 0.9574 -0.2674
vn -0.1750 0.9391 -0.2957
vn -0.1315 0.6224 -0.7716
vn 0.0640 0.0909 -0.9938
vn -0.0499 0.0284 -0.9983
vn 0.0162 -0.6440 -0.7648
vn 0.0093 -0.5410 -0.8410
vn 0.1959 -0.9222 -0.3333
vn 0.1530 -0.9206 -0.3592
vn 0.1459 -0.9185 0.3675
vn 0.2398 -0.8826 0.4044
vn 0.1641 -0.4780 0.8629
vn 0.1560 -0.5314 0.8326
vn 0.0624 0.0111 0.9980
vn -0.0151 0.0396 0.9991
vn -0.0991 0.6333 0.7675
vn -0.1457 0.6260 0.7661
vn -0.0217 0.0171 0.9996
vn -0.0650 0.5427 0.8374
vn 0.1851 -0.6687 0.7202
vn 0.0523 -0.9569 0.2858
vn 0.0292 -0.9499 -0.3111
vn 0.0311 -0.6022 -0.7977
vn -0.1187 -0.0782 -0.9898
vn -0.1737 0.5111 -0.8418
vn -0.1306 0.9394 -0.3170
vn -0.1164 0.9591 0.2579
vn -0.1197 0.9480 0.2950
vn -0.2050 0.9455 0.2530
vn 0.0202 0.5544 0.8320
vn -0.2155 0.9372 0.2742
vn -0.1165 0.9591 0.2579
vn -0.2920 0.9025 -0.3167
vn -0.2155 0.9372 0.2743
vn 0.0034 0.5985 -0.8011
vn 0.1363 0.1341 -0.9815
vn 0.1018 -0.4820 -0.8702
vn 0.2179 -0.8271 -0.5181
vn 0.2310 -0.9730 0.0022
vn 0.2514 -0.7613 0.5976
vn 0.1588 -0.5072 0.8471
vn 0.1262 0.0213 0.9918
vn 0.2949 0.9499 -0.1036
vn 0.2285 0.8863 -0.4029
vn 0.1120 0.9348 -0.3371
vn 0.3849 0.9229 -0.0000
vn 0.8702 0.4885 -0.0643
vn 0.8689 0.4950 -0.0000
vn -0.1909 0.9475 0.2566
vn 0.1011 0.9724 -0.2101
vn 0.3468 0.8818 -0.3197
vn 0.0727 0.9437 0.3227
vn 0.1090 0.4942 0.8625
vn 0.0653 0.5601 0.8259
vn 0.2285 0.8863 0.4029
vn 0.1120 0.9348 0.3371
vn 0.2949 0.9499 0.1035
vn 0.0758 0.8937 0.4422
vn 0.2060 0.9590 0.1944
vn 0.2253 0.9743 -0.0001
vn 0.2060 0.9591 -0.1943
vn 0.0758 0.8937 -0.4422
vn 0.0136 0.6523 -0.7578
vn 0.0653 0.5601 -0.8259
vn 0.0136 0.6524 0.7578
vn 0.0733 0.9437 -0.3225
vn 0.3231 0.9355 0.1432
vn 0.9107 0.0880 -0.4036
vn 0.8702 0.4885 0.0642
vn 0.3232 0.9355 -0.1432
vn 0.4257 0.5358 -0.7292
vn 0.2124 0.5735 -0.7912
vn -0.3127 0.7058 -0.6356
vn -0.4417 0.5474 -0.7108
vn -0.0328 0.7249 -0.6881
vn 0.3467 0.8817 0.3198
vn 0.2298 0.0169 -0.9731
vn 0.1945 -0.0017 -0.9809
vn 0.1106 0.0565 -0.9923
vn -0.4486 0.4704 -0.7599
vn 0.1200 0.4458 -0.8871
vn 0.1408 0.0291 -0.9896
vn 0.4257 0.5358 0.7292
vn 0.1011 0.9725 0.2100
vn -0.1909 0.9475 -0.2566
vn 0.1200 0.4458 0.8870
vn 0.1408 0.0292 0.9896
vn -0.4486 0.4703 0.7600
vn -0.0328 0.7249 0.6881
vn -0.4418 0.5475 0.7107
vn -0.3127 0.7058 0.6357
vn 0.2124 0.5735 0.7912
vn 0.2298 0.0169 0.9731
vn 0.8140 0.0496 0.5787
vn 0.9843 0.1765 -0.0000
vn 0.8140 0.0497 -0.5787
vn 0.3702 0.8852 0.2817
vn 0.4298 0.8632 0.2650
vn 0.3281 0.7782 0.5355
vn 0.6985 0.7103 0.0869
vn 0.3533 0.9314 0.0874
vn 0.3489 0.9372 -0.0000
vn 0.6711 0.7413 0.0046
vn 0.2907 0.9515 0.1005
vn 0.2252 0.9743 0.0093
vn 0.2316 0.7962 0.5589
vn 0.4678 0.7608 0.4499
vn 0.4272 0.8992 0.0948
vn 0.3198 0.9469 0.0326
vn 0.2177 0.9730 0.0766
vn -0.0535 0.9965 0.0637
vn 0.2573 0.9125 0.3180
vn 0.5749 0.7594 0.3046
vn 0.3894 0.6540 0.6486
vn 0.1970 0.6879 0.6985
vn 0.0695 0.3210 0.9445
vn 0.4735 0.5138 0.7154
vn 0.3980 0.4871 0.7774
vn 0.4127 0.8126 0.4115
vn 0.8140 0.0496 -0.5787
vn 0.1885 -0.2423 -0.9517
vn -0.5539 -0.8270 0.0959
vn 0.1896 0.1440 0.9712
vn -0.0935 0.1263 0.9876
vn 0.0652 0.5601 0.8259
vn -0.0421 0.3231 0.9454
vn 0.0136 0.6524 0.7577
vn 0.0465 0.3421 0.9385
vn -0.0835 0.0338 0.9959
vn -0.0827 -0.4873 0.8693
vn 0.4135 -0.3457 0.8423
vn -0.8303 -0.4907 0.2640
vn 0.1169 -0.9747 -0.1906
vn 0.1448 -0.5452 -0.8257
vn 0.4204 -0.5420 -0.7277
vn 0.0148 -0.8033 -0.5954
vn -0.0500 -0.7737 -0.6316
vn 0.1407 0.0292 -0.9896
vn 0.3010 -0.4864 -0.8203
vn -0.2023 -0.6710 -0.7134
vn 0.0662 -0.3330 0.9406
vn -0.4790 -0.7843 0.3943
vn 0.0854 -0.7442 0.6625
vn -0.6347 -0.6154 0.4673
vn 0.0200 -0.0524 0.9984
vn -0.7012 -0.4638 0.5415
vn -0.0147 0.3344 0.9423
vn -0.8305 -0.2228 0.5105
vn 0.0390 0.8084 0.5873
vn -0.9379 0.1201 0.3254
vn -0.3696 -0.9284 -0.0377
vn 0.0770 -0.9970 0.0071
vn -0.6910 -0.7079 -0.1463
vn -0.7052 -0.6689 0.2351
vn -0.7062 -0.6499 0.2810
vn -0.7471 -0.5464 0.3786
vn -0.5859 -0.4165 0.6952
vn 0.9245 -0.3424 0.1674
vn 0.0854 0.9963 0.0118
vn -0.9496 0.3135 -0.0039
vn -0.7968 -0.6041 -0.0086
vn -0.7488 -0.6087 -0.2621
vn -0.8076 -0.4810 -0.3413
vn -0.8466 -0.4291 -0.3148
vn -0.8495 -0.4459 -0.2819
vn -0.8690 -0.4500 -0.2057
vn -0.8949 -0.4434 -0.0505
vn -0.8305 -0.5014 0.2425
vn -0.5937 -0.7807 -0.1950
vn 0.0300 -0.7670 -0.6410
vn -0.1539 -0.9652 -0.2115
vn -0.6145 -0.6087 -0.5018
vn -0.8299 -0.4810 0.2826
vn -0.8444 -0.4114 0.3432
vn -0.9259 -0.0558 -0.3735
vn 0.0855 0.9963 0.0118
vn 0.9245 -0.3424 0.1673
vn -0.0311 0.7443 -0.6671
vn -0.9156 0.2212 -0.3358
vn -0.7968 -0.6042 -0.0085
vn -0.8110 -0.5266 0.2550
vn -0.8558 -0.1777 -0.4859
vn -0.8378 -0.4152 0.3546
vn -0.7546 -0.4477 -0.4797
vn 0.0702 -0.3185 -0.9453
vn -0.6434 -0.7588 0.1011
vn -0.8432 -0.5082 0.1751
vn -0.8353 -0.5497 0.0085
vn -0.7047 -0.6693 -0.2353
vn 0.0188 -0.0565 -0.9982
vn -0.0596 0.2444 -0.9678
vn -0.6739 -0.6047 -0.4244
vn -0.7053 -0.6507 -0.2814
vn -0.2100 -0.9553 0.2082
vn -0.8494 -0.4735 -0.2331
vn -0.7369 -0.0508 -0.6741
vn -0.2479 -0.6266 -0.7389
vn -0.5210 -0.4253 -0.7401
vn 0.0299 -0.3945 -0.9184
vn 0.0152 0.0405 -0.9991
vn 0.2743 -0.3402 -0.8995
vn 0.4115 -0.1782 -0.8938
vn 0.4728 0.0342 -0.8805
vn 0.4488 0.2271 -0.8643
vn 0.3808 0.3617 -0.8510
vn 0.2657 0.4608 -0.8468
vn -0.0032 0.4518 -0.8921
vn -0.1337 0.6573 -0.7417
vn -0.3418 0.5887 -0.7325
vn -0.5765 0.3282 -0.7483
vn 0.7207 0.1033 0.6855
vn 0.6907 -0.0175 0.7229
vn 1.0000 0.0003 -0.0044
vn 0.7245 0.1104 0.6804
vn 0.7561 -0.0528 -0.6523
vn 0.6900 -0.0351 -0.7230
vn 0.5970 0.6971 -0.3972
vn 0.5941 0.7048 0.3877
vn 0.6594 0.2671 0.7027
vn 0.6834 -0.1275 0.7188
vn 0.5606 -0.2722 0.7821
vn 1.0000 0.0004 -0.0043
vn 0.5982 -0.6553 0.4611
vn 0.5419 -0.8391 -0.0482
vn 0.5366 -0.5341 -0.6533
vn 0.7003 -0.0866 -0.7086
vn 0.6627 0.0068 -0.7488
vn -0.7369 -0.0491 0.6742
vn -0.3429 0.5899 0.7311
vn -0.5768 0.3298 0.7473
vn -0.1379 0.6571 0.7411
vn -0.0031 0.4518 0.8921
vn 0.0150 0.0389 0.9991
vn 0.2657 0.4607 0.8468
vn 0.3808 0.3616 0.8510
vn 0.4489 0.2271 0.8643
vn 0.4735 0.0337 0.8802
vn 0.4115 -0.1782 0.8938
vn 0.2743 -0.3401 0.8995
vn 0.0299 -0.3945 0.9184
vn -0.2430 -0.6279 0.7394
vn -0.5203 -0.4239 0.7414
vn 0.7095 0.3802 -0.5934
vn 0.2260 -0.6668 -0.7101
vn 0.0932 -0.0246 -0.9953
vn 0.6778 0.6693 0.3045
vn 0.3471 0.6042 0.7173
vn 0.8357 -0.3060 0.4560
vn 0.5230 -0.5253 0.6712
vn 0.8277 -0.3621 -0.4287
vn 0.9820 0.1730 0.0763
vn -0.5566 -0.6923 0.4592
vn -0.4811 -0.8119 0.3307
vn -0.6803 -0.5119 0.5246
vn -0.7514 -0.4080 0.5186
vn -0.7047 -0.6694 -0.2353
vn -0.8070 -0.3645 0.4646
vn -0.6433 -0.7589 0.1011
vn -0.9243 -0.3603 0.1255
vn -0.9809 -0.1945 0.0001
vn -0.9775 -0.2057 0.0476
vn -0.6736 -0.7390 -0.0117
vn -0.9504 -0.3110 -0.0110
vn -0.7052 -0.6784 0.2064
vn -0.8708 -0.4867 0.0691
vn -0.6825 -0.6550 0.3243
vn -0.7316 -0.5532 0.3984
vn -0.7724 -0.5019 0.3893
vn -0.8286 -0.4920 0.2672
vn -0.7197 -0.6927 0.0471
vn -0.7532 -0.6578 -0.0000
vn -0.7153 -0.6973 -0.0467
vn -0.8353 -0.5497 0.0084
vn -0.8493 -0.4736 -0.2332
vn -0.9186 -0.3672 -0.1458
vn -0.8319 -0.5013 -0.2379
vn -0.8053 -0.3574 -0.4731
vn -0.7881 -0.4950 -0.3659
vn -0.7567 -0.3917 -0.5234
vn -0.7316 -0.5533 -0.3983
vn -0.6802 -0.5120 -0.5246
vn -0.6798 -0.6498 -0.3401
vn -0.5721 -0.6820 -0.4557
vn -0.8624 -0.4935 -0.1125
vn -0.5430 -0.7707 -0.3334
vn -0.9448 -0.3263 -0.0313
vn -0.7163 -0.6869 -0.1228
vn -0.7052 -0.6689 0.2352
vn -0.5858 -0.4166 0.6952
vn -0.5379 -0.8290 -0.1528
vn -0.5379 -0.8290 0.1529
vn 0.8539 0.0359 -0.5192
vn 0.3340 -0.9339 0.1274
vn -0.1066 -0.9802 0.1668
vn 0.2478 -0.7175 0.6509
vn -0.1432 -0.5704 0.8088
vn -0.2488 -0.5653 0.7865
vn -0.0679 -0.9780 0.1974
vn -0.1906 -0.9605 0.2030
vn -0.3702 -0.9275 0.0526
vn -0.7968 -0.6042 -0.0086
vn -0.8109 -0.5266 0.2550
vn -0.7488 -0.6088 -0.2621
vn -0.8444 -0.4115 0.3432
vn -0.8466 -0.4291 -0.3147
vn -0.8306 -0.5014 0.2424
vn -0.8690 -0.4501 -0.2057
vn -0.8949 -0.4434 -0.0506
vn -0.4007 0.8518 -0.3374
vn 0.1361 0.9819 0.1314
vn 0.5939 0.6997 0.3971
vn 0.8261 -0.0125 0.5633
vn 0.6582 -0.2610 0.7062
vn 0.5541 -0.6363 0.5368
vn 0.3422 -0.9164 0.2078
vn 0.2223 -0.9715 0.0826
vn 0.1556 -0.9829 -0.0985
vn -0.0602 -0.8762 -0.4782
vn -0.3866 -0.7192 -0.5774
vn -0.4668 -0.2401 -0.8511
vt 0.824560 0.156180
vt 0.811790 0.153240
vt 0.834640 0.162220
vt 0.799070 0.156180
vt 0.788940 0.162220
vt 0.316500 0.048400
vt 0.304200 0.074100
vt 0.299400 0.068800
vt 0.186000 0.047300
vt 0.194000 0.039300
vt 0.222600 0.055400
vt 0.215400 0.067200
vt 0.206500 0.083200
vt 0.250100 0.083700
vt 0.250500 0.093200
vt 0.289400 0.085200
vt 0.249400 0.074400
vt 0.287100 0.059100
vt 0.249600 0.067300
vt 0.283500 0.053300
vt 0.302200 0.035000
vt 0.313100 0.043700
vt 0.230100 0.468400
vt 0.250100 0.489900
vt 0.250100 0.476000
vt 0.239300 0.495300
vt 0.204100 0.407200
vt 0.221000 0.419200
vt 0.195300 0.382800
vt 0.206000 0.440900
vt 0.214400 0.459200
vt 0.224500 0.441200
vt 0.250100 0.463600
vt 0.270100 0.468400
vt 0.260900 0.495300
vt 0.244400 0.499300
vt 0.255600 0.499300
vt 0.285700 0.459200
vt 0.294100 0.440900
vt 0.296000 0.407200
vt 0.304800 0.382800
vt 0.277400 0.414200
vt 0.279200 0.419200
vt 0.275600 0.441200
vt 0.250100 0.442200
vt 0.250100 0.422200
vt 0.222700 0.414800
vt 0.250100 0.417900
vt 0.250100 0.385800
vt 0.277600 0.385000
vt 0.274600 0.347000
vt 0.299600 0.343000
vt 0.274600 0.342400
vt 0.299400 0.338400
vt 0.372000 0.332000
vt 0.358800 0.360200
vt 0.391300 0.352400
vt 0.340300 0.330900
vt 0.332900 0.370000
vt 0.323400 0.343300
vt 0.315200 0.375000
vt 0.321300 0.338800
vt 0.338500 0.325800
vt 0.329900 0.325000
vt 0.379300 0.316500
vt 0.379200 0.313900
vt 0.384900 0.288000
vt 0.340900 0.287500
vt 0.302000 0.310600
vt 0.276400 0.305500
vt 0.250100 0.343100
vt 0.250100 0.347700
vt 0.222500 0.385000
vt 0.303600 0.273800
vt 0.411400 0.281400
vt 0.178800 0.338800
vt 0.200700 0.338400
vt 0.198200 0.310600
vt 0.200500 0.343000
vt 0.176800 0.343300
vt 0.185000 0.375000
vt 0.225500 0.347000
vt 0.225500 0.342400
vt 0.223700 0.305500
vt 0.250100 0.310000
vt 0.167200 0.370000
vt 0.170200 0.325000
vt 0.196500 0.273800
vt 0.228200 0.300000
vt 0.250100 0.304500
vt 0.272000 0.300000
vt 0.272500 0.256790
vt 0.250100 0.257200
vt 0.227420 0.256820
vt 0.267300 0.251400
vt 0.232800 0.251400
vt 0.250090 0.212480
vt 0.261630 0.212280
vt 0.238470 0.212280
vt 0.001100 0.327300
vt 0.001100 0.329900
vt 0.037000 0.329500
vt 0.001100 0.346100
vt 0.037300 0.345400
vt 0.058500 0.341400
vt 0.059600 0.347800
vt 0.084500 0.337800
vt 0.086700 0.349100
vt 0.107400 0.336900
vt 0.108800 0.352400
vt 0.141300 0.360200
vt 0.128200 0.332000
vt 0.159900 0.330900
vt 0.161700 0.325800
vt 0.063200 0.319200
vt 0.120800 0.316500
vt 0.087500 0.313800
vt 0.063400 0.314600
vt 0.037100 0.324500
vt 0.001100 0.306900
vt 0.043900 0.305000
vt 0.001100 0.276000
vt 0.046400 0.274100
vt 0.022000 0.272700
vt 0.020400 0.245100
vt 0.001100 0.244460
vt 0.001100 0.272500
vt 0.120900 0.313900
vt 0.087700 0.309200
vt 0.159200 0.287500
vt 0.115200 0.288000
vt 0.088700 0.281400
vt 0.062700 0.276300
vt 0.044100 0.258200
vt 0.063100 0.269100
vt 0.238800 0.356700
vt 0.253600 0.408300
vt 0.262900 0.356700
vt 0.248000 0.408300
vt 0.052100 0.754400
vt 0.060840 0.752690
vt 0.060190 0.744290
vt 0.052450 0.771600
vt 0.065020 0.770440
vt 0.043450 0.774710
vt 0.069590 0.729910
vt 0.069190 0.750230
vt 0.070650 0.763500
vt 0.080660 0.734690
vt 0.083220 0.714070
vt 0.079050 0.752740
vt 0.079900 0.764730
vt 0.080250 0.777380
vt 0.044200 0.755050
vt 0.034700 0.765460
vt 0.051640 0.741480
vt 0.061750 0.713320
vt 0.067280 0.710200
vt 0.083220 0.701450
vt 0.092270 0.702460
vt 0.092720 0.714220
vt 0.092820 0.736500
vt 0.093380 0.755300
vt 0.093430 0.766620
vt 0.087590 0.779090
vt 0.075020 0.694160
vt 0.061450 0.703720
vt 0.051590 0.714380
vt 0.044500 0.745300
vt 0.035050 0.752940
vt 0.019720 0.766920
vt 0.067580 0.687480
vt 0.073420 0.677120
vt 0.064110 0.670530
vt 0.051440 0.701250
vt 0.042540 0.713420
vt 0.033990 0.729960
vt 0.022480 0.754300
vt 0.008200 0.766010
vt 0.017750 0.779890
vt 0.031480 0.778380
vt 0.043200 0.704220
vt 0.045060 0.670380
vt 0.027610 0.692860
vt 0.018060 0.671340
vt 0.032590 0.713220
vt 0.022530 0.735140
vt 0.010770 0.753090
vt 0.010110 0.735590
vt 0.022430 0.714980
vt 0.018760 0.699950
vt 0.010060 0.715580
vt 0.010560 0.701910
vt 0.179600 0.047300
vt 0.196300 0.067800
vt 0.191400 0.073000
vt 0.020120 0.694820
vt 0.008760 0.779590
vt 0.462000 0.373400
vt 0.461900 0.377700
vt 0.464400 0.370800
vt 0.464300 0.380800
vt 0.499600 0.371200
vt 0.499600 0.380900
vt 0.093230 0.781850
vt 0.038100 0.373400
vt 0.035700 0.370800
vt 0.038200 0.377700
vt 0.035800 0.380800
vt 0.001100 0.380900
vt 0.001100 0.371200
vt 0.000010 0.750980
vt 0.000310 0.763350
vt 0.000310 0.733630
vt -0.000100 0.714780
vt 0.001060 0.701000
vt 0.031530 0.635080
vt 0.024640 0.641220
vt 0.029670 0.646350
vt 0.021220 0.647200
vt 0.017300 0.638350
vt 0.028160 0.626690
vt 0.040130 0.635390
vt 0.040530 0.651320
vt 0.029420 0.658820
vt 0.016800 0.658610
vt 0.007150 0.647200
vt 0.007200 0.634030
vt 0.015440 0.627390
vt 0.409040 0.618240
vt 0.422930 0.596910
vt 0.398350 0.609500
vt 0.429350 0.614120
vt 0.370770 0.539850
vt 0.345530 0.544330
vt 0.357300 0.566250
vt 0.378570 0.571980
vt 0.372330 0.596020
vt 0.397120 0.597830
vt 0.390530 0.637250
vt 0.421710 0.629450
vt 0.442020 0.621310
vt 0.447600 0.606070
vt 0.461190 0.608130
vt 0.462840 0.596870
vt 0.452830 0.593500
vt 0.470760 0.585140
vt 0.459420 0.580580
vt 0.476210 0.564840
vt 0.467310 0.560320
vt 0.367100 0.619650
vt 0.388220 0.542070
vt 0.382290 0.517680
vt 0.454340 0.624070
vt 0.436390 0.634880
vt 0.404210 0.651320
vt 0.360110 0.655650
vt 0.343370 0.611300
vt 0.354180 0.581380
vt 0.346340 0.566100
vt 0.326980 0.568110
vt 0.313350 0.598930
vt 0.319490 0.639660
vt 0.298320 0.602300
vt 0.329340 0.692200
vt 0.367910 0.695820
vt 0.417940 0.712410
vt 0.425230 0.680340
vt 0.395010 0.664000
vt 0.424220 0.658460
vt 0.451470 0.636590
vt 0.448360 0.657760
vt 0.292890 0.569870
vt 0.277500 0.602250
vt 0.310390 0.569170
vt 0.279770 0.641220
vt 0.259250 0.642070
vt 0.260410 0.697530
vt 0.213600 0.705180
vt 0.284900 0.694470
vt 0.138830 0.706280
vt 0.183380 0.707040
vt 0.187000 0.652380
vt 0.207360 0.647400
vt 0.237430 0.644590
vt 0.256030 0.604160
vt 0.275140 0.570520
vt 0.288670 0.543830
vt 0.308020 0.540860
vt 0.322500 0.540410
vt 0.327230 0.526780
vt 0.347440 0.526610
vt 0.227520 0.617640
vt 0.267750 0.540660
vt 0.251660 0.572740
vt 0.237680 0.573990
vt 0.212490 0.615880
vt 0.186650 0.622820
vt 0.157180 0.626240
vt 0.159600 0.658060
vt 0.233110 0.544030
vt 0.215360 0.574300
vt 0.249350 0.539950
vt 0.256440 0.541810
vt 0.260110 0.527480
vt 0.267800 0.527330
vt 0.274280 0.527730
vt 0.284790 0.527280
vt 0.291650 0.522100
vt 0.299740 0.526680
vt 0.310600 0.526430
vt 0.318500 0.521400
vt 0.155120 0.570370
vt 0.132800 0.605520
vt 0.139660 0.519290
vt 0.136940 0.514660
vt 0.128360 0.540860
vt 0.149380 0.518080
vt 0.145010 0.540810
vt 0.166530 0.544830
vt 0.185440 0.572640
vt 0.160400 0.531560
vt 0.152760 0.521550
vt 0.135850 0.503300
vt 0.131450 0.503250
vt 0.140380 0.507120
vt 0.149580 0.503850
vt 0.155270 0.506170
vt 0.159450 0.513150
vt 0.163510 0.517530
vt 0.168100 0.515370
vt 0.170600 0.532810
vt 0.190720 0.543870
vt 0.213190 0.546790
vt 0.227830 0.529750
vt 0.174740 0.514340
vt 0.181810 0.520940
vt 0.197610 0.528240
vt 0.210680 0.524520
vt 0.223700 0.517480
vt 0.235870 0.516670
vt 0.235520 0.528740
vt 0.249350 0.527890
vt 0.028110 0.531370
vt 0.037410 0.529950
vt 0.034100 0.525070
vt 0.043060 0.525320
vt 0.047160 0.529260
vt 0.040880 0.536790
vt 0.030980 0.539800
vt 0.052050 0.547650
vt 0.043050 0.545180
vt 0.058410 0.542490
vt 0.062860 0.559210
vt 0.068190 0.554380
vt 0.066480 0.569820
vt 0.072710 0.564490
vt 0.073670 0.588020
vt 0.075980 0.583860
vt 0.089350 0.600840
vt 0.080710 0.598180
vt 0.083320 0.587020
vt 0.106700 0.589880
vt 0.082060 0.556340
vt 0.112080 0.561270
vt 0.117830 0.535370
vt 0.083970 0.521700
vt 0.095740 0.517020
vt 0.121790 0.515220
vt 0.067230 0.591540
vt 0.061900 0.575450
vt 0.058580 0.563530
vt 0.095740 0.507320
vt 0.083470 0.504960
vt 0.120720 0.503900
vt 0.122940 0.631770
vt 0.123040 0.672040
vt 0.093780 0.696530
vt 0.090810 0.673950
vt 0.076940 0.658610
vt 0.083920 0.645840
vt 0.094080 0.616580
vt 0.071400 0.636040
vt 0.073420 0.609840
vt 0.056420 0.617990
vt 0.054610 0.608180
vt 0.049700 0.628380
vt 0.043260 0.610360
vt 0.048070 0.591090
vt 0.036210 0.598710
vt 0.042590 0.573890
vt 0.034080 0.583620
vt 0.057320 0.641820
vt 0.061750 0.594910
vt 0.054060 0.581490
vt 0.051390 0.565500
vt 0.037570 0.557850
vt 0.028460 0.562190
vt 0.024990 0.545680
vt 0.247490 0.619680
vt 0.232170 0.644280
vt 0.197080 0.601790
vt 0.195510 0.655710
vt 0.164050 0.628530
vt 0.145060 0.589320
vt 0.166350 0.564770
vt 0.198550 0.558530
vt 0.238170 0.591860
vt 0.435430 0.599280
vt 0.440760 0.586160
vt 0.444330 0.573690
vt 0.454790 0.553480
vt 0.430250 0.583650
vt 0.434870 0.568670
vt 0.445320 0.549050
vt 0.459210 0.532500
vt 0.466110 0.533870
vt 0.474300 0.536380
vt 0.478930 0.540710
vt 0.937070 0.062270
vt 0.986450 0.079180
vt 0.983600 0.041020
vt 0.961300 0.108470
vt 0.933410 0.113650
vt 0.908030 0.104740
vt 0.890910 0.084690
vt 0.886870 0.073020
vt 0.886400 0.058900
vt 0.890290 0.044090
vt 0.895560 0.034050
vt 0.917200 0.014490
vt 0.940730 0.011060
vt 0.967170 0.021190
vt 0.342970 0.751030
vt 0.361280 0.749260
vt 0.339240 0.750060
vt 0.363680 0.750230
vt 0.386220 0.749250
vt 0.386110 0.750200
vt 0.409230 0.753470
vt 0.411250 0.755600
vt 0.135210 0.755410
vt 0.160050 0.753660
vt 0.135470 0.753800
vt 0.160450 0.755410
vt 0.183570 0.748400
vt 0.183030 0.749620
vt 0.204530 0.750640
vt 0.203490 0.752390
vt 0.227750 0.756000
vt 0.224060 0.758320
vt 0.249780 0.761700
vt 0.247080 0.769940
vt 0.272780 0.762490
vt 0.273230 0.773510
vt 0.295930 0.762080
vt 0.299320 0.769940
vt 0.316930 0.756560
vt 0.322400 0.757620
vt 0.158320 0.740260
vt 0.178360 0.735510
vt 0.157830 0.729660
vt 0.185460 0.742810
vt 0.206200 0.734010
vt 0.205710 0.741470
vt 0.233070 0.731910
vt 0.232700 0.745550
vt 0.255220 0.729910
vt 0.251310 0.747400
vt 0.273450 0.729310
vt 0.272310 0.748800
vt 0.293480 0.730810
vt 0.293970 0.748300
vt 0.310580 0.747470
vt 0.324260 0.734910
vt 0.136160 0.745150
vt 0.136160 0.736110
vt 0.157870 0.719400
vt 0.136160 0.723240
vt 0.183500 0.717720
vt 0.207990 0.718010
vt 0.225090 0.715110
vt 0.252450 0.709010
vt 0.264990 0.708630
vt 0.276390 0.709210
vt 0.286640 0.710130
vt 0.299670 0.711580
vt 0.323610 0.717810
vt 0.340220 0.719510
vt 0.381720 0.721160
vt 0.409470 0.745150
vt 0.385160 0.742030
vt 0.409470 0.736110
vt 0.383530 0.736410
vt 0.409470 0.722010
vt 0.360730 0.731950
vt 0.334520 0.743570
vt 0.359600 0.742850
vt 0.835330 0.701470
vt 0.799870 0.728040
vt 0.808290 0.692200
vt 0.833180 0.730790
vt 0.890210 0.702060
vt 0.888880 0.738480
vt 0.674980 0.684500
vt 0.642500 0.720450
vt 0.639060 0.697330
vt 0.641040 0.660480
vt 0.710890 0.648590
vt 0.713150 0.684060
vt 0.762130 0.653920
vt 0.752120 0.687460
vt 0.787770 0.678320
vt 0.769330 0.702620
vt 0.763860 0.719370
vt 0.795250 0.764540
vt 0.827330 0.776670
vt 0.885740 0.788350
vt 0.712440 0.712600
vt 0.679260 0.698290
vt 0.607740 0.673330
vt 0.600230 0.693390
vt 0.737960 0.715720
vt 0.715540 0.733960
vt 0.678460 0.732660
vt 0.647740 0.737310
vt 0.600070 0.729310
vt 0.604400 0.771630
vt 0.571830 0.776170
vt 0.562280 0.722050
vt 0.511840 0.755420
vt 0.510210 0.712120
vt 0.560830 0.701620
vt 0.517350 0.775960
vt 0.650480 0.774970
vt 0.679440 0.780020
vt 0.716910 0.779710
vt 0.737100 0.779450
vt 0.736250 0.737490
vt 0.760560 0.736580
vt 0.760210 0.776120
vt 0.506300 0.958230
vt 0.601030 0.950780
vt 0.519100 0.989640
vt 0.510590 0.929880
vt 0.526280 0.910700
vt 0.556970 0.905430
vt 0.592210 0.906490
vt 0.633230 0.913430
vt 0.649920 0.916780
vt 0.537640 0.994240
vt 0.561380 0.996750
vt 0.629380 0.991890
vt 0.678430 0.992180
vt 0.693760 0.969850
vt 0.696280 0.942630
vt 0.677030 0.922750
vt 0.845270 0.741400
vt 0.814820 0.710360
vt 0.844520 0.716860
vt 0.814820 0.733960
vt 0.770430 0.712150
vt 0.774180 0.741190
vt 0.730530 0.707470
vt 0.772680 0.663720
vt 0.814820 0.689570
vt 0.842760 0.689310
vt 0.888780 0.736060
vt 0.894010 0.675320
vt 0.888030 0.758940
vt 0.886540 0.795060
vt 0.843480 0.786500
vt 0.816320 0.780790
vt 0.771180 0.776830
vt 0.732030 0.744940
vt 0.699820 0.745690
vt 0.699820 0.708220
vt 0.662170 0.715150
vt 0.667410 0.741940
vt 0.617780 0.714110
vt 0.617780 0.737710
vt 0.584330 0.720290
vt 0.583580 0.744640
vt 0.744210 0.780580
vt 0.714800 0.781510
vt 0.686140 0.780580
vt 0.660670 0.776080
vt 0.619270 0.771660
vt 0.583870 0.774160
vt 0.546970 0.726280
vt 0.546970 0.753340
vt 0.546970 0.781350
vt 0.513260 0.781350
vt 0.513260 0.749530
vt 0.509570 0.723050
vt 0.507620 0.666290
vt 0.553680 0.666290
vt 0.594780 0.684650
vt 0.617780 0.684360
vt 0.659950 0.658810
vt 0.693820 0.629540
vt 0.739710 0.632240
vt 0.910630 0.928830
vt 0.936060 0.942480
vt 0.941240 0.929850
vt 0.917090 0.921940
vt 0.969750 0.950940
vt 0.934840 0.956730
vt 0.858000 0.935350
vt 0.857710 0.951640
vt 0.838150 0.952470
vt 0.857530 0.923880
vt 0.873430 0.898980
vt 0.892340 0.922490
vt 0.899560 0.918660
vt 0.925140 0.917870
vt 0.969010 0.931600
vt 0.956770 0.939820
vt 0.981460 0.931350
vt 0.986500 0.950940
vt 0.997990 0.950940
vt 0.993000 0.931610
vt 0.884650 0.900540
vt 0.909310 0.914270
vt 0.959520 0.921320
vt 0.977770 0.922380
vt 0.990970 0.923490
vt 0.969000 0.922040
vt 0.908820 0.958450
vt 0.929560 0.988250
vt 0.973310 0.988250
vt 0.985870 0.988250
vt 0.996960 0.988250
vt 0.910900 0.942400
vt 0.929560 0.998200
vt 0.973310 0.998200
vt 0.996960 0.998200
vt 0.985870 0.998200
vt 0.905370 0.988250
vt 0.880950 0.988250
vt 0.839170 0.988250
vt 0.803290 0.956160
vt 0.802150 0.988250
vt 0.802150 0.998200
vt 0.839170 0.998200
vt 0.905370 0.998200
vt 0.787930 0.957120
vt 0.804950 0.947490
vt 0.839810 0.939920
vt 0.793850 0.969200
vt 0.791600 0.988250
vt 0.782250 0.988250
vt 0.791600 0.998200
vt 0.778010 0.998200
vt 0.876150 0.998200
vt 0.876520 0.988250
vt 0.633760 0.044530
vt 0.633140 0.032800
vt 0.608600 0.029430
vt 0.694220 0.067770
vt 0.667100 0.089000
vt 0.694330 0.080860
vt 0.731550 0.080640
vt 0.729400 0.075960
vt 0.731860 0.103890
vt 0.701110 0.092310
vt 0.670800 0.094180
vt 0.579530 0.026960
vt 0.542040 0.025740
vt 0.551170 0.031280
vt 0.522000 0.047820
vt 0.516480 0.040620
vt 0.524280 0.025390
vt 0.505690 0.016090
vt 0.520640 0.011470
vt 0.541830 0.008220
vt 0.574110 0.001430
vt 0.601670 0.000600
vt 0.632840 0.016230
vt 0.701990 0.063810
vt 0.686570 0.040070
vt 0.729980 0.064920
vt 0.732160 0.048430
vt 0.690680 0.840240
vt 0.625540 0.849930
vt 0.640040 0.834390
vt 0.772990 0.845320
vt 0.731630 0.869830
vt 0.774120 0.875930
vt 0.931420 0.853400
vt 0.877090 0.880710
vt 0.837500 0.883380
vt 0.926620 0.847080
vt 0.985960 0.834790
vt 0.981450 0.821730
vt 0.922420 0.839570
vt 0.907480 0.825150
vt 0.856850 0.834690
vt 0.906670 0.796280
vt 0.855770 0.809510
vt 0.773310 0.813920
vt 0.690810 0.815380
vt 0.636220 0.805770
vt 0.595430 0.788280
vt 0.567900 0.836740
vt 0.937850 0.788500
vt 0.621420 0.857700
vt 0.696370 0.874330
vt 0.773130 0.881110
vt 0.811600 0.866370
vt 0.850560 0.868720
vt 0.785610 0.894150
vt 0.796140 0.908700
vt 0.849340 0.897160
vt 0.801610 0.918310
vt 0.845100 0.921940
vt 0.700950 0.886740
vt 0.779200 0.911720
vt 0.780900 0.922280
vt 0.781730 0.925180
vt 0.801640 0.918350
vt 0.818540 0.934940
vt 0.785860 0.939560
vt 0.757730 0.894030
vt 0.668880 0.891450
vt 0.617120 0.864230
vt 0.563390 0.850080
vt 0.745090 0.939080
vt 0.762990 0.923930
vt 0.759920 0.940420
vt 0.745970 0.919370
vt 0.716070 0.935360
vt 0.745970 0.919320
vt 0.694490 0.906950
vt 0.747210 0.908820
vt 0.765270 0.911200
vt 0.770670 0.897460
vt 0.772410 0.897050
vt 0.773820 0.897440
vt 0.763550 0.920880
vt 0.453700 0.274100
vt 0.456100 0.258200
vt 0.437000 0.269100
vt 0.478200 0.272700
vt 0.479700 0.245100
vt 0.499050 0.244550
vt 0.499600 0.272500
vt 0.499600 0.276000
vt 0.456300 0.305000
vt 0.499600 0.306900
vt 0.437400 0.276300
vt 0.436800 0.314600
vt 0.463000 0.324500
vt 0.499600 0.327300
vt 0.499600 0.329900
vt 0.463200 0.329500
vt 0.462800 0.345400
vt 0.441700 0.341400
vt 0.440400 0.347800
vt 0.413400 0.349100
vt 0.415600 0.337800
vt 0.392700 0.336900
vt 0.499600 0.346100
vt 0.412600 0.313800
vt 0.412400 0.309200
vt 0.437000 0.319200
vt 0.542100 0.025910
vt 0.541810 0.008170
vt 0.231900 0.021000
vt 0.216100 0.009900
vt 0.214300 0.022000
vt 0.234800 0.008900
vt 0.249500 0.019300
vt 0.250700 0.009600
vt 0.257900 0.018400
vt 0.259500 0.010400
vt 0.266900 0.019100
vt 0.268400 0.011400
vt 0.194900 0.014900
vt 0.194900 0.027000
vt 0.211300 0.034200
vt 0.226300 0.033200
vt 0.244500 0.031600
vt 0.254000 0.030600
vt 0.263900 0.029800
vt 0.283900 0.028900
vt 0.283900 0.022000
vt 0.283900 0.016500
vt 0.283900 0.010800
vt 0.269700 0.006900
vt 0.261200 0.003700
vt 0.250900 0.000500
vt 0.235600 -0.000900
vt 0.217000 -0.001100
vt 0.194900 -0.000300
vt 0.172700 -0.001100
vt 0.173700 0.009900
vt 0.175500 0.022000
vt 0.186100 0.033700
vt 0.155000 0.008900
vt 0.153500 -0.002100
vt 0.137900 -0.001600
vt 0.125900 0.029800
vt 0.106000 0.022000
vt 0.106000 0.028900
vt 0.124000 0.018000
vt 0.106000 0.016500
vt 0.121800 0.013500
vt 0.106000 0.010800
vt 0.120600 0.006300
vt 0.130600 0.009900
vt 0.130200 0.001800
vt 0.138100 0.007300
vt 0.157900 0.021000
vt 0.178500 0.034200
vt 0.185200 0.036000
vt 0.194900 0.039200
vt 0.163400 0.033200
vt 0.140200 0.019300
vt 0.131900 0.018400
vt 0.135700 0.030600
vt 0.145300 0.031600
vt 0.204100 0.033900
vt 0.204600 0.036000
vt 0.934200 0.122690
vt 0.984840 0.094780
vt 0.957320 0.117420
vt 0.997100 0.069250
vt 0.934380 0.067580
vt 0.992700 0.038500
vt 0.971110 0.013740
vt 0.936610 0.003300
vt 0.910560 0.010020
vt 0.896070 0.020560
vt 0.880810 0.042170
vt 0.875880 0.066050
vt 0.880580 0.081290
vt 0.891200 0.101550
vt 0.908390 0.115660
vt 0.649100 0.993160
vt 0.934130 0.122620
vt 0.891150 0.101490
vt 0.908330 0.115600
vt 0.880530 0.081240
vt 0.875840 0.066000
vt 0.880770 0.042140
vt 0.896010 0.020550
vt 0.910500 0.010010
vt 0.936540 0.003290
vt 0.971020 0.013730
vt 0.992600 0.038470
vt 0.997000 0.069210
vt 0.984740 0.094730
vt 0.957240 0.117350
vt 0.857890 0.162070
vt 0.838130 0.158670
vt 0.846660 0.149790
vt 0.846460 0.167750
vt 0.859530 0.176730
vt 0.847710 0.178530
vt 0.854050 0.196040
vt 0.842620 0.196390
vt 0.846060 0.212350
vt 0.834740 0.212400
vt 0.835990 0.235350
vt 0.827160 0.218890
vt 0.811990 0.234800
vt 0.838780 0.131640
vt 0.811990 0.136420
vt 0.811990 0.125400
vt 0.832000 0.141110
vt 0.857290 0.142660
vt 0.872160 0.158870
vt 0.874350 0.178380
vt 0.868310 0.199530
vt 0.860280 0.225080
vt 0.846960 0.250120
vt 0.811990 0.249320
vt 0.777020 0.250120
vt 0.811990 0.221930
vt 0.796880 0.218890
vt 0.788040 0.235350
vt 0.763750 0.225080
vt 0.777970 0.212350
vt 0.755670 0.199530
vt 0.769990 0.196040
vt 0.749630 0.178380
vt 0.764450 0.176730
vt 0.751870 0.158870
vt 0.766140 0.162070
vt 0.766690 0.142660
vt 0.777370 0.149790
vt 0.785250 0.131640
vt 0.792030 0.141110
vt 0.789290 0.212400
vt 0.781410 0.196390
vt 0.776320 0.178530
vt 0.777570 0.167750
vt 0.785900 0.158670
vt 0.797420 0.151790
vt 0.811990 0.148400
vt 0.826560 0.151790
vt 0.812290 0.162120
vt 0.797020 0.166860
vt 0.826660 0.167600
vt 0.791540 0.175980
vt 0.831350 0.175740
vt 0.790640 0.183770
vt 0.832240 0.185910
vt 0.793230 0.195540
vt 0.828900 0.197140
vt 0.797470 0.206820
vt 0.823960 0.207760
vt 0.810540 0.212010
s 1
usemtl mat4
f 1011/1006/1041 1012/1007/1042 1013/1008/1043
f 1014/1009/1044 1015/1010/1045 1012/1007/1046
f 1016/1011/1047 1017/1012/1048 1018/1013/1049
f 1019/1014/1050 1020/1015/1051 1021/1016/1052
f 1019/1014/1050 1021/1016/1052 1022/1017/1053
f 1022/1017/1053 1023/1018/1054 1019/1014/1050
f 1023/1018/1054 1022/1017/1053 1024/1019/1055
f 1024/1019/1055 1025/1020/1056 1023/1018/1054
f 1024/1019/1055 1026/1021/1057 1025/1020/1056
f 1027/1022/1058 1026/1021/1057 1024/1019/1055
f 1027/1022/1058 1028/1023/1059 1026/1021/1057
f 1029/1024/1060 1028/1023/1059 1027/1022/1058
f 1029/1024/1060 1030/1025/1061 1028/1023/1059
f 1028/1023/1059 1030/1025/1061 1031/1026/1062
f 1028/1023/1059 1031/1026/1062 1032/1027/1063
f 1028/1023/1059 1032/1027/1063 1026/1021/1057
f 1027/1022/1058 1024/1019/1055 1022/1017/1053
f 1022/1017/1053 1029/1024/1060 1027/1022/1058
f 1022/1017/1053 1021/1016/1052 1029/1024/1060
f 1033/1028/1064 1034/1029/1065 1035/1030/1066
f 1033/1028/1064 1036/1031/1067 1034/1029/1065
f 1037/1032/1068 1038/1033/1069 1039/1034/1070
f 1038/1033/1069 1037/1032/1068 1040/1035/1071
f 1038/1033/1069 1040/1035/1071 1041/1036/1072
f 1041/1036/1072 1042/1037/1073 1038/1033/1069
f 1042/1037/1073 1041/1036/1072 1033/1028/1064
f 1043/1038/1074 1042/1037/1073 1033/1028/1064
f 1043/1038/1074 1033/1028/1064 1035/1030/1066
f 1043/1038/1074 1035/1030/1066 1044/1039/1075
f 1034/1029/1065 1044/1039/1075 1035/1030/1066
f 1034/1029/1065 1045/1040/1076 1044/1039/1075
f 1045/1040/1076 1034/1029/1065 1036/1031/1067
f 1045/1040/1076 1036/1031/1067 1046/1041/1077
f 1033/1028/1064 1046/1041/1077 1036/1031/1067
f 1046/1041/1077 1033/1028/1064 1041/1036/1072
f 1046/1041/1077 1047/1042/1078 1045/1040/1076
f 1044/1039/1075 1045/1040/1076 1047/1042/1078
f 1047/1042/1078 1048/1043/1079 1044/1039/1075
f 1048/1043/1079 1049/1044/1080 1050/1045/1081
f 1051/1046/1082 1052/1047/1083 1053/1048/1084
f 1050/1045/1081 1051/1046/1082 1053/1048/1084
f 1048/1043/1079 1050/1045/1081 1053/1048/1084
f 1053/1048/1084 1054/1049/1085 1048/1043/1079
f 1044/1039/1075 1048/1043/1079 1054/1049/1085
f 1043/1038/1074 1044/1039/1075 1054/1049/1085
f 1043/1038/1074 1054/1049/1085 1055/1050/1086
f 1043/1038/1074 1055/1050/1086 1042/1037/1073
f 1055/1050/1086 1038/1033/1069 1042/1037/1073
f 1055/1050/1086 1056/1051/1087 1038/1033/1069
f 1057/1052/1088 1038/1033/1069 1056/1051/1087
f 1057/1052/1088 1056/1051/1087 1058/1053/1089
f 1057/1052/1088 1058/1053/1089 1059/1054/1090
f 1058/1053/1089 1060/1055/1091 1059/1054/1090
f 1059/1054/1090 1060/1055/1091 1061/1056/1092
f 1060/1055/1091 1062/1057/1093 1061/1056/1092
f 1063/1058/1094 1061/1056/1092 1062/1057/1093
f 1063/1058/1094 1062/1057/1093 1064/1059/1095
f 1065/1060/1096 1066/1061/1097 1067/1062/1098
f 1068/1063/1099 1066/1061/1097 1065/1060/1096
f 1068/1063/1099 1069/1064/1100 1066/1061/1097
f 1069/1064/1100 1068/1063/1099 1070/1065/1101
f 1070/1065/1101 1071/1066/1102 1069/1064/1100
f 1062/1057/1093 1071/1066/1102 1070/1065/1101
f 1062/1057/1093 1051/1046/1082 1071/1066/1102
f 1060/1055/1091 1051/1046/1082 1062/1057/1093
f 1060/1055/1091 1052/1047/1083 1051/1046/1082
f 1058/1053/1089 1052/1047/1083 1060/1055/1091
f 1058/1053/1089 1053/1048/1084 1052/1047/1083
f 1058/1053/1089 1056/1051/1087 1053/1048/1084
f 1055/1050/1086 1053/1048/1084 1056/1051/1087
f 1055/1050/1086 1054/1049/1085 1053/1048/1084
f 1064/1059/1095 1062/1057/1093 1070/1065/1101
f 1064/1059/1095 1070/1065/1101 1072/1067/1103
f 1072/1067/1103 1070/1065/1101 1068/1063/1099
f 1072/1067/1103 1068/1063/1099 1073/1068/1104
f 1074/1069/1105 1072/1067/1103 1073/1068/1104
f 1074/1069/1105 1064/1059/1095 1072/1067/1103
f 1068/1063/1099 1065/1060/1096 1075/1070/1106
f 1068/1063/1099 1075/1070/1106 1076/1071/1107
f 1076/1071/1107 1073/1068/1104 1068/1063/1099
f 1073/1068/1104 1076/1071/1107 1077/1072/1108
f 1073/1068/1104 1077/1072/1108 1078/1073/1109
f 1078/1073/1109 1074/1069/1105 1073/1068/1104
f 1078/1073/1109 1079/1074/1110 1074/1069/1105
f 1074/1069/1105 1079/1074/1110 1064/1059/1095
f 1080/1075/1111 1064/1059/1095 1079/1074/1110
f 1080/1075/1111 1063/1058/1094 1064/1059/1095
f 1081/1076/1112 1063/1058/1094 1080/1075/1111
f 1061/1056/1092 1063/1058/1094 1081/1076/1112
f 1061/1056/1092 1081/1076/1112 1082/1077/1113
f 1059/1054/1090 1061/1056/1092 1082/1077/1113
f 1059/1054/1090 1082/1077/1113 1083/1078/1114
f 1057/1052/1088 1059/1054/1090 1083/1078/1114
f 1083/1078/1114 1039/1034/1070 1057/1052/1088
f 1039/1034/1070 1038/1033/1069 1057/1052/1088
f 1078/1073/1109 1084/1079/1115 1079/1074/1110
f 1080/1075/1111 1079/1074/1110 1084/1079/1115
f 1076/1071/1107 1085/1080/1116 1077/1072/1108
f 1086/1081/1117 1087/1082/1118 1088/1083/1119
f 1086/1081/1117 1089/1084/1120 1087/1082/1118
f 1086/1081/1117 1090/1085/1121 1089/1084/1120
f 1091/1086/1122 1089/1084/1120 1090/1085/1121
f 1091/1086/1122 1039/1034/1070 1089/1084/1120
f 1039/1034/1070 1092/1087/1123 1089/1084/1120
f 1039/1034/1070 1083/1078/1114 1092/1087/1123
f 1083/1078/1114 1082/1077/1113 1092/1087/1123
f 1082/1077/1113 1093/1088/1124 1092/1087/1123
f 1082/1077/1113 1081/1076/1112 1093/1088/1124
f 1094/1089/1125 1093/1088/1124 1081/1076/1112
f 1094/1089/1125 1081/1076/1112 1095/1090/1126
f 1081/1076/1112 1080/1075/1111 1095/1090/1126
f 1092/1087/1123 1087/1082/1118 1089/1084/1120
f 1092/1087/1123 1093/1088/1124 1087/1082/1118
f 1088/1083/1119 1087/1082/1118 1093/1088/1124
f 1088/1083/1119 1093/1088/1124 1094/1089/1125
f 1090/1085/1121 1096/1091/1127 1091/1086/1122
f 1097/1092/1128 1088/1083/1119 1098/1093/1129
f 1094/1089/1125 1098/1093/1129 1088/1083/1119
f 1099/1094/1130 1098/1093/1129 1094/1089/1125
f 1099/1094/1130 1094/1089/1125 1095/1090/1126
f 1099/1094/1130 1095/1090/1126 1100/1095/1131
f 1100/1095/1131 1095/1090/1126 1080/1075/1111
f 1100/1095/1131 1080/1075/1111 1101/1096/1132
f 1084/1079/1115 1101/1096/1132 1080/1075/1111
f 1084/1079/1115 1102/1097/1133 1101/1096/1132
f 1100/1095/1131 1101/1096/1132 1102/1097/1133
f 1100/1095/1131 1102/1097/1133 1103/1098/1134
f 1099/1094/1130 1100/1095/1131 1103/1098/1134
f 1099/1094/1130 1103/1098/1134 1104/1099/1135
f 1104/1099/1135 1098/1093/1129 1099/1094/1130
f 1103/1098/1134 1102/1097/1133 1105/1100/1136
f 1103/1098/1134 1106/1101/1137 1104/1099/1135
f 1106/1101/1137 1103/1098/1134 1105/1100/1136
f 1105/1100/1136 1107/1102/1138 1106/1101/1137
f 1108/1103/1139 1107/1102/1138 1105/1100/1136
f 1106/1101/1137 1107/1102/1138 1109/1104/1140
f 1110/1105/1141 1111/1106/1142 1112/1107/1143
f 1112/1107/1143 1111/1106/1142 1113/1108/1144
f 1112/1107/1143 1113/1108/1144 1114/1109/1145
f 1112/1107/1143 1114/1109/1145 1115/1110/1146
f 1115/1110/1146 1114/1109/1145 1116/1111/1147
f 1116/1111/1147 1117/1112/1148 1115/1110/1146
f 1116/1111/1147 1118/1113/1149 1117/1112/1148
f 1118/1113/1149 1119/1114/1150 1117/1112/1148
f 1118/1113/1149 1120/1115/1151 1119/1114/1150
f 1119/1114/1150 1120/1115/1151 1121/1116/1152
f 1119/1114/1150 1121/1116/1152 1122/1117/1153
f 1122/1117/1153 1121/1116/1152 1096/1091/1127
f 1122/1117/1153 1096/1091/1127 1123/1118/1154
f 1096/1091/1127 1090/1085/1121 1123/1118/1154
f 1124/1119/1155 1123/1118/1154 1090/1085/1121
f 1124/1119/1155 1090/1085/1121 1086/1081/1117
f 1097/1092/1128 1124/1119/1155 1086/1081/1117
f 1086/1081/1117 1088/1083/1119 1097/1092/1128
f 1112/1107/1143 1115/1110/1146 1125/1120/1156
f 1122/1117/1153 1123/1118/1154 1124/1119/1155
f 1122/1117/1153 1124/1119/1155 1126/1121/1157
f 1119/1114/1150 1122/1117/1153 1126/1121/1157
f 1126/1121/1157 1117/1112/1148 1119/1114/1150
f 1126/1121/1157 1127/1122/1158 1117/1112/1148
f 1115/1110/1146 1117/1112/1148 1127/1122/1158
f 1115/1110/1146 1127/1122/1158 1125/1120/1156
f 1128/1123/1159 1125/1120/1156 1127/1122/1158
f 1112/1107/1143 1125/1120/1156 1128/1123/1159
f 1128/1123/1159 1129/1124/1160 1112/1107/1143
f 1110/1105/1141 1112/1107/1143 1129/1124/1160
f 1130/1125/1161 1110/1105/1141 1129/1124/1160
f 1130/1125/1161 1129/1124/1160 1131/1126/1162
f 1130/1125/1161 1131/1126/1162 1132/1127/1163
f 1133/1128/1164 1132/1127/1163 1131/1126/1162
f 1134/1129/1165 1132/1127/1163 1133/1128/1164
f 1133/1128/1164 1135/1130/1166 1134/1129/1165
f 1134/1129/1165 1135/1130/1166 1136/1131/1167
f 1134/1129/1165 1136/1131/1167 1137/1132/1168
f 1137/1132/1168 1132/1127/1163 1134/1129/1165
f 1129/1124/1160 1128/1123/1159 1131/1126/1162
f 1124/1119/1155 1138/1133/1169 1126/1121/1157
f 1139/1134/1170 1126/1121/1157 1138/1133/1169
f 1139/1134/1170 1127/1122/1158 1126/1121/1157
f 1128/1123/1159 1127/1122/1158 1139/1134/1170
f 1097/1092/1128 1098/1093/1129 1140/1135/1171
f 1140/1135/1171 1124/1119/1155 1097/1092/1128
f 1140/1135/1171 1138/1133/1169 1124/1119/1155
f 1140/1135/1171 1141/1136/1172 1138/1133/1169
f 1141/1136/1172 1139/1134/1170 1138/1133/1169
f 1141/1136/1172 1142/1137/1173 1139/1134/1170
f 1142/1137/1173 1128/1123/1159 1139/1134/1170
f 1142/1137/1173 1143/1138/1174 1128/1123/1159
f 1143/1138/1174 1131/1126/1162 1128/1123/1159
f 1143/1138/1174 1133/1128/1164 1131/1126/1162
f 1143/1138/1174 1144/1139/1175 1133/1128/1164
f 1133/1128/1164 1144/1139/1175 1135/1130/1166
f 1142/1137/1173 1145/1140/1176 1143/1138/1174
f 1143/1138/1174 1145/1140/1176 1144/1139/1175
f 1146/1141/1177 1147/1142/1178 1148/1143/1078
f 1146/1141/1177 1149/1144/1179 1147/1142/1178
f 1150/1145/1180 1151/1146/1181 1152/1147/1182
f 1153/1148/1183 1151/1146/1181 1150/1145/1180
f 1153/1148/1183 1154/1149/1184 1151/1146/1181
f 1155/1150/1185 1153/1148/1183 1150/1145/1180
f 1156/1151/1186 1152/1147/1182 1157/1152/1187
f 1152/1147/1182 1151/1146/1181 1157/1152/1187
f 1157/1152/1187 1151/1146/1181 1158/1153/1188
f 1151/1146/1181 1154/1149/1184 1158/1153/1188
f 1158/1153/1188 1154/1149/1184 1159/1149/1189
f 1156/1151/1186 1160/1154/1190 1161/1155/1191
f 1157/1152/1187 1160/1154/1190 1156/1151/1186
f 1157/1152/1187 1162/1156/1192 1160/1154/1190
f 1158/1153/1188 1162/1156/1192 1157/1152/1187
f 1158/1153/1188 1163/1157/1193 1162/1156/1192
f 1159/1149/1189 1163/1157/1193 1158/1153/1188
f 1159/1149/1189 1164/1158/1194 1163/1157/1193
f 1165/1159/1195 1166/1160/1196 1155/1150/1185
f 1155/1150/1185 1150/1145/1180 1165/1159/1195
f 1165/1159/1195 1150/1145/1180 1167/1161/1197
f 1150/1145/1180 1152/1147/1182 1167/1161/1197
f 1167/1161/1197 1152/1147/1182 1168/1162/1198
f 1156/1151/1186 1168/1162/1198 1152/1147/1182
f 1169/1163/1199 1168/1162/1198 1156/1151/1186
f 1156/1151/1186 1161/1155/1191 1169/1163/1199
f 1169/1163/1199 1161/1155/1191 1170/1164/1200
f 1161/1155/1191 1171/1165/1201 1170/1164/1200
f 1161/1155/1191 1172/1166/1202 1171/1165/1201
f 1160/1154/1190 1172/1166/1202 1161/1155/1191
f 1160/1154/1190 1173/1167/1203 1172/1166/1202
f 1162/1156/1192 1173/1167/1203 1160/1154/1190
f 1162/1156/1192 1174/1168/1204 1173/1167/1203
f 1163/1157/1193 1174/1168/1204 1162/1156/1192
f 1163/1157/1193 1175/1169/1205 1174/1168/1204
f 1164/1158/1194 1175/1169/1205 1163/1157/1193
f 1164/1158/1194 1176/1170/1206 1175/1169/1205
f 1177/1171/1207 1178/1171/1208 1170/1164/1200
f 1169/1163/1199 1170/1164/1200 1178/1171/1208
f 1178/1171/1208 1179/1172/1209 1169/1163/1199
f 1179/1172/1209 1168/1162/1198 1169/1163/1199
f 1180/1173/1210 1168/1162/1198 1179/1172/1209
f 1167/1161/1197 1168/1162/1198 1180/1173/1210
f 1181/1174/1211 1167/1161/1197 1180/1173/1210
f 1165/1159/1195 1167/1161/1197 1181/1174/1211
f 1181/1174/1211 1182/1175/1212 1165/1159/1195
f 1182/1175/1212 1166/1160/1196 1165/1159/1195
f 1183/1176/1213 1166/1160/1196 1182/1175/1212
f 1184/1177/1214 1179/1172/1209 1178/1171/1208
f 1177/1171/1207 1184/1177/1214 1178/1171/1208
f 1185/1178/1215 1184/1177/1214 1177/1171/1207
f 1185/1178/1215 1186/1179/1216 1184/1177/1214
f 1184/1177/1214 1186/1179/1216 1179/1172/1209
f 1186/1179/1216 1187/1180/1217 1179/1172/1209
f 1180/1173/1210 1179/1172/1209 1187/1180/1217
f 1188/1181/1218 1180/1173/1210 1187/1180/1217
f 1181/1174/1211 1180/1173/1210 1188/1181/1218
f 1188/1181/1218 1189/1182/1219 1181/1174/1211
f 1189/1182/1219 1182/1175/1212 1181/1174/1211
f 1190/1183/1220 1182/1175/1212 1189/1182/1219
f 1183/1176/1213 1182/1175/1212 1190/1183/1220
f 1191/1184/1205 1183/1176/1213 1190/1183/1220
f 1192/1185/1206 1183/1176/1213 1191/1184/1205
f 1192/1185/1206 1193/1185/1221 1183/1176/1213
f 1193/1185/1221 1166/1160/1196 1183/1176/1213
f 1193/1185/1221 1194/1186/1222 1166/1160/1196
f 1166/1160/1196 1194/1186/1222 1155/1150/1185
f 1188/1181/1218 1187/1180/1217 1195/1187/1223
f 1196/1188/1224 1195/1187/1223 1187/1180/1217
f 1186/1179/1216 1196/1188/1224 1187/1180/1217
f 1197/1189/1225 1196/1188/1224 1198/1190/1226
f 1197/1189/1225 1199/1189/1227 1196/1188/1224
f 1196/1188/1224 1199/1189/1227 1195/1187/1223
f 1199/1189/1227 1200/1191/1228 1195/1187/1223
f 1195/1187/1223 1200/1191/1228 1188/1181/1218
f 1200/1191/1228 1189/1182/1219 1188/1181/1218
f 1201/1192/1229 1189/1182/1219 1200/1191/1228
f 1190/1183/1220 1189/1182/1219 1201/1192/1229
f 1202/1193/1230 1190/1183/1220 1201/1192/1229
f 1191/1184/1205 1190/1183/1220 1202/1193/1230
f 1202/1193/1230 1201/1192/1229 1203/1194/1203
f 1203/1194/1203 1201/1192/1229 1204/1195/1231
f 1201/1192/1229 1200/1191/1228 1204/1195/1231
f 1204/1195/1231 1200/1191/1228 1199/1189/1227
f 1204/1195/1231 1199/1189/1227 1205/1196/1232
f 1197/1189/1225 1205/1196/1232 1199/1189/1227
f 1206/1197/1233 1205/1196/1232 1207/1198/1234
f 1206/1197/1233 1204/1195/1231 1205/1196/1232
f 1203/1194/1203 1204/1195/1231 1206/1197/1233
f 1208/1199/1235 1209/1200/1236 1210/1201/1237
f 1211/1151/1238 1212/1162/1239 1213/1147/1240
f 1211/1151/1238 1213/1147/1240 1214/1152/1241
f 1214/1152/1241 1215/1154/1242 1211/1151/1238
f 1214/1152/1241 1216/1156/1243 1215/1154/1242
f 1211/1151/1238 1215/1154/1242 1217/1155/1244
f 1211/1151/1238 1217/1155/1244 1218/1163/1245
f 1218/1163/1245 1212/1162/1239 1211/1151/1238
f 1219/1172/1246 1212/1162/1239 1218/1163/1245
f 1220/1173/1247 1212/1162/1239 1219/1172/1246
f 1221/1161/1248 1212/1162/1239 1220/1173/1247
f 1221/1161/1248 1213/1147/1240 1212/1162/1239
f 1222/1145/1249 1213/1147/1240 1221/1161/1248
f 1222/1145/1249 1223/1146/1250 1213/1147/1240
f 1223/1146/1250 1214/1152/1241 1213/1147/1240
f 1223/1146/1250 1224/1153/1251 1214/1152/1241
f 1224/1153/1251 1216/1156/1243 1214/1152/1241
f 1224/1153/1251 1225/1169/1252 1216/1156/1243
f 1226/1158/1253 1225/1169/1252 1224/1153/1251
f 1226/1158/1253 1227/1170/1254 1225/1169/1252
f 1224/1153/1251 1228/1149/1255 1226/1158/1253
f 1223/1146/1250 1228/1149/1255 1224/1153/1251
f 1229/1148/1256 1228/1149/1255 1223/1146/1250
f 1229/1148/1256 1223/1146/1250 1222/1145/1249
f 1230/1150/1257 1229/1148/1256 1222/1145/1249
f 1230/1150/1257 1222/1145/1249 1231/1159/1258
f 1231/1159/1258 1222/1145/1249 1221/1161/1248
f 1231/1159/1258 1221/1161/1248 1232/1174/1259
f 1232/1174/1259 1221/1161/1248 1220/1173/1247
f 1232/1174/1259 1220/1173/1247 1233/1181/1260
f 1233/1181/1260 1220/1173/1247 1234/1180/1261
f 1220/1173/1247 1219/1172/1246 1234/1180/1261
f 1235/1177/1262 1234/1180/1261 1219/1172/1246
f 1235/1177/1262 1219/1172/1246 1236/1171/1263
f 1236/1171/1263 1219/1172/1246 1218/1163/1245
f 1218/1163/1245 1237/1164/1264 1236/1171/1263
f 1218/1163/1245 1217/1155/1244 1237/1164/1264
f 1217/1155/1244 1238/1165/1265 1237/1164/1264
f 1233/1181/1260 1234/1180/1261 1239/1187/1266
f 1240/1188/1267 1239/1187/1266 1234/1180/1261
f 1241/1179/1268 1240/1188/1267 1234/1180/1261
f 1235/1177/1262 1241/1179/1268 1234/1180/1261
f 1242/1202/1269 1240/1188/1267 1243/1190/1270
f 1242/1202/1269 1244/1189/1271 1240/1188/1267
f 1240/1188/1267 1244/1189/1271 1239/1187/1266
f 1244/1189/1271 1245/1191/1272 1239/1187/1266
f 1239/1187/1266 1245/1191/1272 1233/1181/1260
f 1245/1191/1272 1246/1182/1273 1233/1181/1260
f 1233/1181/1260 1246/1182/1273 1232/1174/1259
f 1246/1182/1273 1247/1175/1274 1232/1174/1259
f 1232/1174/1259 1247/1175/1274 1231/1159/1258
f 1247/1175/1274 1248/1160/1275 1231/1159/1258
f 1231/1159/1258 1248/1160/1275 1230/1150/1257
f 1248/1160/1275 1249/1186/1276 1230/1150/1257
f 1250/1185/1277 1249/1186/1276 1248/1160/1275
f 1250/1185/1277 1248/1160/1275 1251/1176/1278
f 1252/1203/1279 1250/1185/1277 1251/1176/1278
f 1252/1203/1279 1251/1176/1278 1253/1184/1280
f 1253/1184/1280 1251/1176/1278 1254/1183/1281
f 1253/1184/1280 1254/1183/1281 1255/1193/1282
f 1244/1189/1271 1256/1195/1283 1245/1191/1272
f 1257/1192/1284 1245/1191/1272 1256/1195/1283
f 1257/1192/1284 1246/1182/1273 1245/1191/1272
f 1254/1183/1281 1246/1182/1273 1257/1192/1284
f 1254/1183/1281 1247/1175/1274 1246/1182/1273
f 1251/1176/1278 1247/1175/1274 1254/1183/1281
f 1251/1176/1278 1248/1160/1275 1247/1175/1274
f 1255/1193/1282 1254/1183/1281 1257/1192/1284
f 1255/1193/1282 1257/1192/1284 1258/1194/1285
f 1256/1195/1283 1258/1194/1285 1257/1192/1284
f 1258/1194/1285 1256/1195/1283 1259/1196/1286
f 1244/1189/1271 1259/1196/1286 1256/1195/1283
f 1242/1202/1269 1259/1196/1286 1244/1189/1271
f 1260/1198/1287 1261/1197/1288 1259/1196/1286
f 1258/1194/1285 1259/1196/1286 1261/1197/1288
f 1262/1204/1289 1263/1205/1290 1264/1206/1291
f 1264/1206/1291 1263/1205/1290 1265/1207/1292
f 1266/1208/1293 1264/1206/1291 1265/1207/1292
f 1266/1208/1293 1265/1207/1292 1267/1209/1294
f 1217/1155/1244 1268/1166/1288 1238/1165/1265
f 1215/1154/1242 1268/1166/1288 1217/1155/1244
f 1215/1154/1242 1269/1167/1295 1268/1166/1288
f 1216/1156/1243 1269/1167/1295 1215/1154/1242
f 1216/1156/1243 1270/1168/1296 1269/1167/1295
f 1225/1169/1252 1270/1168/1296 1216/1156/1243
f 1225/1169/1252 1271/1169/1297 1270/1168/1296
f 1227/1170/1254 1271/1169/1297 1225/1169/1252
f 1227/1170/1254 1272/1210/1298 1271/1169/1297
f 1273/1211/1299 1274/1212/1300 1275/1213/1301
f 1274/1212/1300 1276/1214/1302 1275/1213/1301
f 1274/1212/1300 1277/1215/1303 1276/1214/1302
f 1274/1212/1300 1278/1216/1303 1277/1215/1303
f 1279/1203/1304 1280/1176/1305 1281/1184/1306
f 1279/1203/1304 1282/1185/1307 1280/1176/1305
f 1282/1185/1307 1283/1160/1308 1280/1176/1305
f 1282/1185/1307 1284/1186/1309 1283/1160/1308
f 1283/1160/1308 1284/1186/1309 1285/1150/1310
f 1286/1193/1311 1287/1192/1312 1288/1194/1313
f 1289/1217/1314 1286/1193/1311 1288/1194/1313
f 1290/1218/1315 1286/1193/1311 1289/1217/1314
f 1290/1218/1315 1281/1184/1306 1286/1193/1311
f 1281/1184/1306 1291/1183/1316 1286/1193/1311
f 1281/1184/1306 1280/1176/1305 1291/1183/1316
f 1280/1176/1305 1292/1175/1317 1291/1183/1316
f 1280/1176/1305 1283/1160/1308 1292/1175/1317
f 1292/1175/1317 1283/1160/1308 1293/1159/1318
f 1293/1159/1318 1283/1160/1308 1285/1150/1310
f 1285/1150/1310 1294/1145/1319 1293/1159/1318
f 1285/1150/1310 1295/1148/1320 1294/1145/1319
f 1295/1148/1320 1296/1146/1321 1294/1145/1319
f 1295/1148/1320 1297/1149/1322 1296/1146/1321
f 1296/1146/1321 1297/1149/1322 1298/1153/1323
f 1298/1153/1323 1297/1149/1322 1299/1149/1324
f 1299/1149/1324 1300/1157/1325 1298/1153/1323
f 1299/1149/1324 1301/1158/1326 1300/1157/1325
f 1301/1158/1326 1302/1169/1327 1300/1157/1325
f 1301/1158/1326 1303/1170/1328 1302/1169/1327
f 1304/1174/1329 1292/1175/1317 1293/1159/1318
f 1304/1174/1329 1305/1161/1330 1306/1173/1331
f 1293/1159/1318 1305/1161/1330 1304/1174/1329
f 1293/1159/1318 1294/1145/1319 1305/1161/1330
f 1306/1173/1331 1307/1162/1332 1308/1172/1333
f 1305/1161/1330 1307/1162/1332 1306/1173/1331
f 1305/1161/1330 1309/1147/1334 1307/1162/1332
f 1294/1145/1319 1309/1147/1334 1305/1161/1330
f 1294/1145/1319 1296/1146/1321 1309/1147/1334
f 1286/1193/1311 1291/1183/1316 1287/1192/1312
f 1291/1183/1316 1310/1182/1335 1287/1192/1312
f 1291/1183/1316 1292/1175/1317 1310/1182/1335
f 1310/1182/1335 1292/1175/1317 1304/1174/1329
f 1311/1181/1336 1310/1182/1335 1304/1174/1329
f 1304/1174/1329 1306/1173/1331 1311/1181/1336
f 1311/1181/1336 1306/1173/1331 1312/1180/1337
f 1306/1173/1331 1308/1172/1333 1312/1180/1337
f 1312/1180/1337 1308/1172/1333 1313/1177/1338
f 1313/1177/1338 1308/1172/1333 1314/1171/1339
f 1314/1171/1339 1308/1172/1333 1315/1163/1340
f 1308/1172/1333 1307/1162/1332 1315/1163/1340
f 1315/1163/1340 1307/1162/1332 1316/1151/1341
f 1316/1151/1341 1307/1162/1332 1309/1147/1334
f 1316/1151/1341 1309/1147/1334 1317/1152/1342
f 1309/1147/1334 1296/1146/1321 1317/1152/1342
f 1317/1152/1342 1296/1146/1321 1298/1153/1323
f 1298/1153/1323 1318/1156/1343 1317/1152/1342
f 1298/1153/1323 1300/1157/1325 1318/1156/1343
f 1311/1181/1336 1312/1180/1337 1319/1187/1344
f 1319/1187/1344 1320/1191/1345 1311/1181/1336
f 1320/1191/1345 1310/1182/1335 1311/1181/1336
f 1287/1192/1312 1310/1182/1335 1320/1191/1345
f 1317/1152/1342 1318/1156/1343 1321/1154/1346
f 1317/1152/1342 1321/1154/1346 1316/1151/1341
f 1316/1151/1341 1321/1154/1346 1322/1155/1347
f 1316/1151/1341 1322/1155/1347 1315/1163/1340
f 1315/1163/1340 1322/1155/1347 1323/1164/1348
f 1315/1163/1340 1323/1164/1348 1314/1171/1339
f 1324/1171/1349 1314/1171/1339 1323/1164/1348
f 1324/1171/1349 1313/1177/1338 1314/1171/1339
f 1325/1178/1350 1313/1177/1338 1324/1171/1349
f 1325/1178/1350 1326/1179/1351 1313/1177/1338
f 1313/1177/1338 1326/1179/1351 1312/1180/1337
f 1326/1179/1351 1327/1188/1352 1312/1180/1337
f 1327/1188/1352 1319/1187/1344 1312/1180/1337
f 1327/1188/1352 1328/1189/1353 1319/1187/1344
f 1328/1189/1353 1320/1191/1345 1319/1187/1344
f 1329/1195/1354 1320/1191/1345 1328/1189/1353
f 1287/1192/1312 1320/1191/1345 1329/1195/1354
f 1288/1194/1313 1287/1192/1312 1329/1195/1354
f 1330/1190/1355 1328/1189/1353 1327/1188/1352
f 1331/1196/1356 1328/1189/1353 1330/1190/1355
f 1329/1195/1354 1328/1189/1353 1331/1196/1356
f 1332/1197/1357 1329/1195/1354 1331/1196/1356
f 1288/1194/1313 1329/1195/1354 1332/1197/1357
f 1333/1219/1358 1288/1194/1313 1332/1197/1357
f 1289/1217/1314 1288/1194/1313 1333/1219/1358
f 1333/1219/1358 1332/1197/1357 1334/1220/1347
f 1334/1220/1347 1332/1197/1357 1335/1198/1359
f 1332/1197/1357 1331/1196/1356 1335/1198/1359
f 1334/1220/1347 1335/1198/1359 1336/1221/1348
f 1337/1222/1360 1338/1223/1361 1339/1224/1362
f 1339/1224/1362 1338/1223/1361 1340/1225/1363
f 1340/1225/1363 1338/1223/1361 1341/1226/1364
f 1341/1226/1364 1338/1223/1361 1337/1222/1360
f 1341/1226/1364 1337/1222/1360 1342/1227/1365
f 1342/1227/1365 1337/1222/1360 1343/1228/1366
f 1343/1228/1366 1337/1222/1360 1344/1229/1194
f 1344/1229/1194 1337/1222/1360 1339/1224/1362
f 1344/1229/1194 1339/1224/1362 1345/1230/1206
f 1345/1230/1206 1339/1224/1362 1346/1231/1367
f 1346/1231/1367 1339/1224/1362 1340/1225/1363
f 1346/1231/1367 1340/1225/1363 1347/1232/1368
f 1347/1232/1368 1340/1225/1363 1341/1226/1364
f 1347/1232/1368 1341/1226/1364 1348/1233/1185
f 1348/1233/1185 1341/1226/1364 1349/1234/1183
f 1341/1226/1364 1342/1227/1365 1349/1234/1183
f 1350/1154/1369 1351/1166/1370 1352/1155/1371
f 1350/1154/1369 1353/1167/1372 1351/1166/1370
f 1354/1156/1373 1353/1167/1372 1350/1154/1369
f 1354/1156/1373 1355/1168/1374 1353/1167/1372
f 1356/1157/1375 1355/1168/1374 1354/1156/1373
f 1356/1157/1375 1357/1169/1376 1355/1168/1374
f 1358/1179/1377 1359/1180/1378 1360/1172/1379
f 1361/1177/1380 1358/1179/1377 1360/1172/1379
f 1362/1178/1381 1358/1179/1377 1361/1177/1380
f 1362/1178/1381 1361/1177/1380 1363/1171/1225
f 1363/1171/1225 1361/1177/1380 1364/1171/1382
f 1363/1171/1225 1364/1171/1382 1365/1164/1383
f 1366/1163/1384 1365/1164/1383 1364/1171/1382
f 1366/1163/1384 1352/1155/1371 1365/1164/1383
f 1367/1151/1385 1352/1155/1371 1366/1163/1384
f 1367/1151/1385 1350/1154/1369 1352/1155/1371
f 1368/1152/1386 1350/1154/1369 1367/1151/1385
f 1368/1152/1386 1354/1156/1373 1350/1154/1369
f 1369/1153/1387 1354/1156/1373 1368/1152/1386
f 1369/1153/1387 1356/1157/1375 1354/1156/1373
f 1370/1149/1388 1356/1157/1375 1369/1153/1387
f 1370/1149/1388 1371/1158/1389 1356/1157/1375
f 1371/1158/1389 1357/1169/1376 1356/1157/1375
f 1371/1158/1389 1372/1170/1390 1357/1169/1376
f 1369/1153/1387 1373/1149/1391 1370/1149/1388
f 1368/1152/1386 1374/1146/1392 1369/1153/1387
f 1374/1146/1392 1373/1149/1391 1369/1153/1387
f 1375/1148/1393 1373/1149/1391 1374/1146/1392
f 1366/1163/1384 1376/1162/1394 1367/1151/1385
f 1367/1151/1385 1376/1162/1394 1377/1147/1395
f 1367/1151/1385 1377/1147/1395 1368/1152/1386
f 1377/1147/1395 1374/1146/1392 1368/1152/1386
f 1378/1145/1396 1374/1146/1392 1377/1147/1395
f 1375/1148/1393 1374/1146/1392 1378/1145/1396
f 1379/1150/1397 1375/1148/1393 1378/1145/1396
f 1361/1177/1380 1360/1172/1379 1364/1171/1382
f 1364/1171/1382 1360/1172/1379 1366/1163/1384
f 1360/1172/1379 1376/1162/1394 1366/1163/1384
f 1380/1173/1398 1376/1162/1394 1360/1172/1379
f 1381/1161/1399 1376/1162/1394 1380/1173/1398
f 1382/1174/1400 1381/1161/1399 1380/1173/1398
f 1383/1159/1401 1381/1161/1399 1382/1174/1400
f 1382/1174/1400 1384/1175/1402 1383/1159/1401
f 1384/1175/1402 1385/1160/1403 1383/1159/1401
f 1386/1176/1404 1385/1160/1403 1384/1175/1402
f 1381/1161/1399 1377/1147/1395 1376/1162/1394
f 1378/1145/1396 1377/1147/1395 1381/1161/1399
f 1383/1159/1401 1378/1145/1396 1381/1161/1399
f 1379/1150/1397 1378/1145/1396 1383/1159/1401
f 1383/1159/1401 1385/1160/1403 1379/1150/1397
f 1385/1160/1403 1387/1186/1405 1379/1150/1397
f 1385/1160/1403 1388/1185/1406 1387/1186/1405
f 1386/1176/1404 1388/1185/1406 1385/1160/1403
f 1389/1203/1390 1388/1185/1406 1386/1176/1404
f 1389/1203/1390 1386/1176/1404 1390/1184/1407
f 1390/1184/1407 1386/1176/1404 1391/1183/1408
f 1386/1176/1404 1384/1175/1402 1391/1183/1408
f 1391/1183/1408 1384/1175/1402 1392/1182/1409
f 1392/1182/1409 1384/1175/1402 1382/1174/1400
f 1393/1181/1410 1392/1182/1409 1382/1174/1400
f 1382/1174/1400 1380/1173/1398 1393/1181/1410
f 1393/1181/1410 1380/1173/1398 1359/1180/1378
f 1380/1173/1398 1360/1172/1379 1359/1180/1378
f 1390/1184/1407 1391/1183/1408 1394/1193/1374
f 1394/1193/1374 1391/1183/1408 1395/1192/1411
f 1391/1183/1408 1392/1182/1409 1395/1192/1411
f 1395/1192/1411 1392/1182/1409 1396/1191/1412
f 1396/1191/1412 1392/1182/1409 1393/1181/1410
f 1397/1187/1413 1396/1191/1412 1393/1181/1410
f 1393/1181/1410 1359/1180/1378 1397/1187/1413
f 1398/1188/1414 1397/1187/1413 1359/1180/1378
f 1358/1179/1377 1398/1188/1414 1359/1180/1378
f 1394/1193/1374 1395/1192/1411 1399/1194/1415
f 1399/1194/1415 1395/1192/1411 1400/1195/1416
f 1395/1192/1411 1396/1191/1412 1400/1195/1416
f 1400/1195/1416 1396/1191/1412 1401/1189/1417
f 1401/1189/1417 1396/1191/1412 1397/1187/1413
f 1398/1188/1414 1401/1189/1417 1397/1187/1413
f 1402/1189/1418 1401/1189/1417 1398/1188/1414
f 1402/1189/1418 1398/1188/1414 1403/1190/1350
f 1402/1189/1418 1404/1196/1419 1401/1189/1417
f 1400/1195/1416 1401/1189/1417 1404/1196/1419
f 1405/1197/1420 1400/1195/1416 1404/1196/1419
f 1399/1194/1415 1400/1195/1416 1405/1197/1420
f 1406/1220/1371 1407/1198/1421 1408/1221/1422
f 1406/1220/1371 1405/1197/1420 1407/1198/1421
f 1405/1197/1420 1404/1196/1419 1407/1198/1421
f 1409/1235/1423 1410/1236/1424 1411/1237/1425
f 1412/1238/1426 1410/1236/1424 1409/1235/1423
f 1413/1239/1427 1414/1240/1428 1415/1241/1429
f 1413/1239/1427 1415/1241/1429 1416/1242/1430
f 1415/1241/1429 1417/1243/1431 1416/1242/1430
f 1416/1242/1430 1417/1243/1431 1418/1244/1432
f 1417/1243/1431 1411/1237/1425 1418/1244/1432
f 1419/1245/1433 1411/1237/1425 1417/1243/1431
f 1409/1235/1423 1411/1237/1425 1419/1245/1433
f 1420/1246/1434 1409/1235/1423 1419/1245/1433
f 1412/1238/1426 1409/1235/1423 1420/1246/1434
f 1421/1247/1435 1412/1238/1426 1420/1246/1434
f 1422/1248/1436 1412/1238/1426 1421/1247/1435
f 1423/1249/1437 1422/1248/1436 1421/1247/1435
f 1424/1250/1438 1422/1248/1436 1423/1249/1437
f 1424/1250/1438 1425/1251/1439 1422/1248/1436
f 1426/1252/1440 1425/1251/1439 1424/1250/1438
f 1426/1252/1440 1427/1253/1441 1425/1251/1439
f 1428/1254/1442 1427/1253/1441 1426/1252/1440
f 1428/1254/1442 1429/1255/1443 1427/1253/1441
f 1419/1245/1433 1417/1243/1431 1430/1256/1444
f 1413/1239/1427 1431/1257/1445 1432/1258/1356
f 1413/1239/1427 1416/1242/1430 1431/1257/1445
f 1423/1249/1437 1421/1247/1435 1433/1259/1446
f 1433/1259/1446 1421/1247/1435 1434/1260/1447
f 1421/1247/1435 1420/1246/1434 1434/1260/1447
f 1434/1260/1447 1420/1246/1434 1435/1261/1448
f 1420/1246/1434 1419/1245/1433 1435/1261/1448
f 1435/1261/1448 1419/1245/1433 1436/1262/1449
f 1436/1262/1449 1419/1245/1433 1430/1256/1444
f 1437/1263/1450 1436/1262/1449 1430/1256/1444
f 1417/1243/1431 1437/1263/1450 1430/1256/1444
f 1438/1264/1451 1437/1263/1450 1417/1243/1431
f 1417/1243/1431 1415/1241/1429 1438/1264/1451
f 1438/1264/1451 1415/1241/1429 1439/1265/1452
f 1415/1241/1429 1414/1240/1428 1439/1265/1452
f 1440/1266/1453 1439/1265/1452 1414/1240/1428
f 1440/1266/1453 1437/1263/1450 1439/1265/1452
f 1441/1267/1454 1437/1263/1450 1440/1266/1453
f 1437/1263/1450 1441/1267/1454 1442/1268/1455
f 1442/1268/1455 1441/1267/1454 1443/1269/1456
f 1439/1265/1452 1437/1263/1450 1438/1264/1451
f 1442/1268/1455 1436/1262/1449 1437/1263/1450
f 1436/1262/1449 1442/1268/1455 1444/1270/1457
f 1444/1270/1457 1445/1271/1458 1436/1262/1449
f 1445/1271/1458 1446/1272/1459 1447/1273/1460
f 1445/1271/1458 1447/1273/1460 1448/1274/1461
f 1436/1262/1449 1445/1271/1458 1448/1274/1461
f 1449/1275/1462 1436/1262/1449 1448/1274/1461
f 1449/1275/1462 1435/1261/1448 1436/1262/1449
f 1434/1260/1447 1435/1261/1448 1449/1275/1462
f 1450/1276/1463 1434/1260/1447 1449/1275/1462
f 1433/1259/1446 1434/1260/1447 1450/1276/1463
f 1451/1277/1464 1448/1274/1461 1447/1273/1460
f 1451/1277/1464 1449/1275/1462 1448/1274/1461
f 1450/1276/1463 1449/1275/1462 1451/1277/1464
f 1452/1278/1465 1453/1279/1466 1443/1269/1456
f 1443/1269/1456 1454/1280/1467 1452/1278/1465
f 1443/1269/1456 1441/1267/1454 1454/1280/1467
f 1441/1267/1454 1440/1266/1453 1454/1280/1467
f 1455/1281/1468 1442/1268/1455 1443/1269/1456
f 1443/1269/1456 1453/1279/1466 1455/1281/1468
f 1456/1282/1469 1455/1281/1468 1453/1279/1466
f 1457/1283/1470 1455/1281/1468 1456/1282/1469
f 1456/1282/1469 1458/1284/1471 1457/1283/1470
f 1457/1283/1470 1459/1285/1472 1455/1281/1468
f 1459/1285/1472 1442/1268/1455 1455/1281/1468
f 1459/1285/1472 1444/1270/1457 1442/1268/1455
f 1460/1286/1473 1461/1287/1474 1462/1288/1475
f 1463/1289/1476 1462/1288/1475 1461/1287/1474
f 1463/1289/1476 1461/1287/1474 1458/1284/1471
f 1463/1289/1476 1458/1284/1471 1464/1290/1477
f 1464/1290/1477 1458/1284/1471 1456/1282/1469
f 1465/1291/1478 1464/1290/1477 1456/1282/1469
f 1456/1282/1469 1453/1279/1466 1465/1291/1478
f 1465/1291/1478 1453/1279/1466 1466/1292/1479
f 1452/1278/1465 1466/1292/1479 1453/1279/1466
f 1467/1293/1480 1466/1292/1479 1452/1278/1465
f 1454/1280/1467 1467/1293/1480 1452/1278/1465
f 1454/1280/1467 1468/1294/1481 1467/1293/1480
f 1440/1266/1453 1468/1294/1481 1454/1280/1467
f 1440/1266/1453 1469/1295/1482 1468/1294/1481
f 1440/1266/1453 1414/1240/1428 1469/1295/1482
f 1469/1295/1482 1414/1240/1428 1470/1296/1483
f 1414/1240/1428 1471/1297/1484 1470/1296/1483
f 1414/1240/1428 1413/1239/1427 1471/1297/1484
f 1472/1298/1485 1464/1290/1477 1465/1291/1478
f 1467/1293/1480 1473/1299/1486 1466/1292/1479
f 1474/1300/1487 1466/1292/1479 1473/1299/1486
f 1465/1291/1478 1466/1292/1479 1474/1300/1487
f 1474/1300/1487 1475/1301/1488 1465/1291/1478
f 1475/1301/1488 1472/1298/1485 1465/1291/1478
f 1476/1302/1489 1472/1298/1485 1475/1301/1488
f 1464/1290/1477 1472/1298/1485 1476/1302/1489
f 1464/1290/1477 1476/1302/1489 1463/1289/1476
f 1477/1303/1490 1463/1289/1476 1476/1302/1489
f 1477/1303/1490 1462/1288/1475 1463/1289/1476
f 1462/1288/1475 1477/1303/1490 1478/1304/1491
f 1462/1288/1475 1478/1304/1491 1479/1305/1492
f 1480/1306/1493 1481/1307/1494 1475/1301/1488
f 1480/1306/1493 1475/1301/1488 1482/1308/1495
f 1474/1300/1487 1482/1308/1495 1475/1301/1488
f 1482/1308/1495 1474/1300/1487 1483/1309/1496
f 1474/1300/1487 1473/1299/1486 1483/1309/1496
f 1483/1309/1496 1473/1299/1486 1484/1310/1497
f 1484/1310/1497 1473/1299/1486 1485/1311/1498
f 1485/1311/1498 1473/1299/1486 1486/1312/1216
f 1486/1312/1216 1473/1299/1486 1467/1293/1480
f 1467/1293/1480 1487/1313/1499 1486/1312/1216
f 1487/1313/1499 1467/1293/1480 1488/1314/1226
f 1467/1293/1480 1489/1315/1377 1488/1314/1226
f 1467/1293/1480 1468/1294/1481 1489/1315/1377
f 1490/1316/1414 1489/1315/1377 1468/1294/1481
f 1490/1316/1414 1468/1294/1481 1469/1295/1482
f 1490/1316/1414 1469/1295/1482 1491/1317/1500
f 1469/1295/1482 1470/1296/1483 1491/1317/1500
f 1492/1318/1501 1493/1319/1502 1478/1304/1491
f 1494/1320/1503 1495/1321/1504 1496/1322/1505
f 1494/1320/1503 1496/1322/1505 1497/1323/1506
f 1497/1323/1506 1496/1322/1505 1498/1324/1507
f 1496/1322/1505 1492/1318/1501 1498/1324/1507
f 1498/1324/1507 1492/1318/1501 1499/1325/1508
f 1499/1325/1508 1492/1318/1501 1500/1326/1509
f 1478/1304/1491 1500/1326/1509 1492/1318/1501
f 1478/1304/1491 1477/1303/1490 1500/1326/1509
f 1477/1303/1490 1481/1307/1494 1500/1326/1509
f 1477/1303/1490 1476/1302/1489 1481/1307/1494
f 1476/1302/1489 1475/1301/1488 1481/1307/1494
f 1501/1327/1510 1498/1324/1507 1499/1325/1508
f 1502/1328/1511 1498/1324/1507 1501/1327/1510
f 1497/1323/1506 1498/1324/1507 1502/1328/1511
f 1495/1321/1504 1503/1329/1419 1504/1330/1512
f 1495/1321/1504 1505/1331/1421 1503/1329/1419
f 1495/1321/1504 1494/1320/1503 1505/1331/1421
f 1494/1320/1503 1506/1332/1422 1505/1331/1421
f 1494/1320/1503 1497/1323/1506 1506/1332/1422
f 1497/1323/1506 1507/1333/1513 1506/1332/1422
f 1497/1323/1506 1502/1328/1511 1507/1333/1513
f 1502/1328/1511 1508/1334/1232 1507/1333/1513
f 1502/1328/1511 1501/1327/1510 1508/1334/1232
f 1501/1327/1510 1509/1335/1514 1508/1334/1232
f 1501/1327/1510 1510/1336/1515 1509/1335/1514
f 1511/1337/1516 1510/1336/1515 1501/1327/1510
f 1511/1337/1516 1501/1327/1510 1499/1325/1508
f 1511/1337/1516 1499/1325/1508 1512/1338/1517
f 1499/1325/1508 1500/1326/1509 1512/1338/1517
f 1500/1326/1509 1513/1339/1518 1512/1338/1517
f 1500/1326/1509 1481/1307/1494 1513/1339/1518
f 1480/1306/1493 1513/1339/1518 1481/1307/1494
f 1480/1306/1493 1514/1340/1519 1513/1339/1518
f 1511/1337/1516 1515/1341/1520 1510/1336/1515
f 1511/1337/1516 1516/1342/1521 1515/1341/1520
f 1511/1337/1516 1512/1338/1517 1516/1342/1521
f 1512/1338/1517 1517/1343/1522 1516/1342/1521
f 1512/1338/1517 1518/1344/1523 1517/1343/1522
f 1513/1339/1518 1518/1344/1523 1512/1338/1517
f 1513/1339/1518 1514/1340/1519 1518/1344/1523
f 1514/1340/1519 1519/1345/1263 1518/1344/1523
f 1514/1340/1519 1520/1346/1262 1519/1345/1263
f 1521/1347/1524 1520/1346/1262 1514/1340/1519
f 1514/1340/1519 1480/1306/1493 1521/1347/1524
f 1480/1306/1493 1522/1348/1268 1521/1347/1524
f 1480/1306/1493 1482/1308/1495 1522/1348/1268
f 1484/1310/1497 1522/1348/1268 1482/1308/1495
f 1484/1310/1497 1482/1308/1495 1483/1309/1496
f 1521/1347/1524 1522/1348/1268 1520/1346/1262
f 1523/1222/1525 1524/1223/1526 1525/1224/1527
f 1525/1224/1527 1524/1223/1526 1526/1225/1528
f 1526/1225/1528 1524/1223/1526 1527/1226/1529
f 1527/1226/1529 1524/1223/1526 1523/1222/1525
f 1527/1226/1529 1523/1222/1525 1528/1227/1530
f 1528/1227/1530 1523/1222/1525 1529/1228/1531
f 1529/1228/1531 1523/1222/1525 1530/1229/1532
f 1530/1229/1532 1523/1222/1525 1525/1224/1527
f 1530/1229/1532 1525/1224/1527 1531/1230/1533
f 1525/1224/1527 1532/1231/1534 1531/1230/1533
f 1525/1224/1527 1526/1225/1528 1532/1231/1534
f 1532/1231/1534 1526/1225/1528 1533/1232/1535
f 1533/1232/1535 1526/1225/1528 1527/1226/1529
f 1533/1232/1535 1527/1226/1529 1534/1233/1536
f 1534/1233/1536 1527/1226/1529 1535/1234/1537
f 1527/1226/1529 1528/1227/1530 1535/1234/1537
f 1536/1222/1538 1537/1223/1539 1538/1224/1540
f 1538/1224/1540 1537/1223/1539 1539/1225/1541
f 1539/1225/1541 1537/1223/1539 1540/1226/1542
f 1540/1226/1542 1537/1223/1539 1536/1222/1538
f 1540/1226/1542 1536/1222/1538 1541/1227/1322
f 1541/1227/1322 1536/1222/1538 1542/1228/1543
f 1542/1228/1543 1536/1222/1538 1543/1229/1544
f 1543/1229/1544 1536/1222/1538 1538/1224/1540
f 1543/1229/1544 1538/1224/1540 1544/1230/1304
f 1538/1224/1540 1545/1231/1545 1544/1230/1304
f 1538/1224/1540 1539/1225/1541 1545/1231/1545
f 1545/1231/1545 1539/1225/1541 1546/1232/1309
f 1546/1232/1309 1539/1225/1541 1540/1226/1542
f 1546/1232/1309 1540/1226/1542 1547/1233/1546
f 1547/1233/1546 1540/1226/1542 1548/1234/1547
f 1540/1226/1542 1541/1227/1322 1548/1234/1547
f 1549/1349/1548 1550/1350/1549 1551/1351/1550
f 1551/1351/1550 1550/1350/1549 1552/1352/1551
f 1552/1352/1551 1550/1350/1549 1553/1353/1552
f 1553/1353/1552 1550/1350/1549 1554/1354/1553
f 1554/1354/1553 1550/1350/1549 1555/1355/1554
f 1555/1355/1554 1550/1350/1549 1549/1349/1548
f 1556/1356/1555 1554/1354/1553 1557/1357/1556
f 1553/1353/1552 1554/1354/1553 1556/1356/1555
f 1553/1353/1552 1556/1356/1555 1558/1358/1557
f 1558/1358/1557 1556/1356/1555 1559/1359/1558
f 1558/1358/1557 1559/1359/1558 1560/1360/1559
f 1560/1360/1559 1559/1359/1558 1561/1361/1560
f 1560/1360/1559 1561/1361/1560 1562/1362/1561
f 1562/1362/1561 1561/1361/1560 1563/1363/1562
f 1562/1362/1561 1563/1363/1562 1564/1364/1563
f 1564/1364/1563 1563/1363/1562 1565/1365/1425
f 1563/1363/1562 1566/1366/1564 1565/1365/1425
f 1565/1365/1425 1566/1366/1564 1567/1367/1565
f 1566/1366/1564 1568/1368/1566 1567/1367/1565
f 1569/1369/1430 1567/1367/1565 1568/1368/1566
f 1570/1370/1567 1569/1369/1430 1568/1368/1566
f 1571/1371/1568 1569/1369/1430 1570/1370/1567
f 1571/1371/1568 1572/1372/1569 1569/1369/1430
f 1571/1371/1568 1573/1373/1570 1572/1372/1569
f 1571/1371/1568 1574/1374/1571 1573/1373/1570
f 1563/1363/1562 1575/1375/1572 1566/1366/1564
f 1561/1361/1560 1575/1375/1572 1563/1363/1562
f 1561/1361/1560 1576/1376/1573 1575/1375/1572
f 1559/1359/1558 1576/1376/1573 1561/1361/1560
f 1559/1359/1558 1577/1377/1574 1576/1376/1573
f 1556/1356/1555 1577/1377/1574 1559/1359/1558
f 1556/1356/1555 1557/1357/1556 1577/1377/1574
f 1578/1378/1575 1579/1379/1576 1572/1372/1569
f 1578/1378/1575 1572/1372/1569 1573/1373/1570
f 1580/1380/1577 1578/1378/1575 1573/1373/1570
f 1580/1380/1577 1573/1373/1570 1574/1374/1571
f 1504/1330/1512 1580/1380/1577 1574/1374/1571
f 1504/1330/1512 1574/1374/1571 1495/1321/1504
f 1495/1321/1504 1574/1374/1571 1571/1371/1568
f 1496/1322/1505 1495/1321/1504 1571/1371/1568
f 1571/1371/1568 1570/1370/1567 1496/1322/1505
f 1496/1322/1505 1570/1370/1567 1492/1318/1501
f 1570/1370/1567 1568/1368/1566 1492/1318/1501
f 1492/1318/1501 1568/1368/1566 1493/1319/1502
f 1568/1368/1566 1581/1381/1578 1493/1319/1502
f 1493/1319/1502 1581/1381/1578 1478/1304/1491
f 1478/1304/1491 1581/1381/1578 1582/1382/1579
f 1478/1304/1491 1582/1382/1579 1479/1305/1492
f 1479/1305/1492 1582/1382/1579 1460/1286/1473
f 1460/1286/1473 1462/1288/1475 1479/1305/1492
f 1583/1383/1459 1460/1286/1473 1582/1382/1579
f 1583/1383/1459 1582/1382/1579 1584/1384/1580
f 1582/1382/1579 1585/1385/1581 1584/1384/1580
f 1586/1386/1582 1585/1385/1581 1582/1382/1579
f 1581/1381/1578 1586/1386/1582 1582/1382/1579
f 1587/1387/1583 1586/1386/1582 1581/1381/1578
f 1587/1387/1583 1588/1388/1584 1586/1386/1582
f 1589/1389/1585 1588/1388/1584 1587/1387/1583
f 1589/1389/1585 1590/1390/1586 1588/1388/1584
f 1589/1389/1585 1591/1391/1587 1590/1390/1586
f 1591/1391/1587 1592/1392/1588 1590/1390/1586
f 1591/1391/1587 1593/1393/1437 1592/1392/1588
f 1594/1394/1589 1593/1393/1437 1591/1391/1587
f 1594/1394/1589 1595/1395/1590 1593/1393/1437
f 1596/1396/1591 1595/1395/1590 1594/1394/1589
f 1596/1396/1591 1597/1397/1440 1595/1395/1590
f 1588/1388/1584 1585/1385/1581 1586/1386/1582
f 1588/1388/1584 1598/1398/1463 1585/1385/1581
f 1590/1390/1586 1598/1398/1463 1588/1388/1584
f 1590/1390/1586 1592/1392/1588 1598/1398/1463
f 1599/1399/1592 1591/1391/1587 1589/1389/1585
f 1600/1400/1593 1591/1391/1587 1599/1399/1592
f 1600/1400/1593 1594/1394/1589 1591/1391/1587
f 1601/1401/1594 1594/1394/1589 1600/1400/1593
f 1601/1401/1594 1596/1396/1591 1594/1394/1589
f 1568/1368/1566 1587/1387/1583 1581/1381/1578
f 1566/1366/1564 1587/1387/1583 1568/1368/1566
f 1566/1366/1564 1589/1389/1585 1587/1387/1583
f 1575/1375/1572 1589/1389/1585 1566/1366/1564
f 1575/1375/1572 1599/1399/1592 1589/1389/1585
f 1576/1376/1573 1599/1399/1592 1575/1375/1572
f 1576/1376/1573 1600/1400/1593 1599/1399/1592
f 1577/1377/1574 1600/1400/1593 1576/1376/1573
f 1577/1377/1574 1601/1401/1594 1600/1400/1593
f 1577/1377/1574 1557/1357/1556 1601/1401/1594
f 1557/1357/1556 1596/1396/1591 1601/1401/1594
f 1557/1357/1556 1602/1402/1595 1596/1396/1591
f 1602/1402/1595 1597/1397/1440 1596/1396/1591
f 1602/1402/1595 1603/1403/1596 1597/1397/1440
f 1602/1402/1595 1604/1404/1597 1603/1403/1596
f 1555/1355/1554 1604/1404/1597 1602/1402/1595
f 1555/1355/1554 1602/1402/1595 1557/1357/1556
f 1557/1357/1556 1554/1354/1553 1555/1355/1554
f 1605/1405/1598 1606/1406/1599 1607/1407/1600
f 1606/1406/1599 1608/1408/1601 1607/1407/1600
f 1608/1408/1601 1609/1409/1602 1607/1407/1600
f 1609/1409/1602 1610/1410/1459 1607/1407/1600
f 1610/1410/1459 1611/1411/1603 1607/1407/1600
f 1607/1407/1600 1611/1411/1603 1612/1412/1604
f 1607/1407/1600 1612/1412/1604 1613/1413/1605
f 1605/1405/1598 1607/1407/1600 1613/1413/1605
f 1614/1226/1606 1615/1223/1607 1616/1225/1608
f 1616/1225/1608 1615/1223/1607 1617/1224/1609
f 1617/1224/1609 1615/1223/1607 1618/1222/1610
f 1618/1222/1610 1615/1223/1607 1614/1226/1606
f 1619/1227/1611 1618/1222/1610 1614/1226/1606
f 1620/1234/1612 1619/1227/1611 1614/1226/1606
f 1620/1234/1612 1614/1226/1606 1621/1233/1613
f 1621/1233/1613 1614/1226/1606 1622/1232/1614
f 1614/1226/1606 1616/1225/1608 1622/1232/1614
f 1622/1232/1614 1616/1225/1608 1623/1231/1615
f 1616/1225/1608 1617/1224/1609 1623/1231/1615
f 1623/1231/1615 1617/1224/1609 1624/1230/1616
f 1624/1230/1616 1617/1224/1609 1625/1229/1617
f 1617/1224/1609 1618/1222/1610 1625/1229/1617
f 1625/1229/1617 1618/1222/1610 1626/1228/1618
f 1626/1228/1618 1618/1222/1610 1619/1227/1611
f 1627/1146/1619 1628/1149/1620 1629/1148/1621
f 1630/1145/1622 1629/1148/1621 1631/1150/1623
f 1630/1145/1622 1627/1146/1619 1629/1148/1621
f 1632/1147/1624 1627/1146/1619 1630/1145/1622
f 1633/1171/1625 1634/1172/1626 1635/1177/1627
f 1636/1163/1628 1634/1172/1626 1633/1171/1625
f 1636/1163/1628 1637/1162/1629 1634/1172/1626
f 1638/1151/1630 1637/1162/1629 1636/1163/1628
f 1632/1147/1624 1637/1162/1629 1638/1151/1630
f 1639/1152/1631 1632/1147/1624 1638/1151/1630
f 1639/1152/1631 1627/1146/1619 1632/1147/1624
f 1640/1153/1632 1627/1146/1619 1639/1152/1631
f 1640/1153/1632 1628/1149/1620 1627/1146/1619
f 1641/1149/1633 1628/1149/1620 1640/1153/1632
f 1634/1172/1626 1642/1180/1634 1643/1179/1635
f 1634/1172/1626 1643/1179/1635 1635/1177/1627
f 1635/1177/1627 1643/1179/1635 1644/1178/1636
f 1645/1171/1637 1635/1177/1627 1644/1178/1636
f 1633/1171/1625 1635/1177/1627 1645/1171/1637
f 1646/1164/1638 1633/1171/1625 1645/1171/1637
f 1633/1171/1625 1646/1164/1638 1636/1163/1628
f 1646/1164/1638 1647/1155/1639 1636/1163/1628
f 1636/1163/1628 1647/1155/1639 1638/1151/1630
f 1647/1155/1639 1648/1154/1640 1638/1151/1630
f 1638/1151/1630 1648/1154/1640 1639/1152/1631
f 1648/1154/1640 1649/1156/1641 1639/1152/1631
f 1639/1152/1631 1649/1156/1641 1640/1153/1632
f 1649/1156/1641 1650/1157/1642 1640/1153/1632
f 1640/1153/1632 1650/1157/1642 1641/1149/1633
f 1650/1157/1642 1651/1158/1643 1641/1149/1633
f 1650/1157/1642 1652/1169/1644 1651/1158/1643
f 1652/1169/1644 1653/1170/1645 1651/1158/1643
f 1647/1155/1639 1654/1166/1646 1648/1154/1640
f 1654/1166/1646 1655/1167/1647 1648/1154/1640
f 1648/1154/1640 1655/1167/1647 1649/1156/1641
f 1655/1167/1647 1656/1168/1648 1649/1156/1641
f 1649/1156/1641 1656/1168/1648 1650/1157/1642
f 1656/1168/1648 1652/1169/1644 1650/1157/1642
f 1657/1187/1649 1642/1180/1634 1658/1181/1650
f 1642/1180/1634 1657/1187/1649 1659/1188/1651
f 1642/1180/1634 1659/1188/1651 1643/1179/1635
f 1660/1190/1652 1659/1188/1651 1661/1189/1653
f 1659/1188/1651 1662/1189/1654 1661/1189/1653
f 1657/1187/1649 1662/1189/1654 1659/1188/1651
f 1657/1187/1649 1663/1191/1655 1662/1189/1654
f 1658/1181/1650 1663/1191/1655 1657/1187/1649
f 1658/1181/1650 1664/1182/1656 1663/1191/1655
f 1663/1191/1655 1664/1182/1656 1665/1192/1657
f 1665/1192/1657 1664/1182/1656 1666/1183/1658
f 1665/1192/1657 1666/1183/1658 1667/1193/1648
f 1667/1193/1648 1666/1183/1658 1668/1184/1659
f 1662/1189/1654 1669/1196/1660 1661/1189/1653
f 1669/1196/1660 1662/1189/1654 1670/1195/1661
f 1662/1189/1654 1663/1191/1655 1670/1195/1661
f 1670/1195/1661 1663/1191/1655 1665/1192/1657
f 1670/1195/1661 1665/1192/1657 1671/1194/1662
f 1671/1194/1662 1665/1192/1657 1667/1193/1648
f 1672/1221/1638 1673/1198/1663 1674/1220/1664
f 1673/1198/1663 1675/1197/1665 1674/1220/1664
f 1673/1198/1663 1669/1196/1660 1675/1197/1665
f 1669/1196/1660 1670/1195/1661 1675/1197/1665
f 1675/1197/1665 1670/1195/1661 1671/1194/1662
f 1637/1162/1629 1632/1147/1624 1676/1161/1666
f 1676/1161/1666 1632/1147/1624 1630/1145/1622
f 1676/1161/1666 1630/1145/1622 1677/1159/1667
f 1677/1159/1667 1630/1145/1622 1631/1150/1623
f 1631/1150/1623 1678/1160/1668 1677/1159/1667
f 1631/1150/1623 1679/1186/1669 1678/1160/1668
f 1679/1186/1669 1680/1185/1670 1678/1160/1668
f 1678/1160/1668 1680/1185/1670 1681/1176/1671
f 1681/1176/1671 1680/1185/1670 1682/1203/1672
f 1668/1184/1659 1681/1176/1671 1682/1203/1672
f 1666/1183/1658 1681/1176/1671 1668/1184/1659
f 1666/1183/1658 1683/1175/1673 1681/1176/1671
f 1664/1182/1656 1683/1175/1673 1666/1183/1658
f 1684/1174/1674 1683/1175/1673 1664/1182/1656
f 1684/1174/1674 1664/1182/1656 1658/1181/1650
f 1658/1181/1650 1685/1173/1675 1684/1174/1674
f 1642/1180/1634 1685/1173/1675 1658/1181/1650
f 1642/1180/1634 1634/1172/1626 1685/1173/1675
f 1634/1172/1626 1637/1162/1629 1685/1173/1675
f 1685/1173/1675 1637/1162/1629 1676/1161/1666
f 1685/1173/1675 1676/1161/1666 1684/1174/1674
f 1684/1174/1674 1676/1161/1666 1677/1159/1667
f 1677/1159/1667 1683/1175/1673 1684/1174/1674
f 1677/1159/1667 1678/1160/1668 1683/1175/1673
f 1683/1175/1673 1678/1160/1668 1681/1176/1671
f 1686/1187/1676 1687/1180/1677 1688/1181/1678
f 1687/1180/1677 1686/1187/1676 1689/1188/1679
f 1687/1180/1677 1689/1188/1679 1690/1179/1680
f 1691/1190/1681 1689/1188/1679 1692/1189/1682
f 1689/1188/1679 1693/1189/1683 1692/1189/1682
f 1686/1187/1676 1693/1189/1683 1689/1188/1679
f 1686/1187/1676 1694/1191/1684 1693/1189/1683
f 1688/1181/1678 1694/1191/1684 1686/1187/1676
f 1688/1181/1678 1695/1182/1685 1694/1191/1684
f 1694/1191/1684 1695/1182/1685 1696/1192/1686
f 1696/1192/1686 1695/1182/1685 1697/1183/1687
f 1696/1192/1686 1697/1183/1687 1698/1193/1688
f 1698/1193/1688 1697/1183/1687 1699/1184/1689
f 1693/1189/1683 1700/1196/1690 1692/1189/1682
f 1700/1196/1690 1693/1189/1683 1701/1195/1691
f 1693/1189/1683 1694/1191/1684 1701/1195/1691
f 1701/1195/1691 1694/1191/1684 1696/1192/1686
f 1701/1195/1691 1696/1192/1686 1702/1194/1692
f 1702/1194/1692 1696/1192/1686 1698/1193/1688
f 1703/1198/1693 1700/1196/1690 1704/1197/1694
f 1700/1196/1690 1701/1195/1691 1704/1197/1694
f 1704/1197/1694 1701/1195/1691 1702/1194/1692
f 1705/1171/1695 1706/1177/1696 1707/1171/1697
f 1707/1171/1697 1706/1177/1696 1708/1178/1698
f 1706/1177/1696 1690/1179/1680 1708/1178/1698
f 1709/1172/1699 1690/1179/1680 1706/1177/1696
f 1709/1172/1699 1687/1180/1677 1690/1179/1680
f 1687/1180/1677 1709/1172/1699 1710/1173/1700
f 1687/1180/1677 1710/1173/1700 1688/1181/1678
f 1688/1181/1678 1710/1173/1700 1711/1174/1701
f 1711/1174/1701 1695/1182/1685 1688/1181/1678
f 1711/1174/1701 1712/1175/1702 1695/1182/1685
f 1695/1182/1685 1712/1175/1702 1697/1183/1687
f 1697/1183/1687 1712/1175/1702 1713/1176/1703
f 1697/1183/1687 1713/1176/1703 1699/1184/1689
f 1699/1184/1689 1713/1176/1703 1714/1185/1616
f 1713/1176/1703 1715/1185/1615 1714/1185/1616
f 1713/1176/1703 1716/1160/1704 1715/1185/1615
f 1716/1160/1704 1717/1186/1705 1715/1185/1615
f 1718/1150/1706 1717/1186/1705 1716/1160/1704
f 1705/1171/1695 1709/1172/1699 1706/1177/1696
f 1712/1175/1702 1716/1160/1704 1713/1176/1703
f 1719/1159/1707 1716/1160/1704 1712/1175/1702
f 1719/1159/1707 1712/1175/1702 1711/1174/1701
f 1711/1174/1701 1720/1161/1708 1719/1159/1707
f 1710/1173/1700 1720/1161/1708 1711/1174/1701
f 1710/1173/1700 1721/1162/1709 1720/1161/1708
f 1709/1172/1699 1721/1162/1709 1710/1173/1700
f 1722/1163/1710 1721/1162/1709 1709/1172/1699
f 1722/1163/1710 1709/1172/1699 1705/1171/1695
f 1705/1171/1695 1723/1164/1711 1722/1163/1710
f 1723/1164/1711 1705/1171/1695 1707/1171/1697
f 1724/1145/1712 1725/1148/1713 1718/1150/1706
f 1726/1147/1714 1727/1146/1715 1724/1145/1712
f 1724/1145/1712 1727/1146/1715 1725/1148/1713
f 1727/1146/1715 1728/1149/1716 1725/1148/1713
f 1729/1152/1717 1726/1147/1714 1730/1151/1718
f 1729/1152/1717 1727/1146/1715 1726/1147/1714
f 1731/1153/1719 1727/1146/1715 1729/1152/1717
f 1731/1153/1719 1728/1149/1716 1727/1146/1715
f 1732/1149/1720 1728/1149/1716 1731/1153/1719
f 1733/1155/1721 1734/1154/1722 1730/1151/1718
f 1730/1151/1718 1734/1154/1722 1729/1152/1717
f 1734/1154/1722 1735/1156/1723 1729/1152/1717
f 1729/1152/1717 1735/1156/1723 1731/1153/1719
f 1735/1156/1723 1736/1157/1724 1731/1153/1719
f 1731/1153/1719 1736/1157/1724 1732/1149/1720
f 1736/1157/1724 1737/1158/1617 1732/1149/1720
f 1718/1150/1706 1716/1160/1704 1719/1159/1707
f 1719/1159/1707 1724/1145/1712 1718/1150/1706
f 1720/1161/1708 1724/1145/1712 1719/1159/1707
f 1720/1161/1708 1726/1147/1714 1724/1145/1712
f 1721/1162/1709 1726/1147/1714 1720/1161/1708
f 1726/1147/1714 1721/1162/1709 1730/1151/1718
f 1730/1151/1718 1721/1162/1709 1722/1163/1710
f 1722/1163/1710 1733/1155/1721 1730/1151/1718
f 1723/1164/1711 1733/1155/1721 1722/1163/1710
f 1723/1164/1711 1738/1165/1725 1733/1155/1721
f 1738/1165/1725 1739/1166/1726 1733/1155/1721
f 1733/1155/1721 1739/1166/1726 1734/1154/1722
f 1739/1166/1726 1740/1167/1727 1734/1154/1722
f 1734/1154/1722 1740/1167/1727 1735/1156/1723
f 1740/1167/1727 1741/1168/1728 1735/1156/1723
f 1735/1156/1723 1741/1168/1728 1736/1157/1724
f 1741/1168/1728 1742/1169/1689 1736/1157/1724
f 1736/1157/1724 1742/1169/1689 1737/1158/1617
f 1742/1169/1689 1743/1170/1616 1737/1158/1617
f 1744/1222/1729 1745/1223/1730 1746/1226/1731
f 1746/1226/1731 1745/1223/1730 1747/1225/1732
f 1748/1224/1733 1747/1225/1732 1745/1223/1730
f 1744/1222/1729 1748/1224/1733 1745/1223/1730
f 1748/1224/1733 1744/1222/1729 1749/1229/1643
f 1749/1229/1643 1744/1222/1729 1750/1228/1734
f 1750/1228/1734 1744/1222/1729 1751/1227/1735
f 1751/1227/1735 1744/1222/1729 1746/1226/1731
f 1752/1234/1621 1751/1227/1735 1746/1226/1731
f 1752/1234/1621 1746/1226/1731 1753/1233/1623
f 1753/1233/1623 1746/1226/1731 1754/1232/1736
f 1746/1226/1731 1747/1225/1732 1754/1232/1736
f 1754/1232/1736 1747/1225/1732 1755/1231/1737
f 1755/1231/1737 1747/1225/1732 1748/1224/1733
f 1756/1230/1645 1755/1231/1737 1748/1224/1733
f 1756/1230/1645 1748/1224/1733 1749/1229/1643
f 1757/1158/1738 1758/1149/1739 1759/1153/1740
f 1760/1156/1741 1761/1169/1742 1759/1153/1740
f 1759/1153/1740 1761/1169/1742 1757/1158/1738
f 1761/1169/1742 1762/1170/1743 1757/1158/1738
f 1763/1154/1744 1760/1156/1741 1764/1152/1745
f 1764/1152/1745 1760/1156/1741 1759/1153/1740
f 1764/1152/1745 1759/1153/1740 1765/1146/1746
f 1759/1153/1740 1758/1149/1739 1765/1146/1746
f 1765/1146/1746 1758/1149/1739 1766/1148/1747
f 1767/1155/1748 1763/1154/1744 1768/1151/1749
f 1768/1151/1749 1763/1154/1744 1764/1152/1745
f 1764/1152/1745 1769/1147/1750 1768/1151/1749
f 1769/1147/1750 1764/1152/1745 1765/1146/1746
f 1769/1147/1750 1765/1146/1746 1770/1145/1751
f 1770/1145/1751 1765/1146/1746 1766/1148/1747
f 1770/1145/1751 1766/1148/1747 1771/1150/1752
f 1772/1161/1753 1769/1147/1750 1770/1145/1751
f 1773/1162/1754 1769/1147/1750 1772/1161/1753
f 1769/1147/1750 1773/1162/1754 1768/1151/1749
f 1768/1151/1749 1773/1162/1754 1774/1163/1755
f 1774/1163/1755 1767/1155/1748 1768/1151/1749
f 1775/1164/1756 1767/1155/1748 1774/1163/1755
f 1775/1164/1756 1776/1165/1757 1767/1155/1748
f 1776/1165/1757 1777/1166/1758 1767/1155/1748
f 1767/1155/1748 1777/1166/1758 1763/1154/1744
f 1777/1166/1758 1778/1167/1759 1763/1154/1744
f 1763/1154/1744 1778/1167/1759 1760/1156/1741
f 1778/1167/1759 1779/1168/1760 1760/1156/1741
f 1760/1156/1741 1779/1168/1760 1761/1169/1742
f 1779/1168/1760 1780/1169/1761 1761/1169/1742
f 1761/1169/1742 1780/1169/1761 1762/1170/1743
f 1780/1169/1761 1781/1210/1762 1762/1170/1743
f 1782/1173/1763 1773/1162/1754 1772/1161/1753
f 1783/1172/1764 1773/1162/1754 1782/1173/1763
f 1774/1163/1755 1773/1162/1754 1783/1172/1764
f 1784/1180/1765 1783/1172/1764 1782/1173/1763
f 1785/1174/1766 1772/1161/1753 1786/1159/1767
f 1782/1173/1763 1772/1161/1753 1785/1174/1766
f 1787/1181/1768 1782/1173/1763 1785/1174/1766
f 1784/1180/1765 1782/1173/1763 1787/1181/1768
f 1788/1187/1769 1784/1180/1765 1787/1181/1768
f 1787/1181/1768 1789/1191/1770 1788/1187/1769
f 1787/1181/1768 1790/1182/1771 1789/1191/1770
f 1785/1174/1766 1790/1182/1771 1787/1181/1768
f 1785/1174/1766 1791/1175/1772 1790/1182/1771
f 1786/1159/1767 1791/1175/1772 1785/1174/1766
f 1786/1159/1767 1792/1160/1773 1791/1175/1772
f 1791/1175/1772 1792/1160/1773 1793/1176/1774
f 1794/1183/1775 1791/1175/1772 1793/1176/1774
f 1790/1182/1771 1791/1175/1772 1794/1183/1775
f 1795/1192/1776 1790/1182/1771 1794/1183/1775
f 1789/1191/1770 1790/1182/1771 1795/1192/1776
f 1796/1195/1777 1789/1191/1770 1795/1192/1776
f 1789/1191/1770 1796/1195/1777 1797/1189/1778
f 1788/1187/1769 1789/1191/1770 1797/1189/1778
f 1788/1187/1769 1797/1189/1778 1798/1188/1779
f 1784/1180/1765 1788/1187/1769 1798/1188/1779
f 1784/1180/1765 1798/1188/1779 1799/1179/1780
f 1784/1180/1765 1799/1179/1780 1800/1177/1781
f 1783/1172/1764 1784/1180/1765 1800/1177/1781
f 1801/1171/1782 1783/1172/1764 1800/1177/1781
f 1774/1163/1755 1783/1172/1764 1801/1171/1782
f 1801/1171/1782 1775/1164/1756 1774/1163/1755
f 1802/1190/1783 1798/1188/1779 1803/1202/1784
f 1798/1188/1779 1797/1189/1778 1803/1202/1784
f 1797/1189/1778 1804/1196/1785 1803/1202/1784
f 1796/1195/1777 1804/1196/1785 1797/1189/1778
f 1804/1196/1785 1796/1195/1777 1805/1194/1786
f 1795/1192/1776 1805/1194/1786 1796/1195/1777
f 1805/1194/1786 1795/1192/1776 1806/1193/1787
f 1795/1192/1776 1794/1183/1775 1806/1193/1787
f 1806/1193/1787 1794/1183/1775 1807/1184/1788
f 1794/1183/1775 1793/1176/1774 1807/1184/1788
f 1807/1184/1788 1793/1176/1774 1808/1203/1789
f 1793/1176/1774 1809/1185/1790 1808/1203/1789
f 1793/1176/1774 1792/1160/1773 1809/1185/1790
f 1792/1160/1773 1810/1186/1791 1809/1185/1790
f 1771/1150/1752 1810/1186/1791 1792/1160/1773
f 1771/1150/1752 1792/1160/1773 1786/1159/1767
f 1786/1159/1767 1770/1145/1751 1771/1150/1752
f 1772/1161/1753 1770/1145/1751 1786/1159/1767
f 1811/1197/1758 1804/1196/1785 1805/1194/1786
f 1804/1196/1785 1811/1197/1758 1812/1198/1792
f 1813/1226/1793 1814/1223/1794 1815/1225/1795
f 1815/1225/1795 1814/1223/1794 1816/1224/1796
f 1816/1224/1796 1814/1223/1794 1817/1222/1797
f 1817/1222/1797 1814/1223/1794 1813/1226/1793
f 1818/1227/1739 1817/1222/1797 1813/1226/1793
f 1819/1234/1798 1818/1227/1739 1813/1226/1793
f 1819/1234/1798 1813/1226/1793 1820/1233/1799
f 1820/1233/1799 1813/1226/1793 1821/1232/1800
f 1813/1226/1793 1815/1225/1795 1821/1232/1800
f 1821/1232/1800 1815/1225/1795 1822/1231/1801
f 1822/1231/1801 1815/1225/1795 1816/1224/1796
f 1823/1230/1762 1822/1231/1801 1816/1224/1796
f 1823/1230/1762 1816/1224/1796 1824/1229/1802
f 1816/1224/1796 1817/1222/1797 1824/1229/1802
f 1824/1229/1802 1817/1222/1797 1825/1228/1803
f 1825/1228/1803 1817/1222/1797 1818/1227/1739
f 1826/1184/1804 1827/1176/1805 1828/1203/1806
f 1827/1176/1805 1829/1185/1807 1828/1203/1806
f 1827/1176/1805 1830/1160/1808 1829/1185/1807
f 1830/1160/1808 1831/1186/1809 1829/1185/1807
f 1832/1150/1810 1831/1186/1809 1830/1160/1808
f 1833/1194/1811 1834/1192/1812 1835/1193/1813
f 1833/1194/1811 1835/1193/1813 1836/1217/1814
f 1836/1217/1814 1835/1193/1813 1837/1218/1815
f 1835/1193/1813 1826/1184/1804 1837/1218/1815
f 1835/1193/1813 1838/1183/1816 1826/1184/1804
f 1838/1183/1816 1827/1176/1805 1826/1184/1804
f 1838/1183/1816 1839/1175/1817 1827/1176/1805
f 1839/1175/1817 1830/1160/1808 1827/1176/1805
f 1840/1159/1818 1830/1160/1808 1839/1175/1817
f 1832/1150/1810 1830/1160/1808 1840/1159/1818
f 1840/1159/1818 1841/1145/1819 1832/1150/1810
f 1841/1145/1819 1842/1148/1820 1832/1150/1810
f 1841/1145/1819 1843/1146/1821 1842/1148/1820
f 1843/1146/1821 1844/1149/1822 1842/1148/1820
f 1845/1153/1823 1844/1149/1822 1843/1146/1821
f 1846/1149/1824 1844/1149/1822 1845/1153/1823
f 1845/1153/1823 1847/1157/1815 1846/1149/1824
f 1847/1157/1815 1848/1158/1825 1846/1149/1824
f 1847/1157/1815 1849/1169/1804 1848/1158/1825
f 1849/1169/1804 1850/1170/1806 1848/1158/1825
f 1840/1159/1818 1839/1175/1817 1851/1174/1826
f 1852/1173/1827 1853/1161/1828 1851/1174/1826
f 1851/1174/1826 1853/1161/1828 1840/1159/1818
f 1853/1161/1828 1841/1145/1819 1840/1159/1818
f 1854/1172/1829 1855/1162/1830 1852/1173/1827
f 1852/1173/1827 1855/1162/1830 1853/1161/1828
f 1855/1162/1830 1856/1147/1831 1853/1161/1828
f 1853/1161/1828 1856/1147/1831 1841/1145/1819
f 1856/1147/1831 1843/1146/1821 1841/1145/1819
f 1834/1192/1812 1838/1183/1816 1835/1193/1813
f 1834/1192/1812 1857/1182/1832 1838/1183/1816
f 1857/1182/1832 1839/1175/1817 1838/1183/1816
f 1851/1174/1826 1839/1175/1817 1857/1182/1832
f 1851/1174/1826 1857/1182/1832 1858/1181/1833
f 1858/1181/1833 1852/1173/1827 1851/1174/1826
f 1859/1180/1834 1852/1173/1827 1858/1181/1833
f 1859/1180/1834 1854/1172/1829 1852/1173/1827
f 1860/1177/1835 1854/1172/1829 1859/1180/1834
f 1861/1171/1836 1854/1172/1829 1860/1177/1835
f 1862/1163/1837 1854/1172/1829 1861/1171/1836
f 1862/1163/1837 1855/1162/1830 1854/1172/1829
f 1863/1151/1838 1855/1162/1830 1862/1163/1837
f 1856/1147/1831 1855/1162/1830 1863/1151/1838
f 1864/1152/1839 1856/1147/1831 1863/1151/1838
f 1864/1152/1839 1843/1146/1821 1856/1147/1831
f 1845/1153/1823 1843/1146/1821 1864/1152/1839
f 1864/1152/1839 1865/1156/1840 1845/1153/1823
f 1865/1156/1840 1847/1157/1815 1845/1153/1823
f 1866/1187/1841 1859/1180/1834 1858/1181/1833
f 1858/1181/1833 1867/1191/1842 1866/1187/1841
f 1858/1181/1833 1857/1182/1832 1867/1191/1842
f 1867/1191/1842 1857/1182/1832 1834/1192/1812
f 1868/1154/1843 1865/1156/1840 1864/1152/1839
f 1863/1151/1838 1868/1154/1843 1864/1152/1839
f 1869/1155/1844 1868/1154/1843 1863/1151/1838
f 1862/1163/1837 1869/1155/1844 1863/1151/1838
f 1870/1164/1845 1869/1155/1844 1862/1163/1837
f 1861/1171/1836 1870/1164/1845 1862/1163/1837
f 1870/1164/1845 1861/1171/1836 1871/1171/1846
f 1861/1171/1836 1860/1177/1835 1871/1171/1846
f 1871/1171/1846 1860/1177/1835 1872/1178/1652
f 1860/1177/1835 1873/1179/1847 1872/1178/1652
f 1859/1180/1834 1873/1179/1847 1860/1177/1835
f 1859/1180/1834 1874/1188/1848 1873/1179/1847
f 1859/1180/1834 1866/1187/1841 1874/1188/1848
f 1866/1187/1841 1875/1189/1849 1874/1188/1848
f 1866/1187/1841 1867/1191/1842 1875/1189/1849
f 1875/1189/1849 1867/1191/1842 1876/1195/1850
f 1876/1195/1850 1867/1191/1842 1834/1192/1812
f 1876/1195/1850 1834/1192/1812 1833/1194/1811
f 1874/1188/1848 1875/1189/1849 1877/1190/1851
f 1877/1190/1851 1875/1189/1849 1878/1196/1852
f 1878/1196/1852 1875/1189/1849 1876/1195/1850
f 1878/1196/1852 1876/1195/1850 1879/1197/1853
f 1879/1197/1853 1876/1195/1850 1833/1194/1811
f 1879/1197/1853 1833/1194/1811 1880/1219/1854
f 1880/1219/1854 1833/1194/1811 1836/1217/1814
f 1881/1220/1855 1879/1197/1853 1880/1219/1854
f 1882/1198/1856 1879/1197/1853 1881/1220/1855
f 1882/1198/1856 1878/1196/1852 1879/1197/1853
f 1883/1221/1857 1882/1198/1856 1881/1220/1855
f 1884/1363/1858 1885/1375/1859 1886/1361/1860
f 1887/1366/1861 1885/1375/1859 1884/1363/1858
f 1888/1368/1862 1889/1387/1863 1887/1366/1861
f 1889/1387/1863 1890/1389/1864 1887/1366/1861
f 1887/1366/1861 1890/1389/1864 1885/1375/1859
f 1890/1389/1864 1891/1399/1865 1885/1375/1859
f 1885/1375/1859 1891/1399/1865 1892/1376/1866
f 1885/1375/1859 1892/1376/1866 1886/1361/1860
f 1886/1361/1860 1892/1376/1866 1893/1359/1867
f 1894/1394/1868 1895/1396/1869 1896/1401/1870
f 1896/1401/1870 1895/1396/1869 1897/1357/1871
f 1896/1401/1870 1897/1357/1871 1898/1377/1872
f 1898/1377/1872 1897/1357/1871 1899/1356/1873
f 1893/1359/1867 1898/1377/1872 1899/1356/1873
f 1892/1376/1866 1898/1377/1872 1893/1359/1867
f 1892/1376/1866 1900/1400/1874 1898/1377/1872
f 1891/1399/1865 1900/1400/1874 1892/1376/1866
f 1891/1399/1865 1901/1391/1875 1900/1400/1874
f 1890/1389/1864 1901/1391/1875 1891/1399/1865
f 1902/1390/1876 1901/1391/1875 1890/1389/1864
f 1903/1388/1877 1902/1390/1876 1890/1389/1864
f 1889/1387/1863 1903/1388/1877 1890/1389/1864
f 1904/1386/1878 1903/1388/1877 1889/1387/1863
f 1905/1381/1879 1904/1386/1878 1889/1387/1863
f 1905/1381/1879 1889/1387/1863 1888/1368/1862
f 1906/1319/1880 1905/1381/1879 1888/1368/1862
f 1900/1400/1874 1896/1401/1870 1898/1377/1872
f 1900/1400/1874 1894/1394/1868 1896/1401/1870
f 1901/1391/1875 1894/1394/1868 1900/1400/1874
f 1895/1396/1869 1907/1402/1881 1897/1357/1871
f 1908/1304/1882 1905/1381/1879 1906/1319/1880
f 1909/1382/1883 1905/1381/1879 1908/1304/1882
f 1909/1382/1883 1904/1386/1878 1905/1381/1879
f 1909/1382/1883 1910/1385/1884 1904/1386/1878
f 1904/1386/1878 1910/1385/1884 1903/1388/1877
f 1910/1385/1884 1911/1398/1885 1903/1388/1877
f 1903/1388/1877 1911/1398/1885 1902/1390/1876
f 1911/1398/1885 1912/1392/1886 1902/1390/1876
f 1902/1390/1876 1912/1392/1886 1901/1391/1875
f 1912/1392/1886 1913/1393/1887 1901/1391/1875
f 1901/1391/1875 1913/1393/1887 1894/1394/1868
f 1913/1393/1887 1914/1395/1888 1894/1394/1868
f 1894/1394/1868 1914/1395/1888 1895/1396/1869
f 1914/1395/1888 1915/1397/1889 1895/1396/1869
f 1895/1396/1869 1915/1397/1889 1907/1402/1881
f 1915/1397/1889 1916/1403/1890 1907/1402/1881
f 1916/1403/1890 1917/1404/1891 1907/1402/1881
f 1907/1402/1881 1917/1404/1891 1918/1355/1892
f 1919/1384/1893 1910/1385/1884 1909/1382/1883
f 1919/1384/1893 1909/1382/1883 1920/1383/1894
f 1909/1382/1883 1921/1286/1895 1920/1383/1894
f 1922/1305/1896 1908/1304/1882 1923/1288/1897
f 1908/1304/1882 1924/1303/1898 1923/1288/1897
f 1925/1289/1899 1923/1288/1897 1924/1303/1898
f 1926/1302/1900 1925/1289/1899 1924/1303/1898
f 1927/1307/1901 1926/1302/1900 1924/1303/1898
f 1928/1326/1902 1927/1307/1901 1924/1303/1898
f 1928/1326/1902 1924/1303/1898 1908/1304/1882
f 1929/1318/1903 1928/1326/1902 1908/1304/1882
f 1928/1326/1902 1929/1318/1903 1930/1325/1904
f 1930/1325/1904 1929/1318/1903 1931/1324/1905
f 1931/1324/1905 1929/1318/1903 1932/1322/1906
f 1929/1318/1903 1933/1370/1907 1932/1322/1906
f 1932/1322/1906 1933/1370/1907 1934/1371/1908
f 1927/1307/1901 1935/1301/1909 1926/1302/1900
f 1936/1338/1910 1930/1325/1904 1937/1337/1911
f 1930/1325/1904 1938/1327/1912 1937/1337/1911
f 1930/1325/1904 1931/1324/1905 1938/1327/1912
f 1938/1327/1912 1931/1324/1905 1939/1328/1913
f 1939/1328/1913 1931/1324/1905 1940/1323/1914
f 1931/1324/1905 1932/1322/1906 1940/1323/1914
f 1940/1323/1914 1932/1322/1906 1941/1320/1915
f 1932/1322/1906 1942/1321/1916 1941/1320/1915
f 1934/1371/1908 1942/1321/1916 1932/1322/1906
f 1934/1371/1908 1943/1374/1917 1942/1321/1916
f 1944/1373/1918 1943/1374/1917 1934/1371/1908
f 1945/1372/1919 1944/1373/1918 1934/1371/1908
f 1946/1369/1920 1945/1372/1919 1934/1371/1908
f 1933/1370/1907 1946/1369/1920 1934/1371/1908
f 1888/1368/1862 1946/1369/1920 1933/1370/1907
f 1929/1318/1903 1888/1368/1862 1933/1370/1907
f 1906/1319/1880 1888/1368/1862 1929/1318/1903
f 1908/1304/1882 1906/1319/1880 1929/1318/1903
f 1945/1372/1919 1947/1379/1921 1948/1378/1856
f 1944/1373/1918 1945/1372/1919 1948/1378/1856
f 1944/1373/1918 1948/1378/1856 1949/1380/1922
f 1943/1374/1917 1944/1373/1918 1949/1380/1922
f 1943/1374/1917 1949/1380/1922 1950/1330/1923
f 1942/1321/1916 1943/1374/1917 1950/1330/1923
f 1950/1330/1923 1951/1329/1660 1942/1321/1916
f 1951/1329/1660 1952/1331/1663 1942/1321/1916
f 1952/1331/1663 1941/1320/1915 1942/1321/1916
f 1952/1331/1663 1953/1332/1924 1941/1320/1915
f 1953/1332/1924 1940/1323/1914 1941/1320/1915
f 1953/1332/1924 1954/1333/1682 1940/1323/1914
f 1954/1333/1682 1939/1328/1913 1940/1323/1914
f 1954/1333/1682 1955/1334/1925 1939/1328/1913
f 1955/1334/1925 1938/1327/1912 1939/1328/1913
f 1955/1334/1925 1956/1335/1693 1938/1327/1912
f 1956/1335/1693 1957/1336/1926 1938/1327/1912
f 1938/1327/1912 1957/1336/1926 1937/1337/1911
f 1957/1336/1926 1958/1341/1784 1937/1337/1911
f 1958/1341/1784 1959/1342/1927 1937/1337/1911
f 1959/1342/1927 1936/1338/1910 1937/1337/1911
f 1959/1342/1927 1960/1343/1792 1936/1338/1910
f 1960/1343/1792 1961/1344/1928 1936/1338/1910
f 1936/1338/1910 1961/1344/1928 1962/1339/1929
f 1961/1344/1928 1963/1340/1930 1962/1339/1929
f 1962/1339/1929 1963/1340/1930 1964/1306/1931
f 1965/1347/1932 1964/1306/1931 1963/1340/1930
f 1965/1347/1932 1966/1348/1933 1964/1306/1931
f 1967/1346/1781 1966/1348/1933 1965/1347/1932
f 1963/1340/1930 1967/1346/1781 1965/1347/1932
f 1968/1345/1782 1967/1346/1781 1963/1340/1930
f 1961/1344/1928 1968/1345/1782 1963/1340/1930
f 1966/1348/1933 1969/1308/1934 1964/1306/1931
f 1969/1308/1934 1966/1348/1933 1970/1310/1935
f 1971/1309/1936 1969/1308/1934 1970/1310/1935
f 1972/1294/1937 1973/1315/1635 1974/1316/1938
f 1973/1315/1635 1972/1294/1937 1975/1293/1939
f 1976/1314/1940 1973/1315/1635 1975/1293/1939
f 1976/1314/1940 1975/1293/1939 1977/1313/1941
f 1978/1312/1680 1977/1313/1941 1975/1293/1939
f 1975/1293/1939 1979/1299/1942 1978/1312/1680
f 1978/1312/1680 1979/1299/1942 1980/1311/1943
f 1980/1311/1943 1979/1299/1942 1970/1310/1935
f 1970/1310/1935 1979/1299/1942 1971/1309/1936
f 1971/1309/1936 1979/1299/1942 1981/1300/1944
f 1971/1309/1936 1981/1300/1944 1969/1308/1934
f 1935/1301/1909 1969/1308/1934 1981/1300/1944
f 1969/1308/1934 1935/1301/1909 1964/1306/1931
f 1935/1301/1909 1927/1307/1901 1964/1306/1931
f 1927/1307/1901 1962/1339/1929 1964/1306/1931
f 1962/1339/1929 1927/1307/1901 1928/1326/1902
f 1936/1338/1910 1962/1339/1929 1928/1326/1902
f 1936/1338/1910 1928/1326/1902 1930/1325/1904
f 1922/1305/1896 1909/1382/1883 1908/1304/1882
f 1921/1286/1895 1909/1382/1883 1922/1305/1896
f 1922/1305/1896 1923/1288/1897 1921/1286/1895
f 1923/1288/1897 1982/1287/1945 1921/1286/1895
f 1982/1287/1945 1923/1288/1897 1925/1289/1899
f 1983/1284/1946 1982/1287/1945 1925/1289/1899
f 1984/1290/1947 1983/1284/1946 1925/1289/1899
f 1925/1289/1899 1926/1302/1900 1984/1290/1947
f 1926/1302/1900 1985/1298/1948 1984/1290/1947
f 1935/1301/1909 1985/1298/1948 1926/1302/1900
f 1986/1291/1949 1985/1298/1948 1935/1301/1909
f 1986/1291/1949 1935/1301/1909 1981/1300/1944
f 1981/1300/1944 1987/1292/1950 1986/1291/1949
f 1979/1299/1942 1987/1292/1950 1981/1300/1944
f 1987/1292/1950 1979/1299/1942 1975/1293/1939
f 1988/1278/1951 1987/1292/1950 1975/1293/1939
f 1988/1278/1951 1975/1293/1939 1989/1280/1952
f 1988/1278/1951 1989/1280/1952 1990/1269/1953
f 1986/1291/1949 1984/1290/1947 1985/1298/1948
f 1991/1283/1954 1983/1284/1946 1992/1282/1955
f 1992/1282/1955 1983/1284/1946 1984/1290/1947
f 1992/1282/1955 1984/1290/1947 1986/1291/1949
f 1986/1291/1949 1993/1279/1956 1992/1282/1955
f 1987/1292/1950 1993/1279/1956 1986/1291/1949
f 1993/1279/1956 1987/1292/1950 1988/1278/1951
f 1990/1269/1953 1993/1279/1956 1988/1278/1951
f 1994/1281/1957 1993/1279/1956 1990/1269/1953
f 1990/1269/1953 1995/1268/1958 1994/1281/1957
f 1994/1281/1957 1995/1268/1958 1996/1285/1959
f 1995/1268/1958 1997/1270/1960 1996/1285/1959
f 1997/1270/1960 1995/1268/1958 1998/1262/1961
f 1998/1262/1961 1999/1271/1962 1997/1270/1960
f 2000/1274/1963 1999/1271/1962 1998/1262/1961
f 2000/1274/1963 2001/1273/1893 1999/1271/1962
f 2001/1273/1893 2000/1274/1963 2002/1277/1964
f 2000/1274/1963 2003/1275/1965 2002/1277/1964
f 2002/1277/1964 2003/1275/1965 2004/1276/1966
f 1993/1279/1956 1994/1281/1957 1992/1282/1955
f 1992/1282/1955 1994/1281/1957 1991/1283/1954
f 1994/1281/1957 1996/1285/1959 1991/1283/1954
f 2001/1273/1893 2005/1272/1967 1999/1271/1962
f 2003/1275/1965 2006/1261/1968 2007/1260/1969
f 2000/1274/1963 1998/1262/1961 2003/1275/1965
f 1998/1262/1961 2006/1261/1968 2003/1275/1965
f 1998/1262/1961 2008/1245/1970 2006/1261/1968
f 2006/1261/1968 2008/1245/1970 2009/1246/1971
f 2006/1261/1968 2009/1246/1971 2007/1260/1969
f 2007/1260/1969 2009/1246/1971 2010/1247/1972
f 2003/1275/1965 2007/1260/1969 2004/1276/1966
f 2004/1276/1966 2007/1260/1969 2011/1259/1973
f 2007/1260/1969 2010/1247/1972 2011/1259/1973
f 2011/1259/1973 2010/1247/1972 2012/1249/1974
f 2010/1247/1972 2013/1248/1975 2012/1249/1974
f 2010/1247/1972 2014/1238/1976 2013/1248/1975
f 2009/1246/1971 2014/1238/1976 2010/1247/1972
f 2009/1246/1971 2015/1235/1977 2014/1238/1976
f 2008/1245/1970 2015/1235/1977 2009/1246/1971
f 2008/1245/1970 2016/1237/1978 2015/1235/1977
f 2017/1243/1979 2016/1237/1978 2008/1245/1970
f 2018/1244/1980 2016/1237/1978 2017/1243/1979
f 2018/1244/1980 2017/1243/1979 2019/1242/1981
f 2019/1242/1981 2017/1243/1979 2020/1241/1982
f 2019/1242/1981 2020/1241/1982 2021/1239/1983
f 2020/1241/1982 2022/1240/1984 2021/1239/1983
f 2023/1297/1848 2021/1239/1983 2022/1240/1984
f 2024/1296/1847 2023/1297/1848 2022/1240/1984
f 2024/1296/1847 2022/1240/1984 2025/1295/1985
f 2026/1317/1986 2024/1296/1847 2025/1295/1985
f 2026/1317/1986 2025/1295/1985 1974/1316/1938
f 2025/1295/1985 1972/1294/1937 1974/1316/1938
f 2027/1264/1987 2020/1241/1982 2017/1243/1979
f 2028/1258/1988 2029/1257/1989 2021/1239/1983
f 2029/1257/1989 2019/1242/1981 2021/1239/1983
f 1989/1280/1952 2030/1267/1990 1990/1269/1953
f 1990/1269/1953 2030/1267/1990 1995/1268/1958
f 1995/1268/1958 2030/1267/1990 2031/1263/1991
f 2031/1263/1991 1998/1262/1961 1995/1268/1958
f 2032/1256/1992 1998/1262/1961 2031/1263/1991
f 2032/1256/1992 2008/1245/1970 1998/1262/1961
f 2032/1256/1992 2017/1243/1979 2008/1245/1970
f 2032/1256/1992 2031/1263/1991 2017/1243/1979
f 2017/1243/1979 2031/1263/1991 2027/1264/1987
f 2027/1264/1987 2031/1263/1991 2033/1265/1993
f 2033/1265/1993 2020/1241/1982 2027/1264/1987
f 2033/1265/1993 2022/1240/1984 2020/1241/1982
f 2022/1240/1984 2033/1265/1993 2034/1266/1994
f 2025/1295/1985 2022/1240/1984 2034/1266/1994
f 1972/1294/1937 2025/1295/1985 2034/1266/1994
f 1989/1280/1952 1972/1294/1937 2034/1266/1994
f 1975/1293/1939 1972/1294/1937 1989/1280/1952
f 1989/1280/1952 2034/1266/1994 2030/1267/1990
f 2034/1266/1994 2031/1263/1991 2030/1267/1990
f 2033/1265/1993 2031/1263/1991 2034/1266/1994
f 2035/1226/1995 2036/1223/1996 2037/1225/1997
f 2037/1225/1997 2036/1223/1996 2038/1224/1998
f 2038/1224/1998 2036/1223/1996 2039/1222/1999
f 2039/1222/1999 2036/1223/1996 2035/1226/1995
f 2040/1227/2000 2039/1222/1999 2035/1226/1995
f 2041/1234/1820 2040/1227/2000 2035/1226/1995
f 2041/1234/1820 2035/1226/1995 2042/1233/2001
f 2042/1233/2001 2035/1226/1995 2043/1232/1809
f 2035/1226/1995 2037/1225/1997 2043/1232/1809
f 2043/1232/1809 2037/1225/1997 2044/1231/2002
f 2044/1231/2002 2037/1225/1997 2038/1224/1998
f 2045/1230/1806 2044/1231/2002 2038/1224/1998
f 2045/1230/1806 2038/1224/1998 2046/1229/2003
f 2038/1224/1998 2039/1222/1999 2046/1229/2003
f 2046/1229/2003 2039/1222/1999 2047/1228/1824
f 2047/1228/1824 2039/1222/1999 2040/1227/2000
f 2016/1237/1978 2048/1236/2004 2015/1235/1977
f 2015/1235/1977 2048/1236/2004 2014/1238/1976
f 2014/1238/1976 2048/1236/2004 2049/1414/2005
f 2014/1238/1976 2049/1414/2005 2013/1248/1975
f 2013/1248/1975 2049/1414/2005 2050/1251/2006
f 2049/1414/2005 2051/1415/2007 2050/1251/2006
f 2050/1251/2006 2051/1415/2007 2052/1253/2008
f 2051/1415/2007 2053/1416/2009 2052/1253/2008
f 2052/1253/2008 2053/1416/2009 2054/1255/2010
f 2053/1416/2009 2055/1417/2011 2054/1255/2010
f 2049/1414/2005 2048/1236/2004 2051/1415/2007
f 2048/1236/2004 2056/1418/2012 2051/1415/2007
f 2051/1415/2007 2056/1418/2012 2053/1416/2009
f 2056/1418/2012 2057/1419/2013 2053/1416/2009
f 2053/1416/2009 2057/1419/2013 2055/1417/2011
f 2057/1419/2013 2058/1420/2014 2055/1417/2011
f 2058/1420/2014 2059/1421/2015 2055/1417/2011
f 2055/1417/2011 2059/1421/2015 2060/1422/2016
f 2054/1255/2010 2055/1417/2011 2060/1422/2016
f 2054/1255/2010 2060/1422/2016 2061/1423/2017
f 2054/1255/2010 2061/1423/2017 2062/1424/2018
f 2063/1254/2019 2054/1255/2010 2062/1424/2018
f 2052/1253/2008 2054/1255/2010 2063/1254/2019
f 2064/1252/2020 2052/1253/2008 2063/1254/2019
f 2050/1251/2006 2052/1253/2008 2064/1252/2020
f 2065/1250/2021 2050/1251/2006 2064/1252/2020
f 2013/1248/1975 2050/1251/2006 2065/1250/2021
f 2012/1249/1974 2013/1248/1975 2065/1250/2021
f 2066/1407/2022 2067/1406/2023 2068/1405/1954
f 2066/1407/2022 2069/1408/2024 2067/1406/2023
f 2066/1407/2022 2070/1409/1895 2069/1408/2024
f 2066/1407/2022 2071/1410/2025 2070/1409/1895
f 2066/1407/2022 2072/1411/2026 2071/1410/2025
f 2073/1412/2027 2072/1411/2026 2066/1407/2022
f 2074/1413/2028 2073/1412/2027 2066/1407/2022
f 2074/1413/2028 2066/1407/2022 2068/1405/1954
f 2075/1425/2029 2076/1426/2030 2077/1427/2031
f 2075/1425/2029 2078/1428/2032 2076/1426/2030
f 2075/1425/2029 2079/1429/2033 2078/1428/2032
f 2080/1430/2034 2079/1429/2033 2075/1425/2029
f 2080/1430/2034 2075/1425/2029 2081/1431/2035
f 2075/1425/2029 2082/1432/2036 2081/1431/2035
f 2075/1425/2029 2083/1433/2037 2082/1432/2036
f 2075/1425/2029 2084/1434/2038 2083/1433/2037
f 2075/1425/2029 2085/1435/2039 2084/1434/2038
f 2075/1425/2029 2086/1436/2040 2085/1435/2039
f 2075/1425/2029 2087/1437/2041 2086/1436/2040
f 2075/1425/2029 2088/1438/2042 2087/1437/2041
f 2075/1425/2029 2077/1427/2031 2088/1438/2042
f 2089/1439/2043 2090/1440/2044 2091/1441/2045
f 2089/1439/2043 2092/1442/2046 2090/1440/2044
f 2092/1442/2046 2093/1443/2047 2090/1440/2044
f 2092/1442/2046 2094/1444/2048 2093/1443/2047
f 2094/1444/2048 2095/1445/2049 2093/1443/2047
f 2094/1444/2050 2096/1446/2051 2095/1445/2052
f 2097/1447/2051 2098/1448/2053 2099/1449/2052
f 2097/1447/2051 2100/1450/2054 2098/1448/2053
f 2100/1450/2054 2101/1451/2055 2098/1448/2053
f 2100/1450/2054 2102/1452/2056 2101/1451/2055
f 2102/1452/2056 2103/1453/2057 2101/1451/2055
f 2102/1452/2056 2104/1454/2058 2103/1453/2057
f 2104/1454/2058 2105/1455/2059 2103/1453/2057
f 2104/1454/2058 2106/1456/2060 2105/1455/2059
f 2106/1456/2060 2107/1457/2061 2105/1455/2059
f 2106/1456/2060 2108/1458/2062 2107/1457/2061
f 2108/1458/2062 2109/1459/2063 2107/1457/2061
f 2108/1458/2062 2110/1460/2064 2109/1459/2063
f 2110/1460/2064 2111/1461/2065 2109/1459/2063
f 2110/1460/2064 2112/1462/2066 2111/1461/2065
f 2112/1462/2066 2113/1463/2067 2111/1461/2065
f 2112/1462/2066 2114/1464/2068 2113/1463/2067
f 2114/1464/2068 2091/1441/2045 2113/1463/2067
f 2114/1464/2068 2089/1439/2043 2091/1441/2045
f 2115/1465/2069 2116/1466/2070 2117/1467/2071
f 2115/1465/2069 2118/1468/2072 2116/1466/2070
f 2118/1468/2072 2119/1469/2073 2116/1466/2070
f 2118/1468/2072 2120/1470/2074 2119/1469/2073
f 2120/1470/2074 2121/1471/2075 2119/1469/2073
f 2120/1470/2074 2122/1472/2076 2121/1471/2075
f 2122/1472/2076 2123/1473/2077 2121/1471/2075
f 2122/1472/2076 2124/1474/2078 2123/1473/2077
f 2124/1474/2078 2125/1475/2079 2123/1473/2077
f 2124/1474/2078 2126/1476/2080 2125/1475/2079
f 2126/1476/2080 2127/1477/2081 2125/1475/2079
f 2126/1476/2080 2128/1478/2082 2127/1477/2081
f 2129/1479/2083 2127/1477/2081 2128/1478/2082
f 2129/1479/2083 2130/1480/2084 2127/1477/2081
f 2105/1455/2085 2124/1474/2078 2122/1472/2076
f 2103/1453/2086 2105/1455/2085 2122/1472/2076
f 2103/1453/2086 2122/1472/2076 2120/1470/2074
f 2101/1451/2087 2103/1453/2086 2120/1470/2074
f 2101/1451/2087 2120/1470/2074 2118/1468/2072
f 2098/1448/2088 2101/1451/2087 2118/1468/2072
f 2098/1448/2088 2118/1468/2072 2115/1465/2069
f 2099/1449/2089 2098/1448/2088 2115/1465/2069
f 2099/1449/2090 2115/1465/2069 2131/1481/2091
f 2131/1481/2091 2115/1465/2069 2117/1467/2071
f 2131/1481/2091 2117/1467/2071 2132/1482/2092
f 2132/1482/2092 2133/1483/2093 2134/1484/2094
f 2132/1482/2092 2117/1467/2071 2133/1483/2093
f 2117/1467/2071 2135/1485/2095 2133/1483/2093
f 2117/1467/2071 2116/1466/2070 2135/1485/2095
f 2116/1466/2070 2136/1486/2096 2135/1485/2095
f 2116/1466/2070 2119/1469/2073 2136/1486/2096
f 2119/1469/2073 2137/1487/2097 2136/1486/2096
f 2119/1469/2073 2121/1471/2075 2137/1487/2097
f 2121/1471/2075 2138/1488/2098 2137/1487/2097
f 2121/1471/2075 2123/1473/2077 2138/1488/2098
f 2123/1473/2077 2139/1489/2099 2138/1488/2098
f 2123/1473/2077 2125/1475/2079 2139/1489/2099
f 2139/1489/2099 2125/1475/2079 2140/1490/2100
f 2141/1491/2101 2140/1490/2100 2125/1475/2079
f 2125/1475/2079 2142/1492/2102 2141/1491/2101
f 2125/1475/2079 2127/1477/2081 2142/1492/2102
f 2127/1477/2081 2143/1493/2103 2142/1492/2102
f 2127/1477/2081 2130/1480/2084 2143/1493/2103
f 2144/1494/2104 2143/1493/2103 2130/1480/2084
f 2130/1480/2084 2145/1495/2105 2144/1494/2104
f 2093/1443/2106 2095/1445/2089 2146/1496/2107
f 2093/1443/2106 2146/1496/2107 2147/1497/2108
f 2147/1497/2108 2146/1496/2107 2148/1498/2109
f 2147/1497/2108 2148/1498/2109 2149/1499/2110
f 2149/1499/2110 2148/1498/2109 2150/1500/2094
f 2149/1499/2110 2150/1500/2094 2145/1495/2105
f 2151/1501/2111 2149/1499/2110 2145/1495/2105
f 2130/1480/2084 2151/1501/2111 2145/1495/2105
f 2152/1502/2112 2151/1501/2111 2130/1480/2084
f 2129/1479/2083 2152/1502/2112 2130/1480/2084
f 2113/1463/2113 2152/1502/2112 2129/1479/2083
f 2111/1461/2114 2113/1463/2113 2129/1479/2083
f 2111/1461/2114 2129/1479/2083 2128/1478/2082
f 2109/1459/2115 2111/1461/2114 2128/1478/2082
f 2109/1459/2115 2128/1478/2082 2126/1476/2080
f 2107/1457/2116 2109/1459/2115 2126/1476/2080
f 2107/1457/2116 2126/1476/2080 2124/1474/2078
f 2105/1455/2085 2107/1457/2116 2124/1474/2078
f 2090/1440/2117 2093/1443/2106 2147/1497/2108
f 2090/1440/2117 2147/1497/2108 2153/1503/2118
f 2153/1503/2118 2147/1497/2108 2149/1499/2110
f 2153/1503/2118 2149/1499/2110 2151/1501/2111
f 2152/1502/2112 2153/1503/2118 2151/1501/2111
f 2091/1441/2119 2153/1503/2118 2152/1502/2112
f 2113/1463/2113 2091/1441/2119 2152/1502/2112
f 2091/1441/2119 2090/1440/2117 2153/1503/2118
f 2154/1504/2120 2155/1505/2121 2156/1506/2122
f 2155/1505/2121 2154/1504/2120 2157/1507/2123
f 2158/1508/2124 2157/1507/2123 2154/1504/2120
f 2158/1508/2124 2159/1509/2125 2157/1507/2123
f 2160/1510/2126 2161/1511/2127 2162/1512/2128
f 2162/1512/2128 2163/1513/2129 2160/1510/2126
f 2164/1514/2130 2160/1510/2126 2163/1513/2129
f 2164/1514/2130 2165/1515/2131 2160/1510/2126
f 2165/1515/2131 2164/1514/2130 2166/1516/2132
f 2165/1515/2131 2166/1516/2132 2167/1517/2133
f 2168/1518/2134 2167/1517/2133 2166/1516/2132
f 2167/1517/2133 2168/1518/2134 2169/1519/2135
f 2156/1506/2122 2169/1519/2135 2168/1518/2134
f 2170/1520/2136 2169/1519/2135 2156/1506/2122
f 2170/1520/2136 2156/1506/2122 2155/1505/2121
f 2171/1521/2137 2170/1520/2136 2155/1505/2121
f 2157/1507/2123 2171/1521/2137 2155/1505/2121
f 2157/1507/2123 2172/1522/2138 2171/1521/2137
f 2159/1509/2125 2172/1522/2138 2157/1507/2123
f 2159/1509/2125 2173/1523/2139 2172/1522/2138
f 2174/1524/2140 2165/1515/2131 2167/1517/2133
f 2175/1525/2141 2165/1515/2131 2174/1524/2140
f 2175/1525/2141 2160/1510/2126 2165/1515/2131
f 2160/1510/2126 2175/1525/2141 2161/1511/2127
f 2162/1512/2128 2176/1526/2142 2163/1513/2129
f 2177/1527/2143 2176/1526/2142 2162/1512/2128
f 2178/1528/2144 2167/1517/2133 2169/1519/2135
f 2174/1524/2140 2167/1517/2133 2178/1528/2144
f 2179/1529/2145 2174/1524/2140 2178/1528/2144
f 2175/1525/2141 2174/1524/2140 2179/1529/2145
f 2175/1525/2141 2179/1529/2145 2180/1530/2146
f 2180/1530/2146 2161/1511/2127 2175/1525/2141
f 2180/1530/2146 2181/1531/2147 2161/1511/2127
f 2181/1531/2147 2182/1532/2148 2161/1511/2127
f 2181/1531/2147 2183/1533/2149 2182/1532/2148
f 2184/1534/2150 2182/1532/2148 2183/1533/2149
f 2184/1534/2150 2185/1535/2151 2182/1532/2148
f 2186/1536/2152 2185/1535/2151 2184/1534/2150
f 2185/1535/2151 2186/1536/2152 2187/1537/2153
f 2185/1535/2151 2187/1537/2153 2188/1538/2154
f 2182/1532/2148 2185/1535/2151 2188/1538/2154
f 2188/1538/2154 2177/1527/2143 2182/1532/2148
f 2161/1511/2127 2182/1532/2148 2177/1527/2143
f 2161/1511/2127 2177/1527/2143 2162/1512/2128
f 2186/1536/2152 2184/1534/2150 2189/1539/2155
f 2190/1540/2156 2183/1533/2149 2181/1531/2147
f 2190/1540/2156 2181/1531/2147 2180/1530/2146
f 2190/1540/2156 2180/1530/2146 2191/1541/2157
f 2179/1529/2145 2191/1541/2157 2180/1530/2146
f 2191/1541/2157 2179/1529/2145 2192/1542/2158
f 2193/1543/2159 2192/1542/2158 2179/1529/2145
f 2193/1543/2159 2179/1529/2145 2194/1544/2160
f 2179/1529/2145 2178/1528/2144 2194/1544/2160
f 2194/1544/2160 2178/1528/2144 2170/1520/2136
f 2178/1528/2144 2169/1519/2135 2170/1520/2136
f 2193/1543/2159 2194/1544/2160 2195/1545/2161
f 2193/1543/2159 2195/1545/2161 2196/1546/2162
f 2196/1546/2162 2195/1545/2161 2171/1521/2137
f 2171/1521/2137 2195/1545/2161 2170/1520/2136
f 2194/1544/2160 2170/1520/2136 2195/1545/2161
f 2197/1547/2163 2198/1548/2164 2199/1549/2165
f 2200/1550/2166 2198/1548/2164 2197/1547/2163
f 2201/1551/2167 2198/1548/2164 2200/1550/2166
f 2202/1552/2168 2198/1548/2164 2201/1551/2167
f 2203/1553/2169 2198/1548/2164 2202/1552/2168
f 2204/1554/2170 2198/1548/2164 2203/1553/2169
f 2205/1555/2171 2198/1548/2164 2204/1554/2170
f 2199/1549/2165 2198/1548/2164 2206/1556/2172
f 2206/1556/2172 2198/1548/2164 2207/1557/2173
f 2207/1557/2173 2198/1548/2164 2208/1558/2174
f 2209/1559/2175 2198/1548/2176 2210/1560/2177
f 2210/1560/2177 2198/1548/2176 2211/1561/2178
f 2211/1561/2178 2198/1548/2176 2212/1562/2179
f 2213/1351/2180 2214/1350/2181 2215/1349/2182
f 2215/1349/2182 2214/1350/2181 1918/1355/1892
f 1918/1355/1892 2214/1350/2181 2216/1354/2183
f 2216/1354/2183 2214/1350/2181 2217/1353/2015
f 2217/1353/2015 2214/1350/2181 2218/1352/2184
f 2218/1352/2184 2214/1350/2181 2213/1351/2180
f 1897/1357/1871 1907/1402/1881 1918/1355/1892
f 1918/1355/1892 2216/1354/2183 1897/1357/1871
f 1897/1357/1871 2216/1354/2183 1899/1356/1873
f 1899/1356/1873 2216/1354/2183 2217/1353/2015
f 2219/1358/2185 1899/1356/1873 2217/1353/2015
f 1893/1359/1867 1899/1356/1873 2219/1358/2185
f 2220/1360/2186 1893/1359/1867 2219/1358/2185
f 1886/1361/1860 1893/1359/1867 2220/1360/2186
f 2221/1362/2012 1886/1361/1860 2220/1360/2186
f 1884/1363/1858 1886/1361/1860 2221/1362/2012
f 2222/1364/2004 1884/1363/1858 2221/1362/2012
f 2223/1365/2187 1884/1363/1858 2222/1364/2004
f 2223/1365/2187 1887/1366/1861 1884/1363/1858
f 2224/1367/1980 1887/1366/1861 2223/1365/2187
f 2224/1367/1980 1888/1368/1862 1887/1366/1861
f 1888/1368/1862 2224/1367/1980 1946/1369/1920
f 2225/1563/2188 2226/1564/2189 2227/1565/2190
f 2225/1563/2188 2228/1566/2191 2226/1564/2189
f 2228/1566/2191 2229/1567/2192 2226/1564/2189
f 2228/1566/2191 2230/1568/2193 2229/1567/2192
f 2230/1568/2193 2231/1569/2194 2229/1567/2192
f 2232/1570/2195 2226/1564/2189 2229/1567/2192
f 2232/1570/2195 2233/1571/2196 2226/1564/2189
f 2233/1571/2196 2227/1565/2190 2226/1564/2189
f 2233/1571/2196 2234/1572/2197 2227/1565/2190
f 2234/1572/2197 2235/1573/2198 2227/1565/2190
f 2234/1572/2197 2236/1574/2199 2235/1573/2198
f 2237/1575/2200 2227/1565/2190 2235/1573/2198
f 2237/1575/2200 2225/1563/2188 2227/1565/2190
f 2238/1576/2201 2225/1563/2188 2237/1575/2200
f 2238/1576/2201 2239/1577/2202 2225/1563/2188
f 2239/1577/2202 2228/1566/2191 2225/1563/2188
f 2239/1577/2202 2240/1578/2203 2228/1566/2191
f 2240/1578/2203 2230/1568/2193 2228/1566/2191
f 2240/1578/2203 2241/1579/2204 2230/1568/2193
f 2241/1579/2204 2242/1580/2205 2230/1568/2193
f 2230/1568/2193 2242/1580/2205 2231/1569/2194
f 2243/1581/2206 2231/1569/2194 2242/1580/2205
f 2243/1581/2206 2244/1582/2207 2231/1569/2194
f 2243/1581/2206 2245/1583/2208 2244/1582/2207
f 2243/1581/2206 2246/1584/2209 2245/1583/2208
f 2246/1584/2209 2247/1585/2210 2245/1583/2208
f 2246/1584/2209 2248/1586/2211 2247/1585/2210
f 2248/1586/2211 2249/1587/2212 2247/1585/2210
f 2248/1586/2211 2250/1588/2213 2249/1587/2212
f 2241/1579/2204 2251/1589/2214 2242/1580/2205
f 2252/1590/2215 2242/1580/2205 2251/1589/2214
f 2252/1590/2215 2243/1581/2206 2242/1580/2205
f 2252/1590/2215 2253/1591/2216 2243/1581/2206
f 2253/1591/2216 2246/1584/2209 2243/1581/2206
f 2253/1591/2216 2254/1592/2217 2246/1584/2209
f 2254/1592/2217 2248/1586/2211 2246/1584/2209
f 2254/1592/2217 2255/1593/2218 2248/1586/2211
f 2255/1593/2218 2250/1588/2213 2248/1586/2211
f 2255/1593/2218 2256/1594/2219 2250/1588/2213
f 2250/1588/2213 2257/1595/2220 2249/1587/2212
f 2250/1588/2213 2258/1596/2221 2257/1595/2220
f 2256/1594/2219 2258/1596/2221 2250/1588/2213
f 2256/1594/2219 2259/1597/2222 2258/1596/2221
f 2259/1597/2222 2260/1598/2223 2261/1599/2200
f 2259/1597/2222 2261/1599/2200 2258/1596/2221
f 2258/1596/2221 2261/1599/2200 2262/1600/2224
f 2258/1596/2221 2262/1600/2224 2257/1595/2220
f 2263/1601/2225 2257/1595/2220 2262/1600/2224
f 2263/1601/2225 2264/1602/2226 2257/1595/2220
f 2264/1602/2226 2249/1587/2212 2257/1595/2220
f 2264/1602/2226 2265/1603/2227 2249/1587/2212
f 2265/1603/2227 2247/1585/2210 2249/1587/2212
f 2265/1603/2227 2266/1604/2228 2247/1585/2210
f 2266/1604/2228 2245/1583/2208 2247/1585/2210
f 2266/1604/2228 2267/1605/2229 2245/1583/2208
f 2267/1605/2229 2244/1582/2207 2245/1583/2208
f 2267/1605/2229 2268/1606/2230 2244/1582/2207
f 2268/1606/2230 2231/1569/2194 2244/1582/2207
f 2268/1606/2230 2269/1607/2231 2231/1569/2194
f 2269/1607/2231 2229/1567/2192 2231/1569/2194
f 2269/1607/2231 2232/1570/2195 2229/1567/2192
f 2270/1608/2232 2271/1609/2233 2272/1610/2234
f 2272/1610/2234 2273/1611/2235 2270/1608/2232
f 2274/1612/2236 2271/1609/2233 2275/1613/2237
f 2276/1614/2238 2277/1615/2239 2278/1616/2240
f 2279/1617/2241 2276/1614/2238 2278/1616/2240
f 2276/1614/2238 2279/1617/2241 2280/1618/2242
f 2281/1614/2243 2280/1618/2242 2279/1617/2241
f 2281/1614/2243 2282/1619/2244 2280/1618/2242
f 2281/1614/2243 2270/1608/2232 2282/1619/2244
f 2270/1608/2232 2283/1620/2245 2282/1619/2244
f 2283/1620/2245 2270/1608/2232 2273/1611/2235
f 2284/1621/2246 2283/1620/2245 2273/1611/2235
f 2272/1610/2234 2284/1621/2246 2273/1611/2235
f 2285/1622/2247 2284/1621/2246 2272/1610/2234
f 2271/1609/2233 2285/1622/2247 2272/1610/2234
f 2271/1609/2233 2286/1623/2248 2285/1622/2247
f 2271/1609/2233 2274/1612/2236 2286/1623/2248
f 2274/1612/2236 2287/1624/2249 2286/1623/2248
f 2274/1612/2236 2288/1625/2250 2287/1624/2249
f 2287/1624/2249 2288/1625/2250 2289/1626/2251
f 2287/1624/2249 2289/1626/2251 2290/1627/2252
f 2287/1624/2249 2285/1622/2247 2286/1623/2248
f 2280/1618/2242 2282/1619/2244 2283/1620/2245
f 2283/1620/2245 2291/1628/2253 2280/1618/2242
f 2292/1629/2254 2291/1628/2253 2283/1620/2245
f 2284/1621/2246 2292/1629/2254 2283/1620/2245
f 2284/1621/2246 2285/1622/2247 2293/1630/2255
f 2294/1631/2256 2293/1630/2255 2285/1622/2247
f 2285/1622/2247 2287/1624/2249 2294/1631/2256
f 2287/1624/2249 2295/1632/2257 2294/1631/2256
f 2295/1632/2257 2287/1624/2249 2290/1627/2252
f 2290/1627/2252 2296/1631/2258 2295/1632/2257
f 2289/1626/2251 2297/1612/2259 2298/1622/2260
f 2289/1626/2251 2298/1622/2260 2290/1627/2252
f 2290/1627/2252 2298/1622/2260 2296/1631/2258
f 2296/1631/2258 2298/1622/2260 2299/1633/2261
f 2300/1630/2262 2299/1633/2261 2298/1622/2260
f 2300/1630/2262 2298/1622/2260 2301/1610/2263
f 2302/1621/2264 2300/1630/2262 2301/1610/2263
f 2302/1621/2264 2301/1610/2263 2303/1611/2265
f 2304/1620/2266 2302/1621/2264 2303/1611/2265
f 2304/1620/2266 2303/1611/2265 2305/1608/2267
f 2305/1608/2267 2306/1619/2268 2304/1620/2266
f 2306/1619/2268 2305/1608/2267 2276/1614/2238
f 2306/1619/2268 2276/1614/2238 2280/1618/2242
f 2306/1619/2268 2280/1618/2242 2304/1620/2266
f 2280/1618/2242 2291/1628/2253 2304/1620/2266
f 2291/1628/2253 2307/1629/2269 2304/1620/2266
f 2307/1629/2269 2302/1621/2264 2304/1620/2266
f 2308/1609/2270 2297/1612/2259 2309/1613/2271
f 2297/1612/2259 2308/1609/2270 2310/1623/2272
f 2297/1612/2259 2310/1623/2272 2298/1622/2260
f 2310/1623/2272 2301/1610/2263 2298/1622/2260
f 2308/1609/2270 2301/1610/2263 2310/1623/2272
f 2308/1609/2270 2305/1608/2267 2301/1610/2263
f 2301/1610/2263 2305/1608/2267 2303/1611/2265
f 2311/1634/2273 2275/1613/2237 2271/1609/2233
f 2311/1634/2273 2312/1635/2274 2275/1613/2237
f 2274/1612/2236 2275/1613/2237 2312/1635/2274
f 2274/1612/2236 2312/1635/2274 2313/1636/2275
f 2288/1625/2250 2274/1612/2236 2313/1636/2275
f 2288/1625/2250 2313/1636/2275 2314/1637/2276
f 2315/1638/2277 2288/1625/2250 2314/1637/2276
f 2315/1638/2277 2289/1626/2251 2288/1625/2250
f 2316/1636/2278 2289/1626/2251 2315/1638/2277
f 2316/1636/2278 2297/1612/2259 2289/1626/2251
f 2297/1612/2259 2316/1636/2278 2317/1635/2279
f 2297/1612/2259 2317/1635/2279 2309/1613/2271
f 2309/1613/2271 2317/1635/2279 2318/1634/2280
f 2308/1609/2270 2309/1613/2271 2318/1634/2280
f 2318/1634/2280 2319/1639/2281 2308/1609/2270
f 2308/1609/2270 2319/1639/2281 2305/1608/2267
f 2277/1615/2239 2305/1608/2267 2319/1639/2281
f 2276/1614/2238 2305/1608/2267 2277/1615/2239
f 2277/1615/2239 2319/1639/2281 2318/1634/2280
f 2320/1640/2282 2317/1635/2279 2321/1640/2283
f 2321/1640/2283 2317/1635/2279 2316/1636/2278
f 2321/1640/2283 2316/1636/2278 2322/1641/2179
f 2316/1636/2278 2323/1642/2284 2322/1641/2179
f 2316/1636/2278 2315/1638/2277 2323/1642/2284
f 2315/1638/2277 2324/1643/2285 2323/1642/2284
f 2315/1638/2277 2314/1637/2276 2324/1643/2285
f 2314/1637/2276 2325/1641/2175 2324/1643/2285
f 2314/1637/2276 2313/1636/2275 2325/1641/2175
f 2313/1636/2275 2326/1640/2286 2325/1641/2175
f 2313/1636/2275 2312/1635/2274 2326/1640/2286
f 2327/1644/2287 2326/1640/2286 2312/1635/2274
f 2327/1644/2287 2312/1635/2274 2311/1634/2273
f 2311/1634/2273 2328/1645/2288 2327/1644/2287
f 2311/1634/2273 2329/1615/2289 2328/1645/2288
f 2329/1615/2289 2330/1646/2290 2328/1645/2288
f 2329/1615/2289 2331/1616/2291 2330/1646/2290
f 2332/1647/2292 2330/1646/2290 2331/1616/2291
f 2329/1615/2289 2311/1634/2273 2333/1639/2293
f 2332/1647/2292 2334/1648/2294 2330/1646/2290
f 2330/1646/2290 2334/1648/2294 2335/1649/2295
f 2330/1646/2290 2335/1649/2295 2336/1650/2296
f 2330/1646/2290 2336/1650/2296 2328/1645/2288
f 2337/1651/2297 2328/1645/2288 2336/1650/2296
f 2328/1645/2288 2337/1651/2297 2327/1644/2287
f 2326/1640/2286 2327/1644/2287 2337/1651/2297
f 2338/1652/2298 2332/1647/2292 2339/1653/2299
f 2340/1654/2300 2332/1647/2292 2331/1616/2291
f 2340/1654/2300 2339/1653/2299 2332/1647/2292
f 2341/1647/2301 2339/1653/2299 2340/1654/2300
f 2341/1647/2301 2338/1652/2298 2339/1653/2299
f 2342/1655/2302 2338/1652/2298 2341/1647/2301
f 2338/1652/2298 2342/1655/2302 2343/1656/2303
f 2342/1655/2302 2344/1648/2304 2343/1656/2303
f 2344/1648/2304 2342/1655/2302 2341/1647/2301
f 2278/1616/2240 2344/1648/2304 2341/1647/2301
f 2341/1647/2301 2340/1654/2300 2278/1616/2240
f 2279/1617/2241 2278/1616/2240 2340/1654/2300
f 2331/1616/2291 2279/1617/2241 2340/1654/2300
f 2331/1616/2291 2281/1614/2243 2279/1617/2241
f 2329/1615/2289 2281/1614/2243 2331/1616/2291
f 2329/1615/2289 2270/1608/2232 2281/1614/2243
f 2329/1615/2289 2333/1639/2293 2270/1608/2232
f 2270/1608/2232 2333/1639/2293 2271/1609/2233
f 2271/1609/2233 2333/1639/2293 2311/1634/2273
f 2343/1656/2303 2345/1657/2305 2338/1652/2298
f 2335/1649/2295 2334/1648/2294 2346/1658/2306
f 2334/1648/2294 2347/1656/2307 2346/1658/2306
f 2332/1647/2292 2347/1656/2307 2334/1648/2294
f 2332/1647/2292 2348/1655/2308 2347/1656/2307
f 2338/1652/2298 2348/1655/2308 2332/1647/2292
f 2338/1652/2298 2347/1656/2307 2348/1655/2308
f 2338/1652/2298 2345/1657/2305 2347/1656/2307
f 2347/1656/2307 2345/1657/2305 2349/1659/2309
f 2345/1657/2305 2350/1658/2310 2349/1659/2309
f 2345/1657/2305 2343/1656/2303 2350/1658/2310
f 2343/1656/2303 2351/1649/2167 2350/1658/2310
f 2343/1656/2303 2344/1648/2304 2351/1649/2167
f 2344/1648/2304 2352/1650/2311 2351/1649/2167
f 2344/1648/2304 2353/1646/2312 2352/1650/2311
f 2353/1646/2312 2354/1660/2313 2352/1650/2311
f 2353/1646/2312 2355/1661/2314 2354/1660/2313
f 2355/1661/2314 2320/1640/2282 2354/1660/2313
f 2355/1661/2314 2317/1635/2279 2320/1640/2282
f 2347/1656/2307 2349/1659/2309 2346/1658/2306
f 2317/1635/2279 2355/1661/2314 2318/1634/2280
f 2277/1615/2239 2318/1634/2280 2355/1661/2314
f 2353/1646/2312 2277/1615/2239 2355/1661/2314
f 2353/1646/2312 2278/1616/2240 2277/1615/2239
f 2278/1616/2240 2353/1646/2312 2344/1648/2304
f 2356/1629/2315 2357/1620/2316 2358/1621/2317
f 2359/1628/2318 2357/1620/2316 2356/1629/2315
f 2360/1618/2319 2357/1620/2316 2359/1628/2318
f 2361/1619/2320 2357/1620/2316 2360/1618/2319
f 2362/1615/2321 2363/1616/2322 2364/1614/2323
f 2363/1616/2322 2365/1617/2324 2364/1614/2323
f 2364/1614/2323 2365/1617/2324 2360/1618/2319
f 2366/1614/2325 2360/1618/2319 2365/1617/2324
f 2361/1619/2320 2360/1618/2319 2366/1614/2325
f 2361/1619/2320 2366/1614/2325 2367/1608/2326
f 2367/1608/2326 2357/1620/2316 2361/1619/2320
f 2357/1620/2316 2367/1608/2326 2368/1611/2327
f 2357/1620/2316 2368/1611/2327 2358/1621/2317
f 2358/1621/2317 2368/1611/2327 2369/1610/2328
f 2358/1621/2317 2369/1610/2328 2370/1630/2329
f 2370/1630/2329 2369/1610/2328 2371/1622/2330
f 2370/1630/2329 2371/1622/2330 2372/1633/2331
f 2373/1631/2332 2372/1633/2331 2371/1622/2330
f 2374/1627/2333 2373/1631/2332 2371/1622/2330
f 2374/1627/2333 2375/1632/2334 2373/1631/2332
f 2375/1632/2334 2374/1627/2333 2376/1624/2335
f 2376/1624/2335 2377/1631/2336 2375/1632/2334
f 2369/1610/2328 2368/1611/2327 2367/1608/2326
f 2366/1614/2325 2378/1615/2337 2367/1608/2326
f 2366/1614/2325 2379/1616/2338 2378/1615/2337
f 2365/1617/2324 2379/1616/2338 2366/1614/2325
f 2379/1616/2338 2380/1648/2339 2381/1646/2340
f 2381/1646/2340 2378/1615/2337 2379/1616/2338
f 2381/1646/2340 2382/1661/2341 2378/1615/2337
f 2383/1655/2342 2384/1656/2343 2380/1648/2339
f 2380/1648/2339 2385/1647/2344 2383/1655/2342
f 2379/1616/2338 2385/1647/2344 2380/1648/2339
f 2385/1647/2344 2379/1616/2338 2386/1654/2345
f 2365/1617/2324 2386/1654/2345 2379/1616/2338
f 2363/1616/2322 2386/1654/2345 2365/1617/2324
f 2387/1612/2346 2388/1623/2347 2376/1624/2335
f 2389/1657/2348 2390/1659/2349 2391/1658/2350
f 2389/1657/2348 2391/1658/2350 2384/1656/2343
f 2384/1656/2343 2391/1658/2350 2392/1649/2351
f 2384/1656/2343 2392/1649/2351 2380/1648/2339
f 2380/1648/2339 2392/1649/2351 2393/1650/2352
f 2380/1648/2339 2393/1650/2352 2381/1646/2340
f 2381/1646/2340 2393/1650/2352 2394/1660/2353
f 2381/1646/2340 2394/1660/2353 2382/1661/2341
f 2382/1661/2341 2394/1660/2353 2395/1640/2354
f 2382/1661/2341 2395/1640/2354 2396/1635/2355
f 2395/1640/2354 2397/1640/2356 2396/1635/2355
f 2397/1640/2356 2398/1636/2357 2396/1635/2355
f 2397/1640/2356 2399/1641/2358 2398/1636/2357
f 2398/1636/2357 2399/1641/2358 2400/1642/2359
f 2398/1636/2357 2400/1642/2359 2401/1638/2360
f 2401/1638/2360 2400/1642/2359 2402/1643/2361
f 2401/1638/2360 2402/1643/2361 2403/1637/2362
f 2403/1637/2362 2402/1643/2361 2404/1641/2363
f 2405/1625/2364 2403/1637/2362 2406/1636/2365
f 2401/1638/2360 2403/1637/2362 2405/1625/2364
f 2401/1638/2360 2405/1625/2364 2407/1626/2366
f 2398/1636/2357 2401/1638/2360 2407/1626/2366
f 2398/1636/2357 2407/1626/2366 2408/1612/2367
f 2408/1612/2367 2396/1635/2355 2398/1636/2357
f 2403/1637/2362 2404/1641/2363 2406/1636/2365
f 2406/1636/2365 2404/1641/2363 2409/1640/2368
f 2406/1636/2365 2409/1640/2368 2410/1635/2369
f 2411/1644/2370 2410/1635/2369 2409/1640/2368
f 2409/1640/2368 2412/1651/2371 2411/1644/2370
f 2413/1623/2372 2371/1622/2330 2369/1610/2328
f 2414/1609/2373 2413/1623/2372 2369/1610/2328
f 2414/1609/2373 2369/1610/2328 2367/1608/2326
f 2414/1609/2373 2367/1608/2326 2415/1639/2374
f 2378/1615/2337 2415/1639/2374 2367/1608/2326
f 2378/1615/2337 2416/1634/2375 2415/1639/2374
f 2378/1615/2337 2382/1661/2341 2416/1634/2375
f 2396/1635/2355 2416/1634/2375 2382/1661/2341
f 2417/1613/2376 2416/1634/2375 2396/1635/2355
f 2408/1612/2367 2417/1613/2376 2396/1635/2355
f 2414/1609/2373 2417/1613/2376 2408/1612/2367
f 2408/1612/2367 2413/1623/2372 2414/1609/2373
f 2408/1612/2367 2371/1622/2330 2413/1623/2372
f 2407/1626/2366 2371/1622/2330 2408/1612/2367
f 2407/1626/2366 2374/1627/2333 2371/1622/2330
f 2376/1624/2335 2374/1627/2333 2407/1626/2366
f 2376/1624/2335 2407/1626/2366 2405/1625/2364
f 2387/1612/2346 2376/1624/2335 2405/1625/2364
f 2405/1625/2364 2406/1636/2365 2387/1612/2346
f 2387/1612/2346 2406/1636/2365 2410/1635/2369
f 2414/1609/2373 2416/1634/2375 2417/1613/2376
f 2416/1634/2375 2414/1609/2373 2415/1639/2374
f 2418/1622/2377 2377/1631/2336 2376/1624/2335
f 2376/1624/2335 2388/1623/2347 2418/1622/2377
f 2419/1609/2378 2418/1622/2377 2388/1623/2347
f 2419/1609/2378 2388/1623/2347 2387/1612/2346
f 2387/1612/2346 2420/1613/2379 2419/1609/2378
f 2387/1612/2346 2410/1635/2369 2420/1613/2379
f 2421/1634/2380 2420/1613/2379 2410/1635/2369
f 2411/1644/2370 2421/1634/2380 2410/1635/2369
f 2421/1634/2380 2411/1644/2370 2422/1645/2381
f 2422/1645/2381 2411/1644/2370 2412/1651/2371
f 2412/1651/2371 2423/1650/2382 2422/1645/2381
f 2424/1646/2383 2422/1645/2381 2423/1650/2382
f 2424/1646/2383 2423/1650/2382 2425/1649/2384
f 2424/1646/2383 2425/1649/2384 2426/1648/2385
f 2425/1649/2384 2427/1658/2386 2426/1648/2385
f 2426/1648/2385 2427/1658/2386 2428/1656/2387
f 2428/1656/2387 2427/1658/2386 2390/1659/2349
f 2428/1656/2387 2390/1659/2349 2389/1657/2348
f 2419/1609/2378 2421/1634/2380 2429/1639/2388
f 2421/1634/2380 2419/1609/2378 2420/1613/2379
f 2430/1647/2389 2426/1648/2385 2428/1656/2387
f 2430/1647/2389 2424/1646/2383 2426/1648/2385
f 2384/1656/2343 2431/1652/2390 2389/1657/2348
f 2431/1652/2390 2428/1656/2387 2389/1657/2348
f 2431/1652/2390 2432/1655/2391 2428/1656/2387
f 2430/1647/2389 2428/1656/2387 2432/1655/2391
f 2431/1652/2390 2430/1647/2389 2432/1655/2391
f 2431/1652/2390 2433/1653/2392 2430/1647/2389
f 2377/1631/2336 2418/1622/2377 2434/1630/2393
f 2435/1621/2394 2434/1630/2393 2418/1622/2377
f 2418/1622/2377 2436/1610/2395 2435/1621/2394
f 2419/1609/2378 2436/1610/2395 2418/1622/2377
f 2437/1608/2396 2436/1610/2395 2419/1609/2378
f 2437/1608/2396 2419/1609/2378 2429/1639/2388
f 2362/1615/2321 2437/1608/2396 2429/1639/2388
f 2362/1615/2321 2429/1639/2388 2421/1634/2380
f 2421/1634/2380 2422/1645/2381 2362/1615/2321
f 2362/1615/2321 2422/1645/2381 2424/1646/2383
f 2362/1615/2321 2424/1646/2383 2363/1616/2322
f 2430/1647/2389 2363/1616/2322 2424/1646/2383
f 2386/1654/2345 2363/1616/2322 2430/1647/2389
f 2386/1654/2345 2430/1647/2389 2433/1653/2392
f 2385/1647/2344 2386/1654/2345 2433/1653/2392
f 2385/1647/2344 2433/1653/2392 2431/1652/2390
f 2383/1655/2342 2385/1647/2344 2431/1652/2390
f 2431/1652/2390 2384/1656/2343 2383/1655/2342
f 2362/1615/2321 2364/1614/2323 2437/1608/2396
f 2364/1614/2323 2438/1619/2397 2437/1608/2396
f 2364/1614/2323 2360/1618/2319 2438/1619/2397
f 2360/1618/2319 2439/1620/2398 2438/1619/2397
f 2439/1620/2398 2360/1618/2319 2359/1628/2318
f 2440/1629/2399 2439/1620/2398 2359/1628/2318
f 2435/1621/2394 2439/1620/2398 2440/1629/2399
f 2435/1621/2394 2441/1611/2400 2439/1620/2398
f 2436/1610/2395 2441/1611/2400 2435/1621/2394
f 2436/1610/2395 2437/1608/2396 2441/1611/2400
f 2439/1620/2398 2441/1611/2400 2437/1608/2396
f 2437/1608/2396 2438/1619/2397 2439/1620/2398
f 2442/1441/2401 2443/1440/2402 2444/1439/2403
f 2443/1440/2402 2445/1442/2404 2444/1439/2403
f 2443/1440/2402 2446/1443/2405 2445/1442/2404
f 2446/1443/2405 2447/1444/2406 2445/1442/2404
f 2446/1443/2405 2448/1445/2407 2447/1444/2406
f 2448/1445/2407 2449/1446/2408 2447/1444/2406
f 2450/1449/2409 2451/1448/2410 2452/1447/2411
f 2451/1448/2410 2453/1450/2412 2452/1447/2411
f 2451/1448/2410 2454/1451/2413 2453/1450/2412
f 2454/1451/2413 2455/1452/2414 2453/1450/2412
f 2454/1451/2413 2456/1453/2415 2455/1452/2414
f 2456/1453/2415 2457/1454/2416 2455/1452/2414
f 2456/1453/2415 2458/1455/2417 2457/1454/2416
f 2458/1455/2417 2459/1456/2418 2457/1454/2416
f 2458/1455/2417 2460/1457/2419 2459/1456/2418
f 2460/1457/2419 2461/1458/2420 2459/1456/2418
f 2460/1457/2419 2462/1459/2421 2461/1458/2420
f 2462/1459/2421 2463/1460/2422 2461/1458/2420
f 2462/1459/2421 2464/1461/2423 2463/1460/2422
f 2464/1461/2423 2465/1462/2424 2463/1460/2422
f 2464/1461/2423 2466/1463/2425 2465/1462/2424
f 2466/1463/2425 2467/1464/2426 2465/1462/2424
f 2466/1463/2425 2442/1441/2401 2467/1464/2426
f 2442/1441/2401 2444/1439/2403 2467/1464/2426
f 2468/1503/2427 2443/1440/2428 2442/1441/2429
f 2469/1502/2430 2442/1441/2429 2466/1463/2431
f 2469/1502/2430 2468/1503/2427 2442/1441/2429
f 2470/1501/2432 2468/1503/2427 2469/1502/2430
f 2470/1501/2432 2471/1499/2433 2468/1503/2427
f 2471/1499/2433 2472/1497/2434 2468/1503/2427
f 2468/1503/2427 2472/1497/2434 2443/1440/2428
f 2472/1497/2434 2446/1443/2435 2443/1440/2428
f 2473/1479/2436 2469/1502/2430 2466/1463/2431
f 2474/1480/2437 2469/1502/2430 2473/1479/2436
f 2474/1480/2437 2470/1501/2432 2469/1502/2430
f 2475/1495/2438 2470/1501/2432 2474/1480/2437
f 2475/1495/2438 2471/1499/2433 2470/1501/2432
f 2475/1495/2438 2476/1500/2439 2471/1499/2433
f 2476/1500/2439 2477/1498/2440 2471/1499/2433
f 2471/1499/2433 2477/1498/2440 2472/1497/2434
f 2477/1498/2440 2478/1496/2441 2472/1497/2434
f 2472/1497/2434 2478/1496/2441 2446/1443/2435
f 2478/1496/2441 2448/1445/2442 2446/1443/2435
f 2479/1467/2443 2480/1466/2444 2481/1465/2445
f 2480/1466/2444 2482/1468/2446 2481/1465/2445
f 2480/1466/2444 2483/1469/2447 2482/1468/2446
f 2483/1469/2447 2484/1470/2448 2482/1468/2446
f 2483/1469/2447 2485/1471/2449 2484/1470/2448
f 2485/1471/2449 2486/1472/2450 2484/1470/2448
f 2485/1471/2449 2487/1473/2451 2486/1472/2450
f 2487/1473/2451 2488/1474/2452 2486/1472/2450
f 2487/1473/2451 2489/1475/2453 2488/1474/2452
f 2489/1475/2453 2490/1476/2454 2488/1474/2452
f 2489/1475/2453 2491/1477/2455 2490/1476/2454
f 2491/1477/2455 2492/1478/2456 2490/1476/2454
f 2492/1478/2456 2491/1477/2455 2473/1479/2436
f 2491/1477/2455 2474/1480/2437 2473/1479/2436
f 2493/1482/2457 2479/1467/2443 2494/1481/2458
f 2479/1467/2443 2481/1465/2445 2494/1481/2458
f 2494/1481/2458 2481/1465/2445 2450/1449/2459
f 2481/1465/2445 2451/1448/2460 2450/1449/2459
f 2481/1465/2445 2482/1468/2446 2451/1448/2460
f 2482/1468/2446 2454/1451/2461 2451/1448/2460
f 2482/1468/2446 2484/1470/2448 2454/1451/2461
f 2484/1470/2448 2456/1453/2462 2454/1451/2461
f 2484/1470/2448 2486/1472/2450 2456/1453/2462
f 2486/1472/2450 2458/1455/2463 2456/1453/2462
f 2486/1472/2450 2488/1474/2452 2458/1455/2463
f 2488/1474/2452 2460/1457/2464 2458/1455/2463
f 2488/1474/2452 2490/1476/2454 2460/1457/2464
f 2490/1476/2454 2462/1459/2465 2460/1457/2464
f 2490/1476/2454 2492/1478/2456 2462/1459/2465
f 2492/1478/2456 2464/1461/2466 2462/1459/2465
f 2492/1478/2456 2473/1479/2436 2464/1461/2466
f 2473/1479/2436 2466/1463/2431 2464/1461/2466
f 2495/1533/2467 2496/1532/2468 2497/1534/2469
f 2496/1532/2468 2498/1535/2470 2497/1534/2469
f 2496/1532/2468 2499/1527/2471 2500/1538/2472
f 2500/1538/2472 2498/1535/2470 2496/1532/2468
f 2500/1538/2472 2501/1537/2473 2498/1535/2470
f 2501/1537/2473 2502/1536/2474 2498/1535/2470
f 2497/1534/2469 2498/1535/2470 2502/1536/2474
f 2503/1539/2475 2497/1534/2469 2502/1536/2474
f 2504/1546/2476 2505/1545/2477 2506/1543/2478
f 2505/1545/2477 2507/1544/2479 2506/1543/2478
f 2505/1545/2477 2508/1520/2480 2507/1544/2479
f 2508/1520/2480 2509/1528/2481 2507/1544/2479
f 2508/1520/2480 2510/1519/2482 2509/1528/2481
f 2510/1519/2482 2511/1517/2483 2509/1528/2481
f 2510/1519/2482 2512/1518/2484 2511/1517/2483
f 2513/1516/2485 2511/1517/2483 2512/1518/2484
f 2511/1517/2483 2513/1516/2485 2514/1515/2486
f 2513/1516/2485 2515/1514/2487 2514/1515/2486
f 2516/1510/2488 2514/1515/2486 2515/1514/2487
f 2517/1513/2489 2516/1510/2488 2515/1514/2487
f 2516/1510/2488 2517/1513/2489 2518/1512/2490
f 2517/1513/2489 2519/1526/2491 2518/1512/2490
f 2518/1512/2490 2519/1526/2491 2499/1527/2471
f 2518/1512/2490 2499/1527/2471 2520/1511/2492
f 2499/1527/2471 2496/1532/2468 2520/1511/2492
f 2520/1511/2492 2496/1532/2468 2521/1531/2493
f 2512/1518/2484 2510/1519/2482 2522/1506/2494
f 2522/1506/2494 2510/1519/2482 2508/1520/2480
f 2496/1532/2468 2495/1533/2467 2521/1531/2493
f 2521/1531/2493 2495/1533/2467 2523/1540/2495
f 2524/1530/2496 2521/1531/2493 2523/1540/2495
f 2525/1541/2497 2524/1530/2496 2523/1540/2495
f 2524/1530/2496 2525/1541/2497 2526/1529/2498
f 2527/1542/2499 2526/1529/2498 2525/1541/2497
f 2526/1529/2498 2527/1542/2499 2506/1543/2478
f 2507/1544/2479 2526/1529/2498 2506/1543/2478
f 2507/1544/2479 2509/1528/2481 2526/1529/2498
f 2509/1528/2481 2528/1524/2500 2526/1529/2498
f 2509/1528/2481 2511/1517/2483 2528/1524/2500
f 2511/1517/2483 2514/1515/2486 2528/1524/2500
f 2528/1524/2500 2514/1515/2486 2529/1525/2501
f 2514/1515/2486 2516/1510/2488 2529/1525/2501
f 2520/1511/2492 2529/1525/2501 2516/1510/2488
f 2518/1512/2490 2520/1511/2492 2516/1510/2488
f 2520/1511/2492 2521/1531/2493 2524/1530/2496
f 2529/1525/2501 2520/1511/2492 2524/1530/2496
f 2524/1530/2496 2526/1529/2498 2529/1525/2501
f 2526/1529/2498 2528/1524/2500 2529/1525/2501
f 2530/1521/2502 2505/1545/2477 2504/1546/2476
f 2508/1520/2480 2505/1545/2477 2530/1521/2502
f 2531/1505/2503 2508/1520/2480 2530/1521/2502
f 2531/1505/2503 2522/1506/2494 2508/1520/2480
f 2522/1506/2494 2531/1505/2503 2532/1504/2504
f 2533/1507/2505 2532/1504/2504 2531/1505/2503
f 2532/1504/2504 2533/1507/2505 2534/1508/2506
f 2533/1507/2505 2535/1509/2474 2534/1508/2506
f 2533/1507/2505 2536/1522/2507 2535/1509/2474
f 2536/1522/2507 2537/1523/2508 2535/1509/2474
f 2531/1505/2503 2530/1521/2502 2533/1507/2505
f 2530/1521/2502 2536/1522/2507 2533/1507/2505
f 2538/1662/2509 2539/1663/2510 2540/1664/2511
f 2541/1665/2512 2539/1663/2510 2538/1662/2509
f 2542/1666/2513 2541/1665/2512 2538/1662/2509
f 2542/1666/2513 2543/1667/2514 2541/1665/2512
f 2543/1667/2514 2544/1668/2515 2545/1669/2516
f 2546/1670/2517 2544/1668/2515 2543/1667/2514
f 2546/1670/2517 2543/1667/2514 2547/1671/2518
f 2547/1671/2518 2543/1667/2514 2542/1666/2513
f 2547/1671/2518 2542/1666/2513 2548/1672/2519
f 2549/1673/2520 2550/1674/2521 2551/1675/2522
f 2550/1674/2521 2552/1676/2523 2551/1675/2522
f 2550/1674/2521 2553/1677/2524 2552/1676/2523
f 2553/1677/2524 2550/1674/2521 2554/1678/2525
f 2554/1678/2525 2555/1679/2526 2553/1677/2524
f 2555/1679/2526 2554/1678/2525 2556/1680/2527
f 2557/1681/2528 2556/1680/2527 2554/1678/2525
f 2557/1681/2528 2554/1678/2525 2550/1674/2521
f 2558/1682/2529 2557/1681/2528 2550/1674/2521
f 2558/1682/2529 2550/1674/2521 2549/1673/2520
f 2559/1683/2530 2558/1682/2529 2549/1673/2520
f 2559/1683/2530 2549/1673/2520 2540/1664/2511
f 2560/1684/2531 2559/1683/2530 2540/1664/2511
f 2560/1684/2531 2540/1664/2511 2539/1663/2510
f 2561/1685/2532 2560/1684/2531 2539/1663/2510
f 2541/1665/2512 2561/1685/2532 2539/1663/2510
f 2545/1669/2516 2561/1685/2532 2541/1665/2512
f 2543/1667/2514 2545/1669/2516 2541/1665/2512
f 2561/1685/2532 2562/1686/1077 2560/1684/2531
f 2563/1687/2533 2562/1686/1077 2561/1685/2532
f 2545/1669/2516 2563/1687/2533 2561/1685/2532
f 2563/1687/2533 2564/1688/1179 2562/1686/1077
f 2565/1427/2534 2566/1426/2535 2567/1425/2536
f 2566/1426/2535 2568/1428/2537 2567/1425/2536
f 2568/1428/2537 2569/1429/2538 2567/1425/2536
f 2567/1425/2536 2569/1429/2538 2570/1430/2539
f 2571/1431/2540 2567/1425/2536 2570/1430/2539
f 2571/1431/2540 2572/1432/2541 2567/1425/2536
f 2572/1432/2541 2573/1433/2542 2567/1425/2536
f 2573/1433/2542 2574/1434/2543 2567/1425/2536
f 2574/1434/2543 2575/1435/2544 2567/1425/2536
f 2575/1435/2544 2576/1436/2545 2567/1425/2536
f 2576/1436/2545 2577/1437/2546 2567/1425/2536
f 2577/1437/2546 2578/1438/2547 2567/1425/2536
f 2578/1438/2547 2565/1427/2534 2567/1425/2536
f 2579/1588/2548 2580/1595/2549 2581/1596/2550
f 2579/1588/2548 2582/1587/2551 2580/1595/2549
f 2583/1586/2552 2582/1587/2551 2579/1588/2548
f 2583/1586/2552 2584/1585/2553 2582/1587/2551
f 2585/1584/2554 2584/1585/2553 2583/1586/2552
f 2585/1584/2554 2586/1583/2555 2584/1585/2553
f 2587/1581/2556 2586/1583/2555 2585/1584/2554
f 2587/1581/2556 2588/1582/2557 2586/1583/2555
f 2587/1581/2556 2589/1569/2558 2588/1582/2557
f 2587/1581/2556 2590/1580/2559 2589/1569/2558
f 2591/1568/2560 2589/1569/2558 2590/1580/2559
f 2591/1568/2560 2592/1567/2561 2589/1569/2558
f 2593/1566/2562 2592/1567/2561 2591/1568/2560
f 2593/1566/2562 2594/1564/2563 2592/1567/2561
f 2595/1563/2564 2594/1564/2563 2593/1566/2562
f 2595/1563/2564 2596/1565/2565 2594/1564/2563
f 2597/1571/2566 2596/1565/2565 2598/1572/2567
f 2597/1571/2566 2594/1564/2563 2596/1565/2565
f 2599/1570/2568 2594/1564/2563 2597/1571/2566
f 2599/1570/2568 2592/1567/2561 2594/1564/2563
f 2600/1607/2569 2592/1567/2561 2599/1570/2568
f 2600/1607/2569 2589/1569/2558 2592/1567/2561
f 2601/1606/2570 2589/1569/2558 2600/1607/2569
f 2601/1606/2570 2588/1582/2557 2589/1569/2558
f 2602/1605/2571 2588/1582/2557 2601/1606/2570
f 2602/1605/2571 2586/1583/2555 2588/1582/2557
f 2603/1604/2572 2586/1583/2555 2602/1605/2571
f 2603/1604/2572 2584/1585/2553 2586/1583/2555
f 2604/1603/2573 2584/1585/2553 2603/1604/2572
f 2604/1603/2573 2582/1587/2551 2584/1585/2553
f 2605/1602/2574 2582/1587/2551 2604/1603/2573
f 2605/1602/2574 2580/1595/2549 2582/1587/2551
f 2606/1601/2575 2580/1595/2549 2605/1602/2574
f 2606/1601/2575 2607/1600/2576 2580/1595/2549
f 2581/1596/2550 2580/1595/2549 2607/1600/2576
f 2581/1596/2550 2607/1600/2576 2608/1599/2577
f 2609/1577/2578 2595/1563/2564 2593/1566/2562
f 2610/1576/2579 2595/1563/2564 2609/1577/2578
f 2610/1576/2579 2611/1575/2577 2595/1563/2564
f 2611/1575/2577 2596/1565/2565 2595/1563/2564
f 2611/1575/2577 2612/1573/2576 2596/1565/2565
f 2598/1572/2567 2596/1565/2565 2612/1573/2576
f 2598/1572/2567 2612/1573/2576 2613/1574/2580
f 2614/1597/2581 2608/1599/2577 2615/1598/2582
f 2614/1597/2581 2581/1596/2550 2608/1599/2577
f 2616/1594/2583 2581/1596/2550 2614/1597/2581
f 2616/1594/2583 2579/1588/2548 2581/1596/2550
f 2617/1593/2584 2579/1588/2548 2616/1594/2583
f 2617/1593/2584 2583/1586/2552 2579/1588/2548
f 2618/1592/2585 2583/1586/2552 2617/1593/2584
f 2618/1592/2585 2585/1584/2554 2583/1586/2552
f 2619/1591/2586 2585/1584/2554 2618/1592/2585
f 2619/1591/2586 2587/1581/2556 2585/1584/2554
f 2620/1590/2587 2587/1581/2556 2619/1591/2586
f 2620/1590/2587 2590/1580/2559 2587/1581/2556
f 2620/1590/2587 2621/1589/2588 2590/1580/2559
f 2622/1579/2589 2590/1580/2559 2621/1589/2588
f 2622/1579/2589 2591/1568/2560 2590/1580/2559
f 2623/1578/2590 2591/1568/2560 2622/1579/2589
f 2623/1578/2590 2593/1566/2562 2591/1568/2560
f 2609/1577/2578 2593/1566/2562 2623/1578/2590
f 2624/1689/2591 2625/1690/2592 2626/1691/2593
f 2627/1692/2594 2628/1693/2595 2624/1689/2591
f 2627/1692/2594 2629/1694/2596 2628/1693/2595
f 2630/1695/2597 2631/1696/2598 2632/1697/2599
f 2630/1695/2597 2632/1697/2599 2633/1698/2600
f 2630/1695/2597 2633/1698/2600 2634/1699/2601
f 2635/1700/2602 2634/1699/2601 2633/1698/2600
f 2635/1700/2602 2633/1698/2600 2636/1701/2603
f 2635/1700/2602 2636/1701/2603 2637/1702/2604
f 2638/1703/2605 2637/1702/2604 2636/1701/2603
f 2639/1704/2606 2637/1702/2604 2638/1703/2605
f 2639/1704/2606 2638/1703/2605 2640/1705/2607
f 2640/1705/2607 2638/1703/2605 2627/1692/2594
f 2640/1705/2607 2627/1692/2594 2641/1706/2608
f 2642/1707/2609 2641/1706/2608 2627/1692/2594
f 2642/1707/2609 2627/1692/2594 2624/1689/2591
f 2643/1708/2610 2642/1707/2609 2624/1689/2591
f 2643/1708/2610 2624/1689/2591 2626/1691/2593
f 2644/1709/2611 2643/1708/2610 2626/1691/2593
f 2644/1709/2611 2626/1691/2593 2645/1710/2612
f 2645/1710/2612 2626/1691/2593 2625/1690/2592
f 2638/1703/2605 2636/1701/2603 2633/1698/2600
f 2646/1711/2613 2637/1702/2604 2639/1704/2606
f 2646/1711/2613 2635/1700/2602 2637/1702/2604
f 2645/1710/2612 2625/1690/2592 2647/1712/2614
f 2624/1689/2591 2647/1712/2614 2625/1690/2592
f 2624/1689/2591 2648/1713/2615 2647/1712/2614
f 2648/1713/2615 2624/1689/2591 2628/1693/2595
f 2648/1713/2615 2628/1693/2595 2649/1714/2616
f 2628/1693/2595 2629/1694/2596 2649/1714/2616
f 2650/1715/2617 2649/1714/2616 2629/1694/2596
f 2627/1692/2594 2650/1715/2617 2629/1694/2596
f 2627/1692/2594 2638/1703/2605 2650/1715/2617
f 2651/1716/2618 2650/1715/2617 2638/1703/2605
f 2638/1703/2605 2633/1698/2600 2651/1716/2618
f 2633/1698/2600 2632/1697/2599 2651/1716/2618
f 2652/1717/2619 2651/1716/2618 2632/1697/2599
f 2631/1696/2598 2652/1717/2619 2632/1697/2599
f 2631/1696/2598 2653/1718/2620 2652/1717/2619
f 2654/1719/2621 2653/1718/2620 2631/1696/2598
f 2655/1720/2622 2653/1718/2620 2654/1719/2621
f 2655/1720/2622 2654/1719/2621 2656/1721/2623
f 2647/1712/2614 2648/1713/2615 2657/1722/2624
f 2651/1716/2618 2649/1714/2616 2650/1715/2617
f 2652/1717/2619 2649/1714/2616 2651/1716/2618
f 2658/1723/2625 2649/1714/2616 2652/1717/2619
f 2653/1718/2620 2658/1723/2625 2652/1717/2619
f 2655/1720/2622 2658/1723/2625 2653/1718/2620
f 2655/1720/2622 2659/1724/2626 2658/1723/2625
f 2655/1720/2622 2660/1725/2627 2659/1724/2626
f 2656/1721/2623 2661/1726/2628 2655/1720/2622
f 2662/1727/2629 2661/1726/2628 2656/1721/2623
f 2662/1727/2629 2660/1725/2627 2661/1726/2628
f 2662/1727/2629 2663/1728/2630 2660/1725/2627
f 2664/1729/2631 2648/1713/2615 2649/1714/2616
f 2664/1729/2631 2657/1722/2624 2648/1713/2615
f 2665/1730/2632 2657/1722/2624 2664/1729/2631
f 2666/1731/2633 2657/1722/2624 2665/1730/2632
f 2666/1731/2633 2647/1712/2614 2657/1722/2624
f 2666/1731/2633 2667/1732/2523 2647/1712/2614
f 2645/1710/2612 2647/1712/2614 2667/1732/2523
f 2668/1733/2634 2669/1734/2515 2670/1735/2635
f 2668/1733/2634 2671/1736/2636 2669/1734/2515
f 2668/1733/2634 2672/1737/2637 2671/1736/2636
f 2672/1737/2637 2673/1738/2638 2671/1736/2636
f 2673/1738/2638 2672/1737/2637 2674/1739/2639
f 2673/1738/2638 2674/1739/2639 2675/1740/2640
f 2674/1739/2639 2665/1730/2632 2675/1740/2640
f 2665/1730/2632 2664/1729/2631 2675/1740/2640
f 2675/1740/2640 2664/1729/2631 2676/1741/2641
f 2676/1741/2641 2664/1729/2631 2649/1714/2616
f 2677/1742/2642 2676/1741/2641 2649/1714/2616
f 2677/1742/2642 2649/1714/2616 2678/1743/2643
f 2679/1744/2644 2678/1743/2643 2649/1714/2616
f 2658/1723/2625 2679/1744/2644 2649/1714/2616
f 2673/1738/2638 2680/1745/2516 2669/1734/2515
f 2673/1738/2638 2676/1741/2641 2680/1745/2516
f 2673/1738/2638 2675/1740/2640 2676/1741/2641
f 2681/1746/2645 2682/1747/2646 2683/1748/2647
f 2684/1749/2648 2682/1747/2646 2681/1746/2645
f 2684/1749/2648 2685/1750/2649 2682/1747/2646
f 2686/1751/2650 2685/1750/2649 2684/1749/2648
f 2686/1751/2650 2684/1749/2648 2687/1752/1168
f 2687/1752/1168 2684/1749/2648 2688/1753/2651
f 2684/1749/2648 2681/1746/2645 2688/1753/2651
f 2688/1753/2651 2681/1746/2645 2689/1754/2652
f 2688/1753/2651 2689/1754/2652 2690/1755/2653
f 2683/1748/2647 1085/1080/1116 2691/1756/2654
f 2681/1746/2645 2683/1748/2647 2691/1756/2654
f 2692/1757/2655 2681/1746/2645 2691/1756/2654
f 2692/1757/2655 2689/1754/2652 2681/1746/2645
f 2692/1757/2655 2693/1758/2656 2689/1754/2652
f 2690/1755/2653 2689/1754/2652 2693/1758/2656
f 2690/1755/2653 2693/1758/2656 2694/1759/1141
f 2693/1758/2656 2695/1760/2657 2694/1759/1141
f 2693/1758/2656 2696/1761/2658 2695/1760/2657
f 2695/1760/2657 2696/1761/2658 2697/1762/2659
f 2698/1763/2660 2697/1762/2659 2696/1761/2658
f 2698/1763/2660 2699/1764/2661 2697/1762/2659
f 2698/1763/2660 2700/1765/2662 2699/1764/2661
f 2698/1763/2660 2701/1766/2663 2700/1765/2662
f 2701/1766/2663 1067/1062/1098 2700/1765/2662
f 2701/1766/2663 2702/1767/2664 1067/1062/1098
f 1065/1060/1096 1067/1062/1098 2702/1767/2664
f 2702/1767/2664 1075/1070/1106 1065/1060/1096
f 2695/1760/2657 2697/1762/2659 2703/1768/1144
f 2702/1767/2664 2701/1766/2663 2704/1769/2665
f 2702/1767/2664 2704/1769/2665 1075/1070/1106
f 1076/1071/1107 1075/1070/1106 2704/1769/2665
f 1076/1071/1107 2704/1769/2665 2705/1770/2666
f 1076/1071/1107 2705/1770/2666 1085/1080/1116
f 2705/1770/2666 2691/1756/2654 1085/1080/1116
f 2705/1770/2666 2692/1757/2655 2691/1756/2654
f 2705/1770/2666 2706/1771/2667 2692/1757/2655
f 2692/1757/2655 2706/1771/2667 2693/1758/2656
f 2706/1771/2667 2696/1761/2658 2693/1758/2656
f 2698/1763/2660 2696/1761/2658 2706/1771/2667
f 2706/1771/2667 2701/1766/2663 2698/1763/2660
f 2706/1771/2667 2704/1769/2665 2701/1766/2663
f 2705/1770/2666 2704/1769/2665 2706/1771/2667
f 2707/1687/2625 2708/1686/1078 2709/1688/2668
f 2710/1669/2626 2711/1685/2669 2707/1687/2625
f 2707/1687/2625 2711/1685/2669 2708/1686/1078
f 2711/1685/2669 2712/1684/1079 2708/1686/1078
f 2713/1673/2670 2714/1675/2671 2715/1772/2672
f 2715/1772/2672 2714/1675/2671 2716/1676/2601
f 2715/1772/2672 2716/1676/2601 2717/1677/2673
f 2717/1677/2673 2718/1678/2674 2715/1772/2672
f 2718/1678/2674 2717/1677/2673 2719/1679/2675
f 2719/1679/2675 2720/1680/2676 2718/1678/2674
f 2721/1773/2677 2718/1678/2674 2720/1680/2676
f 2721/1773/2677 2715/1772/2672 2718/1678/2674
f 2722/1682/2678 2715/1772/2672 2721/1773/2677
f 2722/1682/2678 2713/1673/2670 2715/1772/2672
f 2723/1683/2679 2713/1673/2670 2722/1682/2678
f 2723/1683/2679 2724/1664/2680 2713/1673/2670
f 2712/1684/1079 2724/1664/2680 2723/1683/2679
f 2712/1684/1079 2725/1663/2681 2724/1664/2680
f 2711/1685/2669 2725/1663/2681 2712/1684/1079
f 2726/1665/2682 2725/1663/2681 2711/1685/2669
f 2710/1669/2626 2726/1665/2682 2711/1685/2669
f 2727/1667/2683 2726/1665/2682 2710/1669/2626
f 2728/1666/2684 2726/1665/2682 2727/1667/2683
f 2728/1666/2684 2729/1662/2685 2726/1665/2682
f 2726/1665/2682 2729/1662/2685 2725/1663/2681
f 2729/1662/2685 2724/1664/2680 2725/1663/2681
f 2727/1667/2683 2710/1669/2626 2730/1668/2627
f 2731/1670/2686 2727/1667/2683 2730/1668/2627
f 2731/1670/2686 2732/1671/2687 2727/1667/2683
f 2732/1671/2687 2728/1666/2684 2727/1667/2683
f 2732/1671/2687 2733/1672/2688 2728/1666/2684
f 2734/1774/2689 2735/1775/2690 2736/1776/2691
f 2734/1774/2689 2737/1777/2692 2735/1775/2690
f 2738/1778/2693 2737/1777/2692 2734/1774/2689
f 2738/1778/2693 2739/1779/2694 2737/1777/2692
f 2740/1780/2695 2739/1779/2694 2738/1778/2693
f 2740/1780/2695 2741/1781/2696 2739/1779/2694
f 2742/1782/2697 2741/1781/2696 2740/1780/2695
f 2742/1782/2697 2743/1783/2698 2741/1781/2696
f 2736/1776/2691 2735/1775/2690 2744/1784/2699
f 2736/1776/2691 2744/1784/2699 2745/1785/2700
f 2746/1786/2701 2736/1776/2691 2745/1785/2700
f 2747/1787/2702 2736/1776/2691 2746/1786/2701
f 2747/1787/2702 2734/1774/2689 2736/1776/2691
f 2748/1788/2703 2734/1774/2689 2747/1787/2702
f 2748/1788/2703 2738/1778/2693 2734/1774/2689
f 2749/1789/2704 2738/1778/2693 2748/1788/2703
f 2749/1789/2704 2740/1780/2695 2738/1778/2693
f 2750/1790/2705 2740/1780/2695 2749/1789/2704
f 2750/1790/2705 2742/1782/2697 2740/1780/2695
f 2751/1791/2706 2742/1782/2697 2750/1790/2705
f 2751/1791/2706 2752/1792/2707 2742/1782/2697
f 2752/1792/2707 2743/1783/2698 2742/1782/2697
f 2752/1792/2707 2753/1793/2708 2743/1783/2698
f 2753/1793/2708 2754/1794/2709 2755/1795/2710
f 2753/1793/2708 2755/1795/2710 2743/1783/2698
f 2743/1783/2698 2755/1795/2710 2756/1796/2711
f 2743/1783/2698 2756/1796/2711 2741/1781/2696
f 2741/1781/2696 2756/1796/2711 2757/1797/2712
f 2741/1781/2696 2757/1797/2712 2739/1779/2694
f 2739/1779/2694 2757/1797/2712 2758/1798/2713
f 2739/1779/2694 2758/1798/2713 2737/1777/2692
f 2737/1777/2692 2758/1798/2713 2759/1799/2714
f 2737/1777/2692 2759/1799/2714 2735/1775/2690
f 2735/1775/2690 2759/1799/2714 2760/1800/2715
f 2735/1775/2690 2760/1800/2715 2744/1784/2699
f 2744/1784/2699 2760/1800/2715 2761/1801/2716
f 2744/1784/2699 2761/1801/2716 2762/1802/2717
f 2745/1785/2700 2744/1784/2699 2762/1802/2717
f 2745/1785/2700 2762/1802/2717 2763/1803/2718
f 2763/1803/2718 2764/1804/2719 2745/1785/2700
f 2763/1803/2718 2762/1802/2717 2765/1805/2720
f 2762/1802/2717 2766/1806/2721 2765/1805/2720
f 2762/1802/2717 2761/1801/2716 2766/1806/2721
f 2765/1805/2720 2766/1806/2721 2767/1807/2722
f 2768/1808/2723 2769/1809/2724 2770/1810/2725
f 2768/1808/2723 2771/1811/2726 2769/1809/2724
f 2771/1811/2726 2772/1812/2708 2769/1809/2724
f 2771/1811/2726 2773/1813/2727 2772/1812/2708
f 2773/1813/2727 2774/1814/2728 2772/1812/2708
f 2773/1813/2727 2775/1815/2729 2774/1814/2728
f 2776/1816/2730 2775/1815/2729 2773/1813/2727
f 2776/1816/2730 2777/1817/2731 2775/1815/2729
f 2778/1818/2732 2777/1817/2731 2776/1816/2730
f 2778/1818/2732 2767/1807/2722 2777/1817/2731
f 2765/1805/2720 2767/1807/2722 2778/1818/2732
f 2779/1819/2733 2765/1805/2720 2778/1818/2732
f 2763/1803/2718 2765/1805/2720 2779/1819/2733
f 2780/1820/2734 2763/1803/2718 2779/1819/2733
f 2763/1803/2718 2780/1820/2734 2764/1804/2719
f 2781/1821/2735 2764/1804/2719 2780/1820/2734
f 2782/1822/2736 2764/1804/2719 2781/1821/2735
f 2782/1822/2736 2745/1785/2700 2764/1804/2719
f 2780/1820/2734 2779/1819/2733 2783/1823/2737
f 2783/1823/2737 2779/1819/2733 2784/1824/2738
f 2779/1819/2733 2778/1818/2732 2784/1824/2738
f 2784/1824/2738 2778/1818/2732 2776/1816/2730
f 2784/1824/2738 2776/1816/2730 2785/1825/2739
f 2785/1825/2739 2776/1816/2730 2773/1813/2727
f 2785/1825/2739 2773/1813/2727 2771/1811/2726
f 2786/1826/2740 2785/1825/2739 2771/1811/2726
f 2786/1826/2740 2771/1811/2726 2768/1808/2723
f 2783/1823/2737 2784/1824/2738 2787/1827/2741
f 2787/1827/2741 2784/1824/2738 2785/1825/2739
f 2787/1827/2741 2785/1825/2739 2786/1826/2740
f 2782/1822/2736 2788/1828/2742 2745/1785/2700
f 2746/1786/2701 2745/1785/2700 2788/1828/2742
f 2746/1786/2701 2788/1828/2742 2789/1829/2743
f 2789/1829/2743 2788/1828/2742 2782/1822/2736
f 2790/1830/2744 2791/1831/2745 2792/1832/2746
f 2790/1830/2744 2793/1833/2747 2791/1831/2745
f 2790/1830/2744 2794/1834/2748 2793/1833/2747
f 2793/1833/2747 2794/1834/2748 2795/1835/2749
f 2794/1834/2748 2796/1836/2750 2795/1835/2749
f 2794/1834/2748 2797/1837/2751 2796/1836/2750
f 2794/1834/2748 2798/1838/2752 2797/1837/2751
f 2794/1834/2748 2799/1839/2753 2798/1838/2752
f 2794/1834/2748 2800/1840/2754 2799/1839/2753
f 2794/1834/2748 2801/1841/2755 2800/1840/2754
f 2790/1830/2744 2801/1841/2755 2794/1834/2748
f 2790/1830/2744 2802/1842/2756 2801/1841/2755
f 2790/1830/2744 2803/1843/2757 2802/1842/2756
f 2790/1830/2744 2804/1844/2758 2803/1843/2757
f 2805/1554/2759 2806/1553/2760 2807/1548/2761
f 2808/1555/2762 2805/1554/2759 2807/1548/2761
f 2809/1558/2763 2810/1845/2764 2807/1548/2761
f 2810/1845/2764 2811/1559/2363 2807/1548/2761
f 2811/1559/2363 2812/1560/2765 2807/1548/2761
f 2812/1560/2765 2813/1561/2766 2807/1548/2761
f 2813/1561/2766 2814/1562/2767 2807/1548/2761
f 2815/1552/2768 2816/1551/2769 2807/1548/2770
f 2816/1551/2769 2817/1550/2771 2807/1548/2770
f 2817/1550/2771 2818/1547/2772 2807/1548/2770
f 2818/1547/2772 2819/1549/2773 2807/1548/2770
f 2819/1549/2773 2820/1556/2774 2807/1548/2770
f 2820/1556/2774 2821/1557/2775 2807/1548/2770
f 2822/1846/2776 2823/1847/2777 2824/1848/2778
f 2822/1846/2776 2825/1849/2779 2823/1847/2777
f 2822/1846/2776 2826/1850/2780 2825/1849/2779
f 2822/1846/2776 2827/1834/2781 2826/1850/2780
f 2826/1850/2780 2827/1834/2781 2828/1851/2782
f 2827/1834/2781 2829/1852/2783 2828/1851/2782
f 2827/1834/2781 2830/1853/2784 2829/1852/2783
f 2827/1834/2781 2831/1854/2785 2830/1853/2784
f 2827/1834/2781 2832/1855/2786 2831/1854/2785
f 2827/1834/2781 2833/1856/2787 2832/1855/2786
f 2827/1834/2781 2834/1857/2788 2833/1856/2787
f 2822/1846/2776 2834/1857/2788 2827/1834/2781
f 2822/1846/2776 2835/1858/2789 2834/1857/2788
f 2822/1846/2776 2836/1859/2790 2835/1858/2789
f 2837/1224/2791 2838/1231/2792 2839/1230/2793
f 2840/1229/1389 2837/1224/2791 2839/1230/2793
f 2840/1229/1389 2841/1222/2794 2837/1224/2791
f 2842/1228/1388 2841/1222/2794 2840/1229/1389
f 2843/1227/2795 2841/1222/2794 2842/1228/1388
f 2844/1226/2796 2841/1222/2794 2843/1227/2795
f 2844/1226/2796 2843/1227/2795 2845/1234/1393
f 2846/1233/2797 2844/1226/2796 2845/1234/1393
f 2847/1232/1405 2844/1226/2796 2846/1233/2797
f 2847/1232/1405 2848/1225/2798 2844/1226/2796
f 2838/1231/2792 2848/1225/2798 2847/1232/1405
f 2837/1224/2791 2848/1225/2798 2838/1231/2792
f 2849/1223/2799 2848/1225/2798 2837/1224/2791
f 2849/1223/2799 2837/1224/2791 2841/1222/2794
f 2844/1226/2796 2849/1223/2799 2841/1222/2794
f 2848/1225/2798 2849/1223/2799 2844/1226/2796
f 2850/1860/2800 2851/1861/1045 2852/1862/2801
f 2850/1860/2800 2853/1863/2740 2851/1861/1045
f 2854/1864/2802 2853/1863/2740 2850/1860/2800
f 2854/1864/2802 2855/1865/2741 2853/1863/2740
f 2856/1866/2803 2855/1865/2741 2854/1864/2802
f 2856/1866/2803 2857/1867/2804 2855/1865/2741
f 2858/1868/2805 2857/1867/2804 2856/1866/2803
f 2858/1868/2805 2859/1869/2806 2857/1867/2804
f 2860/1870/2807 2859/1869/2806 2858/1868/2805
f 2860/1870/2807 2861/1871/2735 2859/1869/2806
f 2862/1872/2808 2861/1871/2735 2860/1870/2807
f 2863/1873/2809 2864/1874/2810 2865/1875/2811
f 2863/1873/2809 2866/1876/2812 2864/1874/2810
f 2867/1877/2813 2866/1876/2812 2863/1873/2809
f 2867/1877/2813 2852/1862/2801 2866/1876/2812
f 2868/1878/2814 2852/1862/2801 2867/1877/2813
f 2868/1878/2814 2850/1860/2800 2852/1862/2801
f 2869/1879/2815 2850/1860/2800 2868/1878/2814
f 2869/1879/2815 2854/1864/2802 2850/1860/2800
f 2870/1880/2816 2854/1864/2802 2869/1879/2815
f 2870/1880/2816 2856/1866/2803 2854/1864/2802
f 2871/1881/2817 2856/1866/2803 2870/1880/2816
f 2871/1881/2817 2858/1868/2805 2856/1866/2803
f 2872/1882/2818 2858/1868/2805 2871/1881/2817
f 2872/1882/2818 2860/1870/2807 2858/1868/2805
f 2873/1883/2819 2860/1870/2807 2872/1882/2818
f 2873/1883/2819 2862/1872/2808 2860/1870/2807
f 2874/1884/2820 2862/1872/2808 2873/1883/2819
f 2862/1872/2808 2875/1885/2821 2861/1871/2735
f 2862/1872/2808 2876/1886/2822 2875/1885/2821
f 2862/1872/2808 2877/1887/2823 2876/1886/2822
f 2874/1884/2820 2877/1887/2823 2862/1872/2808
f 2878/1888/2824 2877/1887/2823 2874/1884/2820
f 2878/1888/2824 2879/1889/2825 2877/1887/2823
f 2880/1890/2826 2879/1889/2825 2878/1888/2824
f 2880/1890/2826 2881/1891/2827 2879/1889/2825
f 2882/1892/2828 2881/1891/2827 2880/1890/2826
f 2882/1892/2828 2883/1893/2829 2881/1891/2827
f 2884/1894/2830 2883/1893/2829 2882/1892/2828
f 2884/1894/2830 2885/1895/2831 2883/1893/2829
f 2886/1896/2832 2885/1895/2831 2884/1894/2830
f 2886/1896/2832 2887/1897/2833 2885/1895/2831
f 2888/1898/2834 2887/1897/2833 2886/1896/2832
f 2888/1898/2834 2889/1899/2835 2887/1897/2833
f 2865/1875/2811 2889/1899/2835 2888/1898/2834
f 2865/1875/2811 2864/1874/2810 2889/1899/2835
f 2879/1889/2825 2876/1886/2822 2877/1887/2823
f 2879/1889/2825 2890/1900/2701 2876/1886/2822
f 2881/1891/2827 2890/1900/2701 2879/1889/2825
f 2881/1891/2827 2891/1901/2836 2890/1900/2701
f 2883/1893/2829 2891/1901/2836 2881/1891/2827
f 2883/1893/2829 2892/1902/2703 2891/1901/2836
f 2885/1895/2831 2892/1902/2703 2883/1893/2829
f 2885/1895/2831 2893/1903/2704 2892/1902/2703
f 2887/1897/2833 2893/1903/2704 2885/1895/2831
f 2887/1897/2833 2894/1904/2837 2893/1903/2704
f 2889/1899/2835 2894/1904/2837 2887/1897/2833
f 2889/1899/2835 2895/1905/2838 2894/1904/2837
f 2896/1906/2725 2895/1905/2838 2889/1899/2835
f 2896/1906/2725 2889/1899/2835 2864/1874/2810
f 2866/1876/2812 2896/1906/2725 2864/1874/2810
f 2866/1876/2812 2897/1907/2839 2896/1906/2725
f 2852/1862/2801 2897/1907/2839 2866/1876/2812
f 2852/1862/2801 2851/1861/1045 2897/1907/2839
f 2898/1424/2840 1429/1255/1443 1428/1254/1442
f 2898/1424/2840 2899/1423/1550 1429/1255/1443
f 2899/1423/1550 2900/1422/2841 1429/1255/1443
f 2900/1422/2841 2901/1417/2842 1429/1255/1443
f 2900/1422/2841 2902/1421/2843 2901/1417/2842
f 2901/1417/2842 2902/1421/2843 2903/1420/2844
f 2901/1417/2842 2903/1420/2844 2904/1419/2845
f 2901/1417/2842 2904/1419/2845 2905/1416/2846
f 2905/1416/2846 2904/1419/2845 2906/1418/1561
f 2905/1416/2846 2906/1418/1561 2907/1415/2847
f 2907/1415/2847 2906/1418/1561 1410/1236/1424
f 2907/1415/2847 1410/1236/1424 2908/1414/2848
f 2908/1414/2848 1410/1236/1424 1412/1238/1426
f 1422/1248/1436 2908/1414/2848 1412/1238/1426
f 1425/1251/1439 2908/1414/2848 1422/1248/1436
f 1425/1251/1439 2907/1415/2847 2908/1414/2848
f 1427/1253/1441 2907/1415/2847 1425/1251/1439
f 1427/1253/1441 2905/1416/2846 2907/1415/2847
f 1429/1255/1443 2905/1416/2846 1427/1253/1441
f 1429/1255/1443 2901/1417/2842 2905/1416/2846
f 2909/1908/2849 2910/1909/2850 2911/1910/2851
f 2911/1910/2851 2910/1909/2850 2912/1911/2731
f 2911/1910/2851 2912/1911/2731 2913/1912/2711
f 2913/1912/2711 2912/1911/2731 2914/1913/2852
f 2913/1912/2711 2914/1913/2852 2915/1914/2853
f 2915/1914/2853 2914/1913/2852 2916/1915/2721
f 2915/1914/2853 2916/1915/2721 2917/1916/2713
f 2918/1917/2854 2917/1916/2713 2916/1915/2721
f 2918/1917/2854 2919/1918/2855 2917/1916/2713
f 2918/1917/2854 2920/1919/2856 2919/1918/2855
f 2921/1484/2857 2922/1483/2858 2493/1482/2457
f 2922/1483/2858 2479/1467/2443 2493/1482/2457
f 2922/1483/2858 2923/1485/2859 2479/1467/2443
f 2923/1485/2859 2480/1466/2444 2479/1467/2443
f 2923/1485/2859 2924/1486/2860 2480/1466/2444
f 2924/1486/2860 2483/1469/2447 2480/1466/2444
f 2924/1486/2860 2925/1487/2861 2483/1469/2447
f 2925/1487/2861 2485/1471/2449 2483/1469/2447
f 2925/1487/2861 2926/1488/2862 2485/1471/2449
f 2926/1488/2862 2487/1473/2451 2485/1471/2449
f 2926/1488/2862 2927/1489/2863 2487/1473/2451
f 2927/1489/2863 2489/1475/2453 2487/1473/2451
f 2928/1490/2864 2489/1475/2453 2927/1489/2863
f 2489/1475/2453 2928/1490/2864 2929/1491/2865
f 2929/1491/2865 2930/1492/2866 2489/1475/2453
f 2930/1492/2866 2491/1477/2455 2489/1475/2453
f 2930/1492/2866 2931/1493/2867 2491/1477/2455
f 2931/1493/2867 2474/1480/2437 2491/1477/2455
f 2474/1480/2437 2931/1493/2867 2932/1494/2868
f 2932/1494/2868 2475/1495/2438 2474/1480/2437
o obj8
v -0.090702 0.933223 -0.026824
v -0.095035 0.993375 -0.023784
v -0.111650 0.985309 -0.023936
v -0.075800 0.710275 -0.095851
v -0.071041 0.741410 -0.090267
v -0.065633 0.736026 -0.103229
v -0.091882 0.712088 -0.068641
v -0.087122 0.724341 -0.063057
v -0.068016 0.767649 -0.086720
v -0.064537 0.776456 -0.098540
v -0.041870 0.727774 -0.128410
v -0.070957 0.714271 -0.091926
v -0.087039 0.711556 -0.064716
v -0.087772 0.722941 -0.057754
v -0.073047 0.740008 -0.066736
v -0.067701 0.770287 -0.079407
v -0.060562 0.779975 -0.094749
v -0.039508 0.786165 -0.112419
v -0.042172 0.782741 -0.117126
v 0.013167 0.743457 -0.136070
v 0.013614 0.739581 -0.134771
v 0.052349 0.742319 -0.130382
v 0.051272 0.738490 -0.129312
v 0.075386 0.737574 -0.115853
v 0.074416 0.733681 -0.114777
v 0.109058 0.721755 -0.075654
v -0.002983 0.795370 -0.125094
v -0.003004 0.791874 -0.127507
v 0.117815 0.710290 -0.048319
v 0.107143 0.748038 -0.073306
v 0.114200 0.747078 -0.047475
v 0.101226 0.717558 -0.078470
v 0.107738 0.705193 -0.045644
v 0.123198 0.709620 0.000000
v 0.113120 0.703726 0.000000
v -0.001826 0.798308 -0.120080
v 0.042319 0.807979 -0.112419
v 0.042927 0.805427 -0.117126
v 0.052077 0.768791 -0.126475
v 0.086729 0.772373 -0.108625
v 0.082299 0.810973 -0.097244
v 0.093683 0.811594 -0.071573
v 0.086665 0.813673 -0.066247
v 0.093581 0.816763 -0.039676
v 0.105135 0.814173 -0.043939
v 0.098226 0.815887 0.000000
v 0.110092 0.813799 0.000000
v 0.115332 0.786695 0.000000
v 0.078662 0.774659 -0.108705
v 0.066514 0.812092 -0.094749
v 0.110117 0.787189 -0.046096
v 0.109604 0.782169 -0.051072
v 0.107924 0.785160 -0.045070
v 0.107478 0.781956 -0.048370
v 0.110155 0.776863 -0.051425
v 0.111828 0.771210 -0.046922
v 0.119814 0.744405 0.000000
v 0.112820 0.784689 0.000000
v 0.108000 0.776667 -0.048841
v 0.109216 0.772776 -0.045889
v 0.114293 0.772608 0.000000
v 0.117223 0.771037 0.000000
v 0.027785 0.782384 -0.395710
v 0.020596 0.779374 -0.406291
v 0.026762 0.781335 -0.390717
v 0.025246 0.783587 -0.402693
v 0.023992 0.828676 -0.349197
v 0.023499 0.824083 -0.346563
v 0.020468 0.869433 -0.309110
v 0.027785 0.782384 -0.395710
v 0.026762 0.781335 -0.390717
v 0.101226 0.717558 0.078470
v 0.086729 0.772373 0.108625
v 0.078662 0.774659 0.108705
v 0.109058 0.721755 0.075654
v 0.082299 0.810973 0.097244
v 0.052077 0.768791 0.126475
v 0.107143 0.748038 0.073306
v 0.013167 0.743455 0.136070
v 0.052349 0.742319 0.130382
v 0.075386 0.737574 0.115852
v 0.114350 0.745554 0.047511
v 0.111828 0.771210 0.046922
v 0.110155 0.776863 0.051425
v 0.109604 0.782169 0.051072
v 0.093683 0.811593 0.071573
v 0.066514 0.812092 0.094749
v 0.086665 0.813673 0.066247
v 0.042927 0.805427 0.117125
v -0.003004 0.791874 0.127507
v -0.041870 0.727774 0.128410
v 0.013614 0.739581 0.134771
v 0.051272 0.738490 0.129312
v 0.074416 0.733681 0.114777
v 0.117815 0.710290 0.048319
v 0.119814 0.744405 0.000000
v 0.117223 0.771037 0.000000
v 0.114293 0.772608 0.000000
v 0.123198 0.709620 0.000000
v 0.107738 0.705193 0.045644
v 0.113120 0.703726 0.000000
v -0.064537 0.776456 0.098540
v -0.042172 0.782741 0.117125
v -0.002983 0.795370 0.125094
v -0.075800 0.710275 0.095851
v -0.065633 0.736026 0.103229
v -0.071041 0.741410 0.090267
v -0.068016 0.767649 0.086720
v -0.091882 0.712088 0.068641
v 0.042319 0.807979 0.112419
v -0.001826 0.798308 0.120080
v -0.039508 0.786165 0.112419
v -0.060562 0.779975 0.094749
v -0.067701 0.770287 0.079407
v -0.073047 0.740008 0.066736
v -0.087122 0.724341 0.063057
v -0.087772 0.722941 0.057754
v -0.087039 0.711556 0.064716
v -0.070957 0.714271 0.091926
v 0.023059 0.869568 -0.311987
v 0.020622 0.878925 -0.303171
v 0.018668 0.768269 -0.420350
v 0.014679 0.790239 -0.406489
v 0.028339 0.759949 -0.409622
v 0.042596 0.764100 -0.396986
v 0.041982 0.776606 -0.384387
v 0.067165 0.767151 -0.400144
v 0.067777 0.779781 -0.387664
v -0.087039 0.711556 -0.064716
v -0.091882 0.712088 -0.068641
v -0.075800 0.710275 -0.095851
v 0.063127 0.922541 -0.366595
v 0.065319 0.920037 -0.362718
v 0.062076 0.870344 -0.403389
v 0.062894 0.942392 -0.351181
v 0.064787 0.939272 -0.347985
v 0.062431 0.964083 -0.335633
v 0.064589 0.961052 -0.331903
v 0.060853 0.963553 -0.329614
v 0.057942 0.962318 -0.333583
v 0.058636 0.940422 -0.349305
v 0.059425 0.921082 -0.364137
v 0.040560 0.869337 -0.402710
v 0.039025 0.916813 -0.367878
v 0.038743 0.938083 -0.348192
v 0.061958 0.817078 -0.430540
v 0.070873 0.814746 -0.427929
v 0.053473 0.817256 -0.431216
v 0.044064 0.816285 -0.430764
v 0.035162 0.814420 -0.427743
v 0.024027 0.862830 -0.395019
v 0.021122 0.909164 -0.362084
v 0.022197 0.928734 -0.342435
v 0.016640 0.948431 -0.329752
v 0.037239 0.961305 -0.334801
v 0.037317 0.963342 -0.330801
v 0.016696 0.950869 -0.326741
v 0.028266 0.811315 -0.423920
v 0.077186 0.811965 -0.424515
v 0.081163 0.863115 -0.393834
v 0.082580 0.909756 -0.357875
v 0.084328 0.933966 -0.337955
v 0.081863 0.954870 -0.323319
v 0.080084 0.956667 -0.319586
v 0.091475 0.939647 -0.307181
v 0.093933 0.937120 -0.310002
v 0.091509 0.925106 -0.289034
v 0.093946 0.921760 -0.290792
v 0.080109 0.917001 -0.269950
v 0.081901 0.912908 -0.270828
v 0.060549 0.907544 -0.263006
v 0.061239 0.903015 -0.263397
v 0.037420 0.902361 -0.266349
v 0.094170 0.897081 -0.341712
v 0.095306 0.921885 -0.322546
v 0.095261 0.907869 -0.305013
v 0.071450 0.890579 -0.286017
v 0.036077 0.879877 -0.286594
v 0.072127 0.865769 -0.303134
v 0.038607 0.861852 -0.299138
v 0.071301 0.822137 -0.342840
v 0.039047 0.820582 -0.341764
v 0.094058 0.882358 -0.323291
v 0.092442 0.836192 -0.359854
v 0.092277 0.850616 -0.377897
v 0.037416 0.898299 -0.267637
v 0.020622 0.878925 -0.303171
v 0.020468 0.869433 -0.309110
v 0.023499 0.824083 -0.346563
v 0.026762 0.781335 -0.390717
v 0.041982 0.776606 -0.384387
v 0.067777 0.779781 -0.387664
v 0.086032 0.791291 -0.401575
v 0.085666 0.802366 -0.414268
v 0.016885 0.896899 -0.284910
v 0.013830 0.849585 -0.378599
v 0.024149 0.801973 -0.417864
v 0.013928 0.836929 -0.362743
v 0.023069 0.798253 -0.413272
v 0.022787 0.792730 -0.406368
v 0.025246 0.783587 -0.402693
v 0.008811 0.884872 -0.323596
v 0.016885 0.896899 -0.284910
v 0.005824 0.907497 -0.304231
v 0.007836 0.843266 -0.363500
v 0.009458 0.891841 -0.330656
v 0.003981 0.925279 -0.321453
v 0.010246 0.900340 -0.339260
v 0.022197 0.928734 -0.342435
v 0.021802 0.905012 -0.358360
v 0.023946 0.857263 -0.392862
v 0.026983 0.805855 -0.421138
v 0.016640 0.948431 -0.329752
v 0.006421 0.850051 -0.372010
v 0.005137 0.846424 -0.367514
v 0.078396 1.054587 0.192897
v 0.075614 1.094668 0.201569
v 0.083660 1.053236 0.194588
v 0.070909 1.092580 0.198267
v 0.052525 1.109020 0.217236
v 0.051242 1.104664 0.213172
v 0.021629 1.109571 0.221399
v 0.023323 1.105080 0.217367
v -0.005506 1.098916 0.210345
v -0.001129 1.095542 0.206952
v -0.018283 1.078316 0.190420
v -0.011703 1.078195 0.188459
v -0.010239 1.036885 0.183438
v -0.004664 1.040123 0.183035
v 0.013588 1.013773 0.174405
v 0.016648 1.019606 0.174938
v 0.044723 1.010388 0.172389
v 0.043936 1.016850 0.173168
v 0.071620 1.023882 0.181295
v 0.066002 1.027454 0.180414
v 0.083660 1.053236 0.194588
v 0.078396 1.054587 0.192897
v 0.048991 0.953910 0.218390
v 0.032925 0.962618 0.219664
v 0.074691 0.963714 0.228959
v 0.086967 0.980505 0.249761
v 0.086967 0.980505 0.249761
v 0.081129 0.997863 0.272847
v 0.059408 1.009160 0.289402
v 0.029799 1.013036 0.290894
v 0.017647 1.008064 0.280105
v -0.002355 1.010760 0.261143
v -0.010638 1.010600 0.241478
v -0.008062 1.004790 0.228245
v -0.004856 0.993789 0.217983
v 0.007194 0.979773 0.215547
v 0.032686 0.962903 0.223719
v 0.007880 0.979948 0.219543
v 0.047965 0.954763 0.222551
v 0.071752 0.964337 0.231750
v 0.083161 0.980147 0.250682
v 0.077800 0.996062 0.271875
v 0.083161 0.980147 0.250682
v 0.057686 1.006077 0.287346
v 0.030562 1.009219 0.288984
v 0.019011 1.004456 0.279020
v -0.000588 1.007203 0.260273
v -0.007660 1.007817 0.242166
v -0.005293 1.002966 0.230245
v -0.002490 0.992948 0.221232
v 0.018164 0.777345 0.430819
v 0.022009 0.776637 0.429865
v 0.031685 0.784569 0.440347
v 0.022425 0.769105 0.421317
v 0.018669 0.768269 0.420350
v 0.028340 0.759949 0.409622
v 0.031034 0.761448 0.411977
v 0.042596 0.764100 0.396986
v 0.043457 0.765550 0.400713
v 0.067165 0.767151 0.400144
v 0.065526 0.767980 0.403639
v 0.080881 0.777898 0.415026
v 0.084621 0.777943 0.413172
v 0.085455 0.779298 0.432292
v 0.081717 0.778310 0.431589
v 0.074525 0.785743 0.440653
v 0.077199 0.787595 0.442895
v 0.062247 0.792104 0.448937
v 0.061132 0.789780 0.446066
v 0.054073 0.792608 0.449789
v 0.054124 0.790214 0.446796
v 0.045637 0.789326 0.445913
v 0.044606 0.791620 0.448804
v 0.036971 0.786925 0.443142
v 0.035131 0.788994 0.445774
v 0.029002 0.786266 0.442531
v 0.023069 0.798253 0.413272
v 0.014679 0.790239 0.406489
v 0.014219 0.796646 0.415028
v 0.022787 0.792730 0.406368
v 0.024150 0.801973 0.417865
v 0.022426 0.796480 0.427585
v 0.025291 0.805068 0.422508
v 0.026983 0.805855 0.421138
v 0.028267 0.811315 0.423920
v 0.026115 0.809911 0.426479
v 0.035163 0.814420 0.427743
v 0.034635 0.813641 0.430914
v 0.044064 0.816286 0.430764
v 0.043024 0.815782 0.433371
v 0.053474 0.817256 0.431216
v 0.053023 0.816521 0.434022
v 0.061958 0.817078 0.430540
v 0.062196 0.816247 0.433435
v 0.070873 0.814746 0.427929
v 0.071011 0.814212 0.430652
v 0.077186 0.811965 0.424515
v 0.078497 0.811180 0.426656
v 0.085666 0.802366 0.414268
v 0.087557 0.801938 0.414853
v 0.086032 0.791291 0.401574
v 0.020596 0.779374 0.406292
v 0.025246 0.783587 0.402693
v 0.037415 0.898299 0.267637
v 0.018147 0.900636 0.283728
v 0.037419 0.902361 0.266349
v 0.016884 0.896899 0.284910
v 0.006490 0.910258 0.302248
v 0.005823 0.907497 0.304231
v 0.005470 0.927723 0.318793
v 0.003981 0.925279 0.321453
v 0.016695 0.950869 0.326741
v 0.016639 0.948431 0.329752
v 0.018164 0.777345 0.430819
v 0.018669 0.768269 0.420350
v 0.020467 0.869433 0.309111
v 0.023992 0.828676 0.349197
v 0.023059 0.869567 0.311987
v 0.020621 0.878925 0.303171
v 0.023946 0.857263 0.392863
v 0.026983 0.805855 0.421138
v 0.028267 0.811315 0.423920
v 0.024027 0.862830 0.395019
v 0.021802 0.905012 0.358360
v 0.021121 0.909163 0.362084
v 0.022197 0.928733 0.342435
v 0.013927 0.836929 0.362744
v 0.024150 0.801973 0.417865
v 0.013829 0.849585 0.378599
v 0.023069 0.798253 0.413272
v 0.022787 0.792730 0.406368
v 0.025246 0.783587 0.402693
v 0.027785 0.782384 0.395711
v 0.008810 0.884872 0.323596
v 0.016884 0.896899 0.284910
v 0.005823 0.907497 0.304231
v 0.009457 0.891841 0.330657
v 0.003981 0.925279 0.321453
v 0.010246 0.900340 0.339260
v 0.016639 0.948431 0.329752
v 0.007836 0.843266 0.363500
v 0.005137 0.846424 0.367515
v 0.006420 0.850051 0.372010
v 0.067777 0.779781 0.387664
v 0.084621 0.777943 0.413172
v 0.067165 0.767151 0.400144
v 0.085455 0.779298 0.432292
v 0.077199 0.787595 0.442895
v 0.062247 0.792104 0.448937
v 0.054073 0.792608 0.449789
v 0.044606 0.791620 0.448804
v 0.035131 0.788994 0.445774
v 0.029002 0.786266 0.442531
v 0.058636 0.940422 0.349305
v 0.039024 0.916813 0.367878
v 0.059424 0.921082 0.364137
v 0.038743 0.938083 0.348192
v 0.040560 0.869337 0.402710
v 0.062077 0.870344 0.403389
v 0.024027 0.862830 0.395019
v 0.021121 0.909163 0.362084
v 0.022197 0.928733 0.342435
v 0.016639 0.948431 0.329752
v 0.037238 0.961305 0.334801
v 0.057941 0.962318 0.333583
v 0.060853 0.963553 0.329614
v 0.037316 0.963342 0.330801
v 0.016695 0.950869 0.326741
v 0.026762 0.781335 0.390717
v 0.039046 0.820581 0.341764
v 0.041982 0.776606 0.384387
v 0.067777 0.779781 0.387664
v 0.071300 0.822137 0.342840
v 0.086032 0.791291 0.401574
v 0.092442 0.836192 0.359854
v 0.085666 0.802366 0.414268
v 0.092277 0.850616 0.377896
v 0.077186 0.811965 0.424515
v 0.081163 0.863115 0.393834
v 0.070873 0.814746 0.427929
v 0.061958 0.817078 0.430540
v 0.053474 0.817256 0.431216
v 0.044064 0.816286 0.430764
v 0.035163 0.814420 0.427743
v 0.028267 0.811315 0.423920
v 0.038606 0.861851 0.299138
v 0.072126 0.865769 0.303133
v 0.036076 0.879877 0.286594
v 0.061237 0.903015 0.263397
v 0.081900 0.912908 0.270828
v 0.071449 0.890579 0.286016
v 0.094057 0.882358 0.323290
v 0.094169 0.897081 0.341711
v 0.095260 0.907869 0.305013
v 0.093945 0.921760 0.290791
v 0.080107 0.917001 0.269950
v 0.060548 0.907544 0.263005
v 0.037419 0.902361 0.266349
v 0.037415 0.898299 0.267637
v 0.020621 0.878925 0.303171
v 0.020467 0.869433 0.309111
v 0.023499 0.824083 0.346563
v 0.016884 0.896899 0.284910
v 0.093932 0.937120 0.310002
v 0.081862 0.954870 0.323319
v 0.095305 0.921885 0.322546
v 0.084327 0.933966 0.337955
v 0.082580 0.909756 0.357874
v 0.065318 0.920037 0.362717
v 0.064787 0.939272 0.347985
v 0.064588 0.961052 0.331903
v 0.080083 0.956667 0.319585
v 0.091474 0.939647 0.307180
v 0.091508 0.925106 0.289034
v 0.063126 0.922541 0.366595
v 0.062893 0.942392 0.351181
v 0.062431 0.964083 0.335633
v 0.018864 0.795165 0.407620
v 0.018410 0.793427 0.410647
v 0.019205 0.792701 0.409617
v 0.018069 0.795889 0.408653
v 0.016961 0.793509 0.410996
v 0.016622 0.795973 0.408999
v 0.015712 0.792901 0.410462
v 0.015370 0.795367 0.408463
v 0.015389 0.791958 0.409351
v 0.015048 0.794424 0.407356
v 0.016184 0.791232 0.408321
v 0.015844 0.793695 0.406322
v 0.017630 0.791151 0.407969
v 0.017289 0.793615 0.405973
v 0.018883 0.791757 0.408507
v 0.018542 0.794221 0.406510
v 0.019205 0.792701 0.409617
v 0.018864 0.795165 0.407620
v 0.016955 0.794793 0.407487
v 0.008936 0.844571 0.366650
v 0.017411 0.793467 0.409499
v 0.018067 0.793140 0.408938
v 0.008280 0.844898 0.367211
v 0.016606 0.793089 0.409248
v 0.007475 0.844524 0.366960
v 0.016764 0.792530 0.408532
v 0.007633 0.843967 0.366244
v 0.017668 0.792560 0.408338
v 0.008535 0.843995 0.366050
v 0.018067 0.793140 0.408938
v 0.008936 0.844571 0.366650
v 0.022685 0.000000 -0.032091
v -0.024314 0.000015 -0.076212
v 0.059150 0.000000 -0.031964
v -0.002287 0.000057 -0.035541
v 0.056850 0.000023 -0.110287
v 0.023162 0.000000 -0.114697
v 0.014218 0.796645 -0.415028
v 0.018163 0.777345 -0.430819
v 0.028266 0.811315 -0.423920
v 0.024027 0.862830 -0.395019
v 0.021122 0.909164 -0.362084
v 0.092873 0.304577 -0.098125
v 0.056191 0.350480 -0.132215
v 0.082403 0.346208 -0.101714
v 0.062552 0.304414 -0.124528
v 0.020492 0.349265 -0.138147
v 0.029114 0.304577 -0.134163
v -0.018534 0.343058 -0.127380
v 0.091544 0.304577 -0.062299
v 0.082871 0.343431 -0.060323
v 0.083692 0.250087 -0.061144
v 0.083650 0.250241 -0.094956
v 0.065266 0.255820 -0.122555
v 0.033040 0.270313 -0.135569
v -0.009953 0.300644 -0.122132
v -0.038739 0.337499 -0.109761
v -0.031133 0.322764 -0.104226
v -0.049719 0.334396 -0.079338
v -0.028480 0.319034 -0.050623
v -0.039846 0.338070 -0.046394
v -0.009953 0.302312 -0.034969
v -0.021023 0.345178 -0.028325
v 0.018434 0.349877 -0.020594
v 0.029067 0.304577 -0.022226
v 0.016110 0.286938 -0.027365
v 0.032894 0.275528 -0.022978
v 0.064232 0.304577 -0.034268
v 0.064548 0.255820 -0.034979
v 0.091544 0.304577 -0.062299
v 0.083692 0.250087 -0.061144
v 0.082871 0.343431 -0.060323
v 0.053009 0.345912 -0.030113
v -0.004624 0.255820 -0.035589
v -0.034925 0.295607 -0.063868
v -0.030272 0.316517 -0.050638
v -0.052722 0.332980 -0.079366
v -0.032877 0.319768 -0.104241
v -0.034925 0.295510 -0.094384
v -0.004616 0.255819 -0.121923
v -0.031942 0.292149 -0.094371
v -0.023272 0.255810 -0.093647
v -0.036823 0.304059 -0.079898
v -0.023289 0.255814 -0.062508
v -0.031942 0.292206 -0.063849
v -0.042832 0.306396 -0.079661
v 0.100587 0.163959 -0.094489
v 0.071116 0.207060 -0.116111
v 0.086054 0.207060 -0.094705
v 0.041106 0.207060 -0.122970
v 0.005504 0.207060 -0.119622
v -0.013705 0.207083 -0.091673
v -0.013705 0.207064 -0.063568
v 0.005504 0.207060 -0.043517
v 0.042514 0.207060 -0.036860
v 0.070828 0.207060 -0.043540
v 0.089176 0.207060 -0.066154
v 0.102523 0.162637 -0.067915
v 0.089176 0.207060 -0.066154
v 0.088283 0.107962 -0.043010
v 0.048098 0.164926 -0.036807
v 0.056272 0.108674 -0.036922
v 0.077347 0.157415 -0.042028
v 0.014785 0.158302 -0.045514
v -0.014431 0.144996 -0.070780
v -0.014431 0.145038 -0.085859
v 0.014785 0.158302 -0.112934
v 0.045917 0.164926 -0.119922
v 0.069800 0.160278 -0.113793
v 0.068732 0.105368 -0.115088
v 0.098186 0.111779 -0.095437
v 0.013646 0.118493 -0.047387
v 0.041481 0.105211 -0.121275
v 0.010571 0.119603 -0.110889
v -0.020972 0.126431 -0.087865
v -0.017349 0.127087 -0.062198
v -0.005360 0.115086 -0.059838
v -0.019279 0.114802 -0.077172
v -0.008468 0.115086 -0.092304
v 0.015769 0.115488 -0.109654
v 0.043338 0.105671 -0.113530
v 0.065659 0.106313 -0.107631
v 0.079824 0.099978 -0.091565
v 0.087312 0.098838 -0.070558
v 0.102919 0.112608 -0.072331
v 0.102523 0.162637 -0.067915
v 0.102919 0.112608 -0.072331
v 0.077800 0.099665 -0.055345
v 0.056589 0.105412 -0.042484
v 0.021184 0.113310 -0.050771
v 0.087312 0.098838 -0.070558
v -0.039846 0.338070 -0.046394
v -0.015910 0.349997 -0.033882
v -0.029505 0.343812 -0.052191
v -0.021023 0.345178 -0.028325
v 0.018383 0.354696 -0.029503
v 0.018434 0.349877 -0.020594
v 0.045089 0.353337 -0.038429
v 0.053009 0.345912 -0.030113
v 0.068389 0.350856 -0.063329
v 0.082871 0.343431 -0.060323
v 0.067980 0.350113 -0.097449
v 0.082403 0.346208 -0.101714
v 0.045709 0.352279 -0.124150
v 0.056191 0.350480 -0.132215
v 0.021307 0.354095 -0.130611
v 0.020492 0.349265 -0.138147
v -0.013300 0.347888 -0.120939
v -0.018534 0.343058 -0.127380
v -0.028534 0.342328 -0.104315
v -0.038739 0.337499 -0.109761
v -0.040191 0.340198 -0.078763
v -0.049719 0.334396 -0.079338
v 0.032896 0.275529 0.022979
v 0.064234 0.304579 0.034268
v 0.064551 0.255821 0.034979
v 0.029069 0.304578 0.022226
v 0.091547 0.304580 0.062299
v 0.083695 0.250089 0.061144
v 0.082872 0.343432 0.060323
v 0.053009 0.345913 0.030113
v 0.018435 0.349877 0.020594
v -0.028479 0.319033 0.050624
v -0.049717 0.334394 0.079338
v -0.039845 0.338069 0.046394
v -0.009951 0.302312 0.034970
v -0.021022 0.345178 0.028325
v 0.016056 0.286856 0.027388
v -0.004621 0.255819 0.035589
v 0.071121 0.207062 0.116111
v 0.033043 0.270313 0.135569
v 0.041110 0.207061 0.122970
v -0.004613 0.255819 0.121923
v 0.005508 0.207060 0.119622
v -0.023269 0.255809 0.093647
v -0.013701 0.207082 0.091673
v -0.023286 0.255813 0.062508
v -0.013701 0.207063 0.063568
v 0.005508 0.207060 0.043518
v 0.042518 0.207061 0.036860
v 0.070832 0.207062 0.043540
v 0.089180 0.207062 0.066154
v 0.077352 0.157417 0.042028
v 0.102529 0.162639 0.067915
v 0.102926 0.112610 0.072331
v -0.009951 0.300644 0.122132
v 0.087319 0.098840 0.070558
v 0.077808 0.099667 0.055345
v -0.020966 0.126431 0.087866
v 0.010578 0.119603 0.110890
v 0.014791 0.158303 0.112934
v -0.014425 0.145038 0.085859
v -0.014425 0.144996 0.070781
v 0.014791 0.158303 0.045515
v 0.048103 0.164927 0.036807
v 0.088290 0.107964 0.043010
v 0.056279 0.108676 0.036923
v 0.013652 0.118494 0.047388
v -0.017343 0.127087 0.062198
v 0.056596 0.105413 0.042484
v 0.021191 0.113311 0.050772
v -0.005353 0.115086 0.059839
v -0.019275 0.114802 0.077172
v -0.008463 0.115086 0.092304
v 0.015773 0.115488 0.109655
v 0.045922 0.164927 0.119922
v 0.041487 0.105212 0.121275
v 0.043342 0.105671 0.113531
v 0.065665 0.106314 0.107631
v 0.068739 0.105370 0.115089
v 0.079831 0.099980 0.091565
v 0.098193 0.111782 0.095437
v 0.087319 0.098840 0.070558
v 0.102926 0.112610 0.072331
v 0.102529 0.162639 0.067915
v 0.100593 0.163961 0.094489
v 0.086058 0.207062 0.094705
v 0.065269 0.255821 0.122556
v 0.069805 0.160280 0.113793
v 0.083654 0.250243 0.094956
v 0.089180 0.207062 0.066154
v 0.083695 0.250089 0.061144
v 0.022425 0.796480 -0.427585
v 0.029001 0.786266 -0.442530
v 0.026115 0.809911 -0.426479
v 0.034635 0.813641 -0.430914
v 0.035131 0.788994 -0.445774
v 0.043023 0.815782 -0.433371
v 0.044605 0.791620 -0.448804
v 0.054073 0.792608 -0.449789
v 0.053022 0.816521 -0.434022
v 0.062196 0.816247 -0.433435
v 0.062246 0.792104 -0.448937
v 0.077199 0.787595 -0.442896
v 0.071011 0.814212 -0.430652
v 0.078497 0.811180 -0.426656
v 0.085455 0.779298 -0.432292
v 0.087557 0.801938 -0.414854
v 0.084621 0.777943 -0.413172
v 0.086032 0.791291 -0.401575
v 0.067777 0.779781 -0.387664
v 0.067165 0.767151 -0.400144
v 0.025291 0.805068 -0.422508
v 0.023069 0.798253 -0.413272
v 0.024149 0.801973 -0.417864
v 0.026983 0.805855 -0.421138
v 0.028266 0.811315 -0.423920
v 0.035162 0.814420 -0.427743
v 0.044064 0.816285 -0.430764
v 0.053473 0.817256 -0.431216
v 0.061958 0.817078 -0.430540
v 0.070873 0.814746 -0.427929
v 0.077186 0.811965 -0.424515
v 0.085666 0.802366 -0.414268
v 0.022787 0.792730 -0.406368
v 0.026762 0.781335 0.390717
v 0.027785 0.782384 0.395711
v 0.023499 0.824083 0.346563
v 0.026762 0.781335 0.390717
v -0.042830 0.306394 0.079661
v -0.031940 0.292148 0.094371
v -0.034923 0.295509 0.094384
v -0.036821 0.304057 0.079899
v -0.034923 0.295606 0.063869
v -0.052720 0.332979 0.079367
v -0.032875 0.319767 0.104242
v -0.030270 0.316516 0.050639
v -0.031131 0.322763 0.104226
v -0.031940 0.292205 0.063850
v 0.028340 0.759949 0.409622
v 0.042596 0.764100 0.396986
v 0.041982 0.776606 0.384387
v 0.067165 0.767151 0.400144
v 0.067777 0.779781 0.387664
v 0.029116 0.304578 0.134163
v 0.020493 0.349266 0.138147
v -0.018533 0.343057 0.127380
v 0.062555 0.304415 0.124528
v 0.056192 0.350481 0.132215
v 0.092875 0.304580 0.098125
v 0.082404 0.346210 0.101715
v -0.038737 0.337497 0.109761
v 0.091547 0.304580 0.062299
v 0.082872 0.343432 0.060323
v -0.075652 0.574851 -0.107359
v -0.079990 0.573141 -0.056713
v -0.079674 0.598931 -0.055529
v -0.065334 0.520026 -0.110242
v -0.069193 0.519481 -0.059745
v -0.049362 0.582757 -0.017919
v -0.040594 0.522804 -0.026003
v 0.007891 0.563006 -0.009012
v 0.008241 0.513133 -0.013988
v 0.057281 0.569012 -0.017917
v 0.050689 0.515894 -0.025918
v 0.085577 0.543174 -0.054868
v 0.082425 0.519285 -0.057669
v 0.088692 0.582798 -0.047373
v 0.007921 0.570144 -0.013045
v -0.045091 0.589095 -0.022285
v 0.053652 0.569196 -0.022810
v 0.082207 0.582983 -0.048990
v 0.086669 0.611027 -0.057044
v 0.093448 0.610842 -0.055459
v 0.088288 0.625497 -0.069719
v 0.095101 0.625311 -0.068482
v -0.063648 0.471859 -0.106126
v -0.034919 0.483588 -0.134446
v -0.064964 0.471799 -0.061161
v -0.034771 0.464219 -0.029520
v 0.008269 0.455291 -0.017936
v 0.045131 0.454138 -0.029520
v 0.065845 0.444066 -0.059700
v 0.056084 0.422309 -0.061672
v 0.032879 0.409051 -0.032007
v 0.034530 0.409228 -0.035632
v 0.009412 0.407387 -0.027430
v 0.007761 0.407210 -0.023149
v -0.028415 0.419765 -0.040331
v -0.037003 0.427648 -0.037690
v 0.007293 0.455905 -0.144833
v -0.034989 0.427648 -0.129833
v -0.064666 0.451489 -0.093603
v -0.064666 0.451489 -0.064902
v -0.050086 0.436597 -0.061887
v -0.050086 0.436597 -0.098051
v -0.028415 0.419765 -0.126460
v 0.007759 0.407210 -0.137225
v 0.036246 0.409051 -0.125941
v 0.043448 0.456000 -0.129751
v 0.071091 0.468405 -0.096915
v 0.057127 0.421646 -0.095116
v 0.009410 0.407387 -0.133055
v 0.065845 0.444066 -0.059700
v 0.056084 0.422309 -0.061672
v 0.082425 0.519285 -0.057669
v 0.063586 0.468912 -0.093356
v 0.043070 0.461322 -0.123998
v 0.006915 0.464326 -0.137362
v -0.035299 0.489672 -0.132126
v -0.059212 0.520534 -0.111064
v -0.071144 0.575035 -0.105102
v -0.074856 0.600237 -0.107778
v -0.079021 0.604745 -0.105919
v -0.082435 0.632468 -0.102026
v -0.051510 0.662684 -0.136388
v -0.082773 0.653172 -0.100556
v 0.007090 0.628628 -0.144518
v 0.004991 0.661529 -0.148477
v -0.051225 0.632675 -0.133171
v 0.047141 0.570116 -0.132247
v 0.005928 0.584786 -0.145310
v 0.057105 0.603594 -0.128662
v 0.056446 0.647497 -0.133439
v -0.080223 0.607932 -0.059491
v -0.083147 0.628944 -0.062556
v -0.082413 0.676366 -0.096324
v -0.050533 0.696236 -0.136316
v 0.003216 0.697686 -0.146538
v 0.060005 0.674591 -0.131064
v 0.093387 0.618279 -0.102026
v 0.095102 0.646249 -0.099072
v 0.095101 0.625311 -0.068482
v 0.093448 0.610842 -0.055459
v 0.088670 0.646433 -0.097428
v 0.088288 0.625497 -0.069719
v 0.056175 0.674775 -0.127049
v 0.003593 0.697872 -0.141377
v -0.046176 0.696420 -0.131911
v -0.075694 0.676550 -0.094884
v -0.078445 0.629128 -0.059383
v -0.076288 0.608116 -0.057023
v -0.074394 0.600349 -0.053039
v 0.088692 0.582798 -0.047373
v 0.088107 0.588213 -0.102950
v 0.085577 0.543174 -0.054868
v 0.081246 0.559229 -0.100183
v 0.071251 0.521480 -0.094023
v 0.047019 0.520399 -0.127579
v 0.005891 0.518227 -0.144949
v -0.041189 0.519941 -0.135873
v -0.049662 0.581185 -0.131797
v 0.007757 0.407210 0.023150
v -0.034775 0.464220 0.029520
v 0.008266 0.455291 0.017936
v -0.037006 0.427648 0.037690
v 0.032875 0.409051 0.032007
v 0.045128 0.454136 0.029520
v 0.050687 0.515891 0.025918
v 0.008239 0.513133 0.013988
v -0.040597 0.522804 0.026003
v -0.064967 0.471801 0.061161
v -0.064670 0.451492 0.064902
v 0.034526 0.409228 0.035633
v 0.009410 0.407387 0.027430
v -0.028419 0.419765 0.040331
v -0.050089 0.436597 0.061887
v -0.050089 0.436597 0.098051
v -0.028418 0.419765 0.126460
v -0.064670 0.451492 0.093603
v -0.063651 0.471862 0.106126
v -0.069196 0.519483 0.059745
v -0.049364 0.582757 0.017919
v 0.007888 0.563006 0.009012
v 0.057279 0.569010 0.017917
v 0.085575 0.543173 0.054868
v 0.082422 0.519285 0.057669
v 0.065841 0.444066 0.059700
v 0.056080 0.422307 0.061672
v 0.088690 0.582798 0.047373
v 0.093447 0.610842 0.055459
v 0.088287 0.625497 0.069719
v 0.095100 0.625310 0.068482
v 0.086667 0.611026 0.057044
v 0.082206 0.582982 0.048990
v 0.053650 0.569194 0.022809
v 0.007919 0.570144 0.013045
v -0.045092 0.589095 0.022285
v -0.079676 0.598934 0.055529
v -0.074396 0.600351 0.053038
v -0.080225 0.607934 0.059491
v -0.076290 0.608118 0.057023
v -0.083148 0.628946 0.062556
v -0.078446 0.629130 0.059383
v -0.082414 0.676368 0.096324
v -0.075695 0.676550 0.094884
v -0.079022 0.604748 0.105919
v -0.051511 0.662684 0.136388
v -0.082436 0.632471 0.102026
v -0.082773 0.653175 0.100556
v 0.036242 0.409051 0.125941
v 0.057123 0.421644 0.095116
v 0.071088 0.468405 0.096915
v 0.043444 0.455998 0.129751
v 0.007289 0.455905 0.144833
v 0.007755 0.407210 0.137226
v 0.009406 0.407387 0.133055
v -0.034992 0.427648 0.129833
v -0.034922 0.483588 0.134446
v -0.065337 0.520028 0.110242
v -0.079992 0.573143 0.056713
v -0.075654 0.574853 0.107359
v 0.007088 0.628628 0.144518
v -0.051226 0.632676 0.133171
v -0.074857 0.600239 0.107777
v -0.071146 0.575037 0.105102
v -0.059215 0.520534 0.111064
v -0.035302 0.489672 0.132126
v 0.006911 0.464326 0.137362
v 0.043066 0.461320 0.123998
v 0.063583 0.468912 0.093356
v 0.082422 0.519285 0.057669
v 0.065841 0.444066 0.059700
v 0.056080 0.422307 0.061672
v 0.071249 0.521479 0.094023
v 0.047016 0.520396 0.127579
v 0.085575 0.543173 0.054868
v 0.081243 0.559228 0.100183
v 0.047139 0.570114 0.132248
v 0.005926 0.584786 0.145310
v 0.005889 0.518227 0.144949
v -0.049664 0.581186 0.131797
v -0.041191 0.519941 0.135873
v 0.057103 0.603592 0.128662
v 0.088105 0.588213 0.102950
v 0.088690 0.582798 0.047373
v -0.050533 0.696236 0.136315
v -0.046176 0.696420 0.131911
v 0.003216 0.697686 0.146537
v 0.003592 0.697872 0.141377
v 0.060004 0.674591 0.131064
v 0.056174 0.674775 0.127049
v 0.095101 0.646248 0.099072
v 0.088669 0.646433 0.097428
v 0.095100 0.625310 0.068482
v 0.093386 0.618278 0.102026
v 0.093447 0.610842 0.055459
v 0.056445 0.647495 0.133439
v 0.004990 0.661529 0.148477
v 0.088287 0.625497 0.069719
v -0.106766 1.008710 0.000000
v -0.103670 1.008953 -0.042522
v -0.105301 1.008603 -0.042522
v -0.104581 1.008772 0.000000
v -0.103670 1.008953 0.042522
v -0.104581 1.008772 0.000000
v -0.105301 1.008603 0.042522
v -0.088680 0.926413 -0.035773
v -0.109190 1.014701 -0.044224
v -0.094217 0.929100 -0.037206
v -0.061599 1.043440 -0.112906
v -0.090348 1.003027 -0.081020
v -0.104432 1.019975 -0.060405
v -0.051008 0.976560 -0.111023
v -0.030456 1.041735 -0.146123
v -0.035745 1.061085 -0.148715
v -0.018184 1.015199 -0.142601
v -0.009622 0.961893 -0.124007
v 0.002496 0.992553 -0.139690
v 0.040765 0.949313 -0.128138
v 0.033048 0.986340 -0.138856
v 0.066225 0.998217 -0.140486
v 0.089740 0.951039 -0.113265
v 0.119017 0.971050 -0.087352
v 0.120812 0.924846 -0.066517
v 0.136127 0.980892 -0.065848
v 0.133018 0.941167 -0.031105
v 0.101331 0.911335 -0.088354
v 0.071982 0.897598 -0.115400
v 0.071129 0.896122 -0.110962
v -0.035926 1.065075 -0.149243
v -0.061967 1.046198 -0.112032
v -0.104942 1.022965 -0.058647
v -0.069114 0.907394 -0.077140
v -0.024797 0.889688 -0.105957
v 0.033573 0.889098 -0.120711
v 0.034195 0.887949 -0.116069
v -0.064542 0.905541 -0.074174
v -0.021929 0.888515 -0.101882
v 0.040765 0.949313 0.128138
v -0.009622 0.961893 0.124007
v -0.024797 0.889688 0.105957
v -0.051008 0.976560 0.111023
v -0.069114 0.907394 0.077140
v -0.090348 1.003027 0.081020
v -0.094217 0.929100 0.037206
v -0.104432 1.019975 0.060407
v -0.104942 1.022965 0.058647
v -0.109190 1.014701 0.044224
v -0.105278 1.021911 0.000000
v -0.111278 1.014672 0.000000
v -0.035745 1.061085 0.148715
v -0.035926 1.065075 0.149243
v -0.061967 1.046198 0.112034
v -0.061599 1.043440 0.112906
v -0.088680 0.926413 0.035775
v -0.064542 0.905541 0.074174
v -0.021929 0.888515 0.101882
v 0.034195 0.887949 0.116069
v 0.033573 0.889098 0.120711
v 0.071982 0.897598 0.115400
v 0.089740 0.951039 0.113265
v 0.101331 0.911335 0.088354
v 0.119017 0.971050 0.087353
v 0.120812 0.924846 0.066517
v 0.133018 0.941167 0.031105
v 0.136127 0.980892 0.065850
v 0.095880 1.038124 0.145789
v 0.139183 1.036476 0.085434
v 0.109048 1.075839 0.150776
v 0.143072 1.103713 0.109106
v 0.071129 0.896122 0.110962
v 0.066225 0.998215 0.140486
v 0.033048 0.986340 0.138856
v 0.002496 0.992551 0.139690
v -0.018184 1.015199 0.142601
v -0.030456 1.041735 0.146123
v 0.103306 1.118845 0.156402
v 0.117315 1.161711 0.094096
v 0.077637 1.151083 0.160565
v 0.083212 1.173767 0.116008
v 0.029869 1.169958 0.116829
v 0.031313 1.160505 0.161781
v 0.001280 1.146461 0.159910
v -0.000010 1.154921 0.110394
v -0.015082 1.128971 0.157622
v -0.021750 1.134949 0.103411
v -0.031266 1.097107 0.153444
v -0.063626 1.087654 0.085966
v -0.072596 1.118813 0.048566
v -0.038204 1.144341 0.066498
v -0.008317 1.168592 0.076496
v 0.017247 1.189262 0.084191
v 0.066273 1.187647 0.105068
v 0.042304 1.209478 0.081181
v 0.067688 1.222500 0.063760
v 0.093584 1.199829 0.078476
v 0.135603 1.159357 0.046594
v 0.113116 1.205187 0.042659
v 0.118012 1.206403 0.000000
v 0.139420 1.159060 0.000000
v 0.105782 1.205723 0.048123
v -0.104581 1.008772 0.000000
v -0.074166 0.000057 0.028552
v -0.002287 0.000058 0.035542
v -0.024314 0.000016 0.076213
v -0.035169 -0.000349 0.122208
v -0.077254 -0.000197 0.116924
v 0.056851 0.000024 0.110288
v 0.023162 0.000001 0.114697
v 0.054937 0.594919 -0.020049
v 0.054713 0.595409 -0.020976
v 0.007462 0.595097 -0.009639
v -0.071521 1.119649 0.000000
v -0.069124 1.124239 -0.043128
v -0.072596 1.118815 -0.048564
v -0.068168 1.124976 0.000000
v -0.069124 1.124237 0.043128
v -0.109541 1.029840 0.052668
v -0.109840 1.028892 0.000000
v -0.109541 1.029840 -0.052668
v -0.080591 1.115729 -0.043633
v -0.079556 1.116451 0.000000
v -0.080591 1.115729 0.043634
v 0.054935 0.594916 0.020049
v 0.007460 0.595097 0.009639
v 0.054711 0.595406 0.020976
v -0.110305 0.989303 -0.027675
v -0.112314 0.988817 0.000000
v -0.110305 0.989303 0.027677
v -0.090702 0.933223 0.026826
v -0.111650 0.985309 0.023936
v -0.112929 0.984996 0.000000
v -0.095035 0.993375 0.023784
v -0.096312 0.993063 0.000000
v 0.144160 1.147301 -0.095194
v 0.149435 1.135147 -0.087193
v 0.149049 1.102332 -0.097654
v 0.148701 1.148732 -0.032110
v 0.153957 1.136300 -0.033961
v 0.149747 1.091605 -0.037046
v 0.139183 1.036476 -0.085432
v 0.143072 1.103713 -0.109106
v 0.117315 1.161711 -0.094096
v 0.135603 1.159357 -0.046594
v 0.148844 1.148599 0.000000
v 0.154054 1.135462 0.000000
v 0.139420 1.159060 0.000000
v 0.141033 0.950984 0.000000
v 0.134860 0.942510 0.000000
v 0.139737 0.951130 -0.025910
v 0.142420 0.984329 -0.056097
v 0.145385 1.038522 -0.075191
v 0.143242 1.046993 0.000000
v 0.143624 0.981403 0.000000
v -0.038825 1.146451 -0.059498
v -0.038204 1.144341 -0.066498
v -0.009083 1.170587 -0.069449
v -0.008317 1.168592 -0.076496
v 0.015617 1.190558 -0.076883
v 0.017247 1.189264 -0.084191
v 0.038408 1.208936 -0.074144
v 0.042304 1.209478 -0.081181
v 0.063020 1.222143 -0.061106
v 0.068021 1.221926 -0.065882
v 0.107750 1.205757 -0.049888
v 0.111748 1.206211 -0.041819
v 0.115671 1.205233 -0.042604
v 0.118012 1.206403 0.000000
v 0.113773 1.206633 0.000000
v 0.134115 1.130139 -0.082792
v 0.138772 1.131138 -0.034876
v 0.138869 1.130300 -0.000925
v 0.029869 1.169958 -0.116829
v 0.066273 1.187647 -0.105068
v 0.083212 1.173769 -0.116008
v -0.063626 1.087654 -0.085965
v -0.021750 1.134949 -0.103411
v -0.000010 1.154921 -0.110394
v 0.093584 1.199829 -0.078476
v 0.089829 1.038124 -0.145789
v 0.109048 1.075839 -0.150776
v 0.103306 1.118845 -0.156402
v 0.077637 1.151083 -0.160565
v 0.031313 1.160505 -0.161781
v 0.001280 1.146461 -0.159910
v -0.015082 1.128971 -0.157622
v -0.031266 1.097107 -0.153442
v 0.148844 1.148599 0.000000
v 0.153957 1.136300 0.033961
v 0.154054 1.135462 0.000000
v 0.141033 0.950984 0.000000
v 0.134860 0.942510 0.000000
v 0.139737 0.951130 0.025912
v 0.142420 0.984329 0.056098
v 0.145385 1.038522 0.075191
v 0.149049 1.102332 0.097654
v 0.149435 1.135147 0.087193
v 0.144160 1.147301 0.095194
v 0.148701 1.148732 0.032110
v 0.135042 1.124952 0.038433
v 0.147854 1.119375 0.041718
v 0.135043 1.121699 0.040348
v 0.135042 1.127004 0.041916
v 0.135042 1.123751 0.043833
v 0.147854 1.121427 0.045201
v 0.151899 1.123285 0.044107
v 0.147855 1.086104 0.066008
v 0.151900 1.083315 0.067650
v 0.134368 1.082386 0.068199
v 0.133694 1.079131 0.070114
v 0.133694 1.077081 0.066631
v 0.151900 1.081263 0.064167
v 0.147854 1.084052 0.062525
v 0.151899 1.121233 0.040622
v 0.134368 1.080334 0.064714
v 0.140469 1.100506 -0.030751
v 0.134376 1.111093 -0.088838
v 0.134583 1.093862 0.081713
v 0.134991 1.096332 0.080260
v 0.143179 1.099153 0.078597
v 0.135402 1.131748 0.062958
v 0.135402 1.129278 0.064414
v 0.143178 1.127515 0.065451
v 0.145635 1.128926 0.064621
v 0.143179 1.100709 0.081240
v 0.145635 1.098593 0.082489
v 0.134991 1.097888 0.082903
v 0.134583 1.095420 0.084358
v 0.145635 1.097037 0.079844
v 0.145635 1.127368 0.061978
v 0.143178 1.125959 0.062808
v 0.135401 1.127722 0.061769
v 0.135402 1.130190 0.060316
v 0.134911 1.129477 0.052387
v 0.134911 1.126603 0.054080
v 0.144964 1.124551 0.055290
v 0.148139 1.126192 0.054321
v 0.148140 1.090875 0.075126
v 0.148140 1.089062 0.072048
v 0.144965 1.093339 0.073674
v 0.134384 1.090052 0.075609
v 0.133853 1.087178 0.077303
v 0.133853 1.085365 0.074225
v 0.144964 1.091525 0.070596
v 0.144964 1.122738 0.052212
v 0.148139 1.124380 0.051243
v 0.134911 1.127665 0.049309
v 0.134384 1.088240 0.072533
v 0.134911 1.124790 0.051002
v 0.151511 0.975357 -0.003895
v 0.158448 1.030932 0.008220
v 0.151511 0.975357 0.003781
v 0.158448 1.027706 -0.000057
v 0.158448 1.030932 -0.008333
v 0.165601 1.052024 0.001172
v 0.151951 1.038091 0.013137
v 0.163714 1.038914 0.003329
v 0.161934 1.055989 0.005723
v 0.151951 1.038091 -0.013378
v 0.163714 1.038914 -0.004011
v 0.151951 1.035454 -0.000121
v 0.161934 1.061776 0.012333
v 0.158447 1.100073 -0.030098
v 0.151951 1.083355 -0.032127
v 0.158447 1.086321 -0.039286
v 0.151951 1.070098 -0.034764
v 0.158447 1.070098 -0.042512
v 0.151951 1.056840 -0.032127
v 0.158447 1.053874 -0.039286
v 0.151951 1.045602 -0.024618
v 0.158447 1.040122 -0.030098
v 0.151951 1.045602 0.024375
v 0.151951 1.056840 0.031886
v 0.161934 1.070098 0.015151
v 0.151951 1.070098 0.034523
v 0.135982 1.014826 -0.023017
v 0.135982 1.027793 -0.042425
v 0.135982 1.027793 0.042184
v 0.135982 1.014826 0.022773
v 0.158447 1.040122 0.029855
v 0.158447 1.053874 0.039045
v 0.158447 1.070098 0.042271
v 0.151951 1.083355 0.031886
v 0.158447 1.086321 0.039045
v 0.158447 1.100073 0.029855
v 0.161934 1.078418 0.012333
v 0.151951 1.094595 0.024375
v 0.151951 1.102104 0.013137
v 0.158447 1.109263 0.016103
v 0.151951 1.104741 -0.000121
v 0.158447 1.112489 -0.000121
v 0.151951 1.102104 -0.013378
v 0.158447 1.109263 -0.016344
v 0.151951 1.094595 -0.024618
v 0.161934 1.078418 -0.012574
v 0.161934 1.070098 -0.015392
v 0.161934 1.061776 -0.012574
v 0.161934 1.055989 -0.005966
v 0.161933 1.084206 -0.005966
v 0.146939 1.061777 -0.012574
v 0.146939 1.055989 -0.005966
v 0.146939 1.070099 -0.015392
v 0.146939 1.084206 0.005723
v 0.146939 1.055989 0.005723
v 0.146939 1.061777 0.012333
v 0.146939 1.070099 0.015151
v 0.146939 1.078419 0.012333
v 0.161933 1.084206 0.005723
v 0.146939 1.084206 -0.005966
v 0.146939 1.078419 -0.012574
v 0.121575 0.972842 0.008685
v 0.135982 1.010271 -0.000121
v 0.121575 0.972842 -0.008926
v 0.135981 1.112402 0.042184
v 0.139924 1.117236 0.070446
v 0.126528 1.124585 0.077797
v 0.135981 1.092994 0.055151
v 0.126529 1.115864 0.083623
v 0.139924 1.111889 0.074020
v 0.110117 0.787189 0.046096
v 0.107478 0.781956 0.048370
v 0.107924 0.785160 0.045070
v 0.109216 0.772776 0.045889
v 0.108000 0.776667 0.048841
v 0.105135 0.814173 0.043939
v 0.093581 0.816763 0.039676
v 0.098226 0.815887 0.000000
v 0.110092 0.813799 0.000000
v 0.115332 0.786695 0.000000
v 0.112820 0.784689 0.000000
v 0.165601 1.052024 -0.001852
v 0.135982 1.047204 0.055151
v 0.135982 1.070099 0.059706
v 0.163714 1.101283 -0.003572
v 0.165601 1.088173 0.001611
v 0.165601 1.088173 -0.001415
v 0.163714 1.101283 0.003768
v 0.083659 1.053236 -0.194589
v 0.075614 1.094668 -0.201569
v 0.078396 1.054587 -0.192898
v 0.070908 1.092580 -0.198267
v 0.052525 1.109020 -0.217237
v 0.051242 1.104664 -0.213172
v 0.021629 1.109571 -0.221399
v 0.023322 1.105080 -0.217367
v -0.005506 1.098916 -0.210345
v -0.001129 1.095542 -0.206951
v -0.018283 1.078317 -0.190419
v -0.011704 1.078195 -0.188459
v -0.010239 1.036885 -0.183438
v -0.004664 1.040123 -0.183034
v 0.013587 1.013773 -0.174404
v 0.016648 1.019606 -0.174938
v 0.044723 1.010388 -0.172389
v 0.043935 1.016850 -0.173168
v 0.071620 1.023881 -0.181295
v 0.066002 1.027454 -0.180415
v 0.083659 1.053236 -0.194589
v 0.078396 1.054587 -0.192898
v 0.032925 0.962618 -0.219664
v 0.048990 0.953910 -0.218390
v 0.074691 0.963714 -0.228960
v 0.086966 0.980504 -0.249761
v 0.086966 0.980504 -0.249761
v 0.081128 0.997863 -0.272848
v 0.059407 1.009160 -0.289402
v 0.029798 1.013036 -0.290894
v 0.017646 1.008064 -0.280105
v -0.002356 1.010760 -0.261143
v -0.010639 1.010600 -0.241478
v -0.008062 1.004790 -0.228244
v -0.004857 0.993789 -0.217983
v 0.007193 0.979773 -0.215547
v 0.007879 0.979948 -0.219543
v 0.032685 0.962903 -0.223719
v 0.047965 0.954763 -0.222551
v 0.071751 0.964337 -0.231751
v 0.083160 0.980147 -0.250682
v 0.083160 0.980147 -0.250682
v 0.077799 0.996062 -0.271875
v 0.057685 1.006076 -0.287346
v 0.030562 1.009219 -0.288984
v 0.019010 1.004456 -0.279020
v -0.000589 1.007203 -0.260273
v -0.007661 1.007817 -0.242166
v -0.005294 1.002966 -0.230245
v -0.002491 0.992948 -0.221232
v 0.031685 0.784569 -0.440347
v 0.022009 0.776637 -0.429865
v 0.018163 0.777345 -0.430819
v 0.022425 0.769105 -0.421317
v 0.018668 0.768269 -0.420350
v 0.028339 0.759949 -0.409622
v 0.031034 0.761448 -0.411976
v 0.042596 0.764100 -0.396986
v 0.043457 0.765550 -0.400713
v 0.067165 0.767151 -0.400144
v 0.065525 0.767980 -0.403640
v 0.080880 0.777898 -0.415026
v 0.084621 0.777943 -0.413172
v 0.085455 0.779298 -0.432292
v 0.081717 0.778310 -0.431589
v 0.074525 0.785743 -0.440654
v 0.077199 0.787595 -0.442896
v 0.062246 0.792104 -0.448937
v 0.061132 0.789780 -0.446067
v 0.054073 0.792608 -0.449789
v 0.054123 0.790214 -0.446796
v 0.045637 0.789326 -0.445913
v 0.044605 0.791620 -0.448804
v 0.036970 0.786925 -0.443142
v 0.035131 0.788994 -0.445774
v 0.029001 0.786266 -0.442530
v -0.027924 1.063596 0.149091
v -0.022826 1.044053 0.149414
v -0.022820 1.045090 0.146606
v -0.011703 1.019850 0.149384
v -0.011697 1.021099 0.143416
v 0.005889 1.004407 0.149412
v 0.005895 1.005785 0.141428
v 0.032062 0.999294 0.149431
v 0.032069 1.000711 0.140781
v 0.061296 1.009284 0.149454
v 0.061302 1.010614 0.142107
v 0.088580 1.042045 0.149540
v 0.088586 1.043083 0.146467
v 0.100415 1.076979 0.150951
v 0.095874 1.037041 0.149515
v 0.066217 1.001473 0.149427
v 0.033042 0.989785 0.149401
v 0.002490 0.995755 0.149376
v -0.018190 1.013896 0.149346
v -0.030464 1.040663 0.149374
v -0.023434 1.094346 0.153119
v -0.008516 1.123689 0.156967
v 0.005880 1.139051 0.158973
v 0.032028 1.151275 0.160599
v 0.073080 1.143090 0.159541
v 0.095351 1.115064 0.155929
v 0.138869 1.130300 -0.000925
v 0.138772 1.131138 0.033026
v 0.134402 1.130120 0.080929
v 0.134476 1.104498 0.089102
v 0.130916 1.042971 0.067439
v 0.128014 0.990149 0.048830
v 0.125440 0.960404 0.021768
v 0.126456 0.960301 0.006304
v 0.143624 0.981403 0.000000
v 0.128647 0.983483 0.006310
v 0.032028 1.151275 -0.160599
v 0.073080 1.143090 -0.159541
v 0.095351 1.115064 -0.155929
v 0.100415 1.076979 -0.150951
v 0.088580 1.042045 -0.149539
v 0.095874 1.037041 -0.149515
v 0.061296 1.009284 -0.149454
v 0.066217 1.001473 -0.149427
v 0.032062 0.999294 -0.149431
v 0.033042 0.989785 -0.149401
v 0.005889 1.004407 -0.149410
v 0.002490 0.995755 -0.149376
v -0.018190 1.013896 -0.149346
v -0.011703 1.019850 -0.149384
v -0.022826 1.044053 -0.149414
v -0.030464 1.040663 -0.149374
v -0.027924 1.063596 -0.149091
v -0.023434 1.094346 -0.153119
v -0.008516 1.123689 -0.156967
v 0.005880 1.139051 -0.158971
v 0.135981 1.125371 0.022773
v 0.135981 1.129926 -0.000121
v 0.135981 1.125371 -0.023017
v 0.135981 1.112402 -0.042425
v 0.135981 1.092994 -0.055394
v 0.135982 1.070099 -0.059949
v 0.135982 1.047204 -0.055394
v 0.143242 1.046993 0.000000
v 0.128647 0.983483 0.006310
v 0.143624 0.981403 0.000000
v 0.133588 1.049081 0.006310
v 0.149747 1.091605 -0.037046
v 0.140469 1.100506 -0.030751
v 0.130916 1.042971 0.067439
v 0.128014 0.990149 0.048830
v 0.126456 0.960301 0.006304
v 0.125440 0.960404 0.021768
v 0.134402 1.130120 0.080929
v 0.134476 1.104498 0.089102
v 0.138772 1.131138 0.033026
v 0.138869 1.130300 -0.000925
v 0.138772 1.131138 -0.034876
v 0.134376 1.111093 -0.088838
v 0.134115 1.130139 -0.082792
v 0.113773 1.206633 0.000000
v 0.108314 1.204919 0.041819
v 0.063020 1.222529 0.061108
v 0.038408 1.208936 0.074146
v 0.015617 1.190558 0.076884
v -0.009083 1.170587 0.069449
v -0.038825 1.146451 0.059499
v 0.125352 0.961210 0.019490
v 0.134438 0.993462 0.037842
v 0.127543 0.994750 0.046599
v 0.132872 0.970375 0.021044
v 0.125937 0.969680 0.009627
v 0.133218 0.973235 0.016106
v 0.128126 1.012838 0.025658
v 0.134783 1.001649 0.026534
v 0.143663 1.106789 -0.071586
v 0.149502 1.109810 -0.076344
v 0.149804 1.111344 -0.072016
v 0.148356 1.116263 -0.080305
v 0.148939 1.118951 -0.071955
v 0.141237 1.118851 -0.081430
v 0.141934 1.122005 -0.071467
v 0.135265 1.114988 -0.078592
v 0.152278 1.108520 -0.002675
v 0.146139 1.103966 -0.002246
v 0.151413 1.116128 -0.002614
v 0.144408 1.119181 -0.002124
v 0.138269 1.114627 -0.001695
v 0.135793 1.117450 -0.071037
v 0.136658 1.109843 -0.071096
v 0.136411 1.108538 -0.074630
v 0.143530 1.105948 -0.073507
v 0.144822 1.096357 -0.079697
v 0.143545 1.098300 -0.085527
v 0.136375 1.099081 -0.087400
v 0.130483 1.097915 -0.083444
v 0.131758 1.095973 -0.077615
v 0.138928 1.095192 -0.075742
v 0.088586 1.043083 -0.146467
v 0.061302 1.010614 -0.142107
v 0.032069 1.000711 -0.140780
v 0.005895 1.005785 -0.141428
v -0.011697 1.021099 -0.143416
v -0.022820 1.045090 -0.146604
v 0.018410 0.793427 -0.410646
v 0.018864 0.795165 -0.407620
v 0.019205 0.792701 -0.409616
v 0.018068 0.795889 -0.408653
v 0.016961 0.793509 -0.410996
v 0.016622 0.795973 -0.408999
v 0.015711 0.792901 -0.410462
v 0.015370 0.795367 -0.408463
v 0.015389 0.791958 -0.409350
v 0.015047 0.794424 -0.407355
v 0.016184 0.791232 -0.408321
v 0.015843 0.793695 -0.406322
v 0.017630 0.791151 -0.407969
v 0.017289 0.793615 -0.405972
v 0.018883 0.791757 -0.408507
v 0.018542 0.794221 -0.406510
v 0.019205 0.792701 -0.409616
v 0.018864 0.795165 -0.407620
v 0.037420 0.902361 -0.266349
v 0.018148 0.900636 -0.283728
v 0.037416 0.898299 -0.267637
v 0.016885 0.896899 -0.284910
v 0.006491 0.910258 -0.302247
v 0.005824 0.907497 -0.304231
v 0.005470 0.927723 -0.318793
v 0.003981 0.925279 -0.321453
v 0.016696 0.950869 -0.326741
v 0.016640 0.948431 -0.329752
v 0.008937 0.844571 -0.366650
v 0.008536 0.843996 -0.366049
v 0.018067 0.793140 -0.408938
v 0.017668 0.792560 -0.408338
v 0.007633 0.843967 -0.366243
v 0.016764 0.792530 -0.408532
v 0.007475 0.844524 -0.366959
v 0.016606 0.793089 -0.409248
v 0.008280 0.844898 -0.367210
v 0.017410 0.793467 -0.409499
v 0.008937 0.844571 -0.366650
v 0.018067 0.793140 -0.408938
v 0.053009 0.345913 0.030113
v 0.068390 0.350857 0.063329
v 0.082872 0.343432 0.060323
v 0.067981 0.350114 0.097449
v 0.082404 0.346210 0.101715
v 0.045710 0.352280 0.124150
v 0.056192 0.350481 0.132215
v 0.021308 0.354095 0.130612
v 0.020493 0.349266 0.138147
v -0.013299 0.347887 0.120939
v -0.018533 0.343057 0.127380
v -0.028533 0.342327 0.104316
v -0.038737 0.337497 0.109761
v -0.040190 0.340197 0.078763
v -0.049717 0.334394 0.079338
v -0.029504 0.343811 0.052191
v -0.039845 0.338069 0.046394
v -0.015909 0.349996 0.033883
v -0.021022 0.345178 0.028325
v 0.018384 0.354696 0.029503
v 0.018435 0.349877 0.020594
v 0.045090 0.353338 0.038429
v 0.016955 0.794793 -0.407487
vn 0.0494 0.0148 0.9987
vn 0.0503 0.0145 0.9986
vn 0.8079 -0.3704 -0.4584
vn -0.2428 -0.9153 -0.3215
vn -0.1290 -0.7970 -0.5900
vn 0.4645 -0.8855 -0.0069
vn -0.5343 -0.8439 -0.0481
vn -0.2345 -0.9651 -0.1163
vn -0.4872 -0.8199 -0.3008
vn -0.0949 -0.4566 -0.8846
vn 0.2830 0.8931 -0.3496
vn 0.8078 -0.3705 -0.4585
vn 0.2830 0.8932 -0.3495
vn 0.8029 -0.3902 0.4507
vn -0.3994 -0.9038 0.1539
vn -0.5025 -0.8638 -0.0361
vn -0.2541 -0.9647 -0.0697
vn -0.7488 -0.6573 -0.0859
vn -0.8324 -0.4154 -0.3668
vn -0.5116 -0.4808 -0.7121
vn 0.0381 0.0104 -0.9992
vn 0.3456 -0.1624 -0.9242
vn 0.0776 0.3339 -0.9394
vn 0.4169 0.3963 -0.8180
vn 0.1622 0.6094 -0.7761
vn 0.3569 0.5615 -0.7465
vn 0.2808 0.8088 -0.5167
vn -0.7235 -0.1997 -0.6608
vn -0.3519 -0.1333 -0.9265
vn 0.5079 0.8207 -0.2616
vn -0.1009 0.9051 -0.4130
vn -0.1003 0.9775 -0.1855
vn 0.6338 0.5197 -0.5729
vn 0.8909 0.4017 -0.2119
vn 0.4497 0.8932 -0.0000
vn 0.8632 0.5048 -0.0000
vn -0.8640 -0.2094 -0.4578
vn -0.8882 0.0155 -0.4593
vn -0.6254 0.1545 -0.7649
vn -0.2102 0.3078 -0.9279
vn -0.1937 0.6563 -0.7292
vn -0.6911 0.5065 -0.5156
vn -0.6907 0.6502 -0.3165
vn -0.9771 0.1638 -0.1357
vn -0.9785 0.1932 -0.0726
vn -0.6898 0.6949 -0.2033
vn -0.9835 0.1807 -0.0001
vn -0.6918 0.7221 -0.0000
vn 0.3363 0.9418 -0.0000
vn -0.5025 0.2719 -0.8207
vn -0.9774 0.0364 -0.2080
vn 0.1555 0.9827 -0.1002
vn -0.0475 0.9986 0.0222
vn 0.6766 0.7124 0.1866
vn 0.3196 0.7596 0.5664
vn -0.2049 0.9741 0.0957
vn -0.3954 0.9178 -0.0358
vn -0.0978 0.9952 -0.0003
vn 0.7813 0.6241 -0.0000
vn -0.3458 0.7076 0.6162
vn -0.7716 0.5739 0.2743
vn -0.8807 0.4737 -0.0000
vn -0.5387 0.8425 -0.0004
vn -0.6879 -0.7236 0.0556
vn -0.6641 -0.6926 0.2817
vn -0.3123 -0.9414 -0.1274
vn -0.5285 -0.7645 0.3691
vn -0.0368 -0.9919 -0.1216
vn -0.0388 -0.9918 -0.1221
vn -0.0357 -0.9917 -0.1235
vn -0.6879 -0.7237 0.0556
vn -0.3123 -0.9414 -0.1273
vn 0.6222 0.5062 0.5972
vn -0.2584 0.6484 0.7161
vn -0.4768 0.2931 0.8287
vn 0.2937 0.8221 0.4878
vn -0.2582 0.6485 0.7161
vn -0.7062 0.5079 0.4933
vn -0.4769 0.2931 0.8287
vn -0.2583 0.6485 0.7160
vn -0.2214 0.2967 0.9290
vn -0.2583 0.6485 0.7161
vn -0.1267 0.9262 0.3551
vn 0.0560 0.0154 0.9983
vn 0.1006 0.3220 0.9414
vn 0.1963 0.6009 0.7749
vn 0.2937 0.8221 0.4877
vn -0.0992 0.9774 0.1869
vn -0.3946 0.9182 0.0359
vn -0.2055 0.9741 -0.0946
vn -0.0481 0.9986 -0.0222
vn -0.6998 0.6341 0.3290
vn -0.9699 0.0477 0.2390
vn -0.9730 0.1636 0.1627
vn -0.6385 0.1465 0.7555
vn -0.3730 -0.1224 0.9197
vn -0.0829 -0.4872 0.8693
vn 0.3129 0.0456 0.9487
vn 0.3315 0.2847 0.8995
vn 0.3479 0.5838 0.7335
vn 0.6222 0.5061 0.5973
vn 0.5074 0.8208 0.2623
vn -0.0978 0.9952 -0.0001
vn 0.8909 0.4017 0.2118
vn -0.4868 -0.7973 0.3568
vn -0.5222 -0.4969 0.6930
vn -0.7235 -0.1997 0.6608
vn 0.8125 -0.3588 0.4595
vn -0.1223 -0.7883 0.6031
vn -0.2288 -0.9264 0.2990
vn -0.1950 -0.9761 0.0965
vn 0.4650 -0.8853 0.0030
vn -0.8807 0.0641 0.4693
vn -0.8640 -0.2094 0.4579
vn -0.8304 -0.4197 0.3665
vn -0.7910 -0.6022 0.1080
vn -0.2699 -0.9628 0.0146
vn -0.4996 -0.8656 0.0322
vn -0.4996 -0.8657 0.0322
vn -0.5343 -0.8439 0.0481
vn -0.3994 -0.9038 -0.1539
vn 0.8029 -0.3902 -0.4507
vn 0.9545 0.2977 -0.0181
vn -0.4673 -0.6676 -0.5796
vn -0.5005 -0.6551 -0.5660
vn -0.4288 -0.6816 -0.5929
vn -0.3905 -0.6930 -0.6061
vn 0.4041 -0.8075 0.4297
vn 0.4102 -0.8113 0.4166
vn 0.4223 -0.7911 0.4425
vn 0.5004 -0.6880 0.5257
vn 0.6020 -0.5332 0.5944
vn 0.6884 -0.1807 0.7024
vn 0.6996 -0.1470 0.6993
vn 0.6019 -0.5332 0.5945
vn 0.6370 0.4540 0.6230
vn 0.6449 0.4474 0.6196
vn 0.8028 -0.3903 0.4507
vn 0.4646 -0.8855 -0.0070
vn 0.8078 -0.3705 -0.4584
vn -0.5712 0.2398 -0.7850
vn -0.2530 0.9042 -0.3441
vn -0.5265 0.2427 -0.8148
vn -0.5736 0.3026 -0.7612
vn -0.2480 0.9197 -0.3043
vn -0.8536 0.2658 -0.4481
vn -0.5072 0.8577 -0.0840
vn -0.9794 0.1570 0.1274
vn -0.7540 -0.4951 -0.4316
vn -0.4971 -0.5369 -0.6817
vn -0.4657 -0.6089 -0.6421
vn -0.5267 0.2427 -0.8147
vn -0.5100 -0.2855 -0.8114
vn -0.6037 0.0125 -0.7971
vn -0.5996 -0.2423 -0.7627
vn -0.5914 -0.0600 -0.8041
vn -0.5519 -0.3121 -0.7733
vn -0.4436 0.2227 -0.8681
vn -0.4102 0.4760 -0.7780
vn -0.4598 -0.0103 -0.8880
vn -0.4429 -0.2312 -0.8663
vn -0.3931 -0.4783 -0.7853
vn -0.4453 -0.5118 -0.7347
vn -0.5495 -0.4751 -0.6872
vn -0.3857 -0.6604 -0.6443
vn -0.4403 -0.6940 -0.5696
vn -0.7141 -0.2750 -0.6437
vn -0.8540 -0.0112 -0.5201
vn -0.9494 -0.0215 -0.3134
vn -0.8571 -0.2655 -0.4415
vn -0.5768 -0.6913 -0.4351
vn -0.3651 -0.5717 -0.7348
vn -0.3148 0.7323 -0.6039
vn -0.3629 0.7228 -0.5881
vn -0.4171 0.7115 -0.5655
vn -0.5287 0.5033 -0.6835
vn -0.4285 0.7226 -0.5424
vn -0.5273 0.4970 -0.6891
vn -0.7560 0.4854 -0.4392
vn -0.6460 0.6979 -0.3091
vn -0.7740 0.6286 -0.0756
vn -0.5345 0.8141 0.2269
vn -0.3666 0.9302 0.0199
vn -0.3457 0.8128 0.4689
vn -0.0083 0.9285 0.3713
vn -0.0935 0.5955 0.7979
vn 0.2485 0.7103 0.6585
vn 0.0651 0.1434 0.9875
vn 0.4415 0.2162 0.8708
vn 0.2711 -0.3452 0.8985
vn -0.8683 0.4351 -0.2383
vn -0.1284 0.9674 -0.2184
vn -0.1663 0.9681 -0.1874
vn 0.2139 0.9385 0.2711
vn 0.6010 0.5215 0.6057
vn 0.6435 -0.2695 0.7165
vn 0.5360 0.4867 0.6898
vn 0.6266 -0.2184 0.7481
vn 0.6503 0.4249 0.6297
vn 0.6990 -0.1653 0.6957
vn 0.2327 0.9345 0.2693
vn 0.2922 0.9269 0.2357
vn -0.0988 0.9649 -0.2434
vn 0.4976 -0.3203 0.8061
vn 0.5233 -0.7008 0.4848
vn 0.5170 -0.5511 0.6550
vn 0.6480 -0.3541 0.6744
vn 0.6013 -0.5258 0.6016
vn 0.6996 -0.1469 0.6993
vn 0.6450 0.4473 0.6196
vn 0.3314 0.9126 0.2393
vn -0.0850 0.9558 -0.2814
vn 0.3336 -0.7321 0.5939
vn -0.1276 -0.9275 -0.3513
vn -0.1082 -0.9353 -0.3369
vn 0.3270 -0.9203 0.2146
vn 0.0178 -0.9862 -0.1648
vn 0.1727 -0.9847 -0.0249
vn 0.3202 -0.9332 0.1632
vn 0.3877 -0.8810 0.2711
vn 0.3876 -0.8811 0.2709
vn 0.4132 -0.8294 0.3759
vn 0.2327 -0.9591 0.1613
vn 0.4561 -0.8026 0.3845
vn 0.5234 -0.7008 0.4847
vn 0.3335 -0.7320 0.5940
vn 0.1386 -0.9661 0.2178
vn 0.5326 -0.6249 0.5707
vn 0.4010 -0.7734 0.4909
vn 0.0086 -0.9978 -0.0655
vn -0.1955 -0.9686 -0.1537
vn -0.1507 -0.9328 -0.3275
vn -0.3856 -0.6604 -0.6443
vn -0.2936 -0.8478 -0.4416
vn -0.2489 -0.8482 -0.4675
vn -0.2146 -0.8499 -0.4813
vn -0.3857 -0.6605 -0.6443
vn -0.4403 -0.6940 -0.5697
vn -0.3595 -0.8136 -0.4569
vn -0.4796 -0.5661 -0.6705
vn 0.0424 -0.9887 0.1440
vn -0.2365 0.3574 -0.9035
vn -0.5570 0.2892 -0.7785
vn -0.2390 0.3492 -0.9061
vn -0.5253 0.3083 -0.7931
vn -0.7024 -0.0808 -0.7071
vn -0.6918 -0.1002 -0.7151
vn -0.6651 -0.0294 -0.7462
vn -0.6623 -0.0383 -0.7483
vn -0.7067 0.0033 -0.7075
vn -0.7137 -0.0098 -0.7004
vn -0.4707 -0.2301 -0.8518
vn -0.4635 -0.2388 -0.8533
vn -0.1530 -0.1688 -0.9737
vn -0.1523 -0.1594 -0.9754
vn -0.1537 -0.1210 -0.9807
vn -0.1514 -0.1182 -0.9814
vn -0.1303 0.0895 -0.9874
vn -0.1314 0.1016 -0.9861
vn -0.2255 0.2894 -0.9303
vn -0.2045 0.2791 -0.9382
vn -0.2391 0.3491 -0.9061
vn -0.2364 0.3574 -0.9035
vn 0.6372 0.1768 -0.7502
vn 0.6192 0.1299 -0.7744
vn 0.6413 -0.3376 -0.6890
vn 0.3678 0.7756 -0.5129
vn 0.3957 0.7358 -0.5496
vn -0.0387 0.9992 -0.0068
vn 0.0386 0.9926 -0.1153
vn -0.3787 0.8063 0.4544
vn -0.3216 0.8720 0.3691
vn -0.5533 0.4069 0.7269
vn -0.5484 0.4321 0.7159
vn -0.5625 -0.1929 0.8040
vn -0.5267 -0.2550 0.8109
vn -0.3536 -0.7211 0.5958
vn -0.3364 -0.6709 0.6608
vn -0.3203 -0.7311 0.6024
vn -0.0702 -0.9680 0.2409
vn -0.0428 -0.9782 0.2034
vn 0.1895 -0.9763 -0.1045
vn 0.3959 -0.8403 -0.3704
vn 0.2995 -0.9261 -0.2293
vn 0.6219 -0.4566 -0.6362
vn 0.6270 -0.5006 -0.5969
vn 0.7333 -0.6623 0.1538
vn 0.8561 -0.5157 0.0337
vn 0.7400 -0.6541 0.1567
vn 0.8583 -0.5121 0.0323
vn 0.9777 -0.1272 0.1669
vn 0.9783 -0.0854 0.1890
vn 0.8635 0.2448 0.4410
vn 0.8600 0.2390 0.4509
vn 0.7851 0.2176 0.5799
vn 0.7863 0.2143 0.5796
vn 0.7862 0.2143 0.5796
vn 0.7276 0.2019 0.6556
vn 0.7852 0.2176 0.5798
vn 0.7863 0.2142 0.5795
vn 0.7239 0.2056 0.6585
vn 0.5965 0.1100 0.7951
vn 0.5897 0.1156 0.7993
vn 0.4763 -0.2492 0.8432
vn 0.4676 -0.2366 0.8517
vn 0.4321 -0.5789 0.6915
vn 0.4291 -0.5794 0.6929
vn 0.4805 -0.7368 0.4757
vn 0.4968 -0.7409 0.4519
vn 0.6761 -0.7007 0.2280
vn 0.6926 -0.6862 0.2224
vn 0.6664 -0.6760 0.3145
vn 0.6673 -0.6748 0.3152
vn 0.5929 -0.7142 0.3720
vn 0.5941 -0.7224 0.3537
vn 0.7747 0.0103 0.6322
vn 0.7745 0.0141 0.6324
vn 0.7869 0.0057 0.6171
vn 0.7708 0.0035 0.6371
vn 0.7698 0.0070 0.6382
vn 0.9041 0.1738 0.3905
vn 0.9042 0.1743 0.3900
vn 0.9189 0.2748 0.2829
vn 0.9155 0.2820 0.2868
vn 0.9292 0.1860 0.3194
vn 0.9312 0.1914 0.3103
vn 0.9567 0.1529 0.2479
vn 0.9577 0.1371 0.2530
vn 0.9206 0.1504 0.3605
vn 0.9153 0.1736 0.3635
vn 0.7783 0.0208 0.6276
vn 0.7807 0.0171 0.6246
vn 0.7804 0.0171 0.6250
vn 0.7806 0.0167 0.6249
vn 0.7806 0.0166 0.6248
vn 0.7805 0.0165 0.6249
vn 0.7805 0.0164 0.6249
vn 0.7803 0.0166 0.6252
vn 0.7802 0.0165 0.6253
vn 0.7869 0.0055 0.6170
vn -0.7798 -0.2547 -0.5719
vn -0.7645 -0.2498 -0.5943
vn -0.7665 -0.2560 -0.5890
vn -0.7623 -0.2431 -0.5998
vn -0.7325 -0.6796 -0.0391
vn -0.7796 -0.2544 -0.5723
vn -0.8825 -0.4702 -0.0113
vn -0.5688 -0.8074 0.1565
vn -0.4468 -0.8604 -0.2449
vn -0.5790 -0.6585 -0.4808
vn -0.7591 -0.6347 -0.1446
vn -0.6152 -0.7693 -0.1725
vn -0.9147 -0.3715 0.1588
vn -0.9220 -0.3542 0.1565
vn -0.9755 -0.1784 0.1283
vn -0.9732 -0.1988 0.1158
vn -0.9694 -0.0175 0.2448
vn -0.9675 -0.0291 0.2510
vn -0.9491 0.1840 0.2557
vn -0.9529 0.1705 0.2510
vn -0.9065 0.3887 0.1647
vn -0.9240 0.3486 0.1571
vn -0.8353 0.5494 -0.0203
vn -0.8430 0.5363 -0.0421
vn -0.7923 0.3534 -0.4974
vn -0.7793 0.3393 -0.5268
vn -0.7109 0.3496 -0.6102
vn -0.0713 -0.4072 -0.9106
vn -0.0464 -0.2491 -0.9674
vn -0.1136 -0.6714 -0.7324
vn -0.0086 -0.0176 -0.9998
vn 0.4976 -0.3205 -0.8061
vn -0.0187 -0.7267 -0.6867
vn 0.2712 -0.3452 -0.8985
vn 0.3336 -0.7321 -0.5939
vn -0.0122 -0.9493 -0.3142
vn 0.1381 -0.9662 -0.2179
vn -0.3419 -0.9223 -0.1804
vn -0.1956 -0.9686 0.1537
vn -0.5767 -0.6908 0.4361
vn -0.4403 -0.6940 0.5697
vn 0.1469 -0.9871 0.0628
vn 0.1395 -0.9879 0.0676
vn 0.1515 -0.9865 0.0619
vn 0.1470 -0.9871 0.0628
vn 0.1355 -0.9883 0.0697
vn -0.4288 -0.6811 0.5935
vn -0.5005 -0.6547 0.5664
vn -0.4673 -0.6676 0.5796
vn -0.3905 -0.6930 0.6061
vn -0.4289 -0.6811 0.5935
vn 0.0149 -0.9956 0.0927
vn -0.0898 -0.9597 0.2664
vn -0.0854 -0.9617 0.2603
vn 0.0148 -0.9978 0.0639
vn 0.0840 -0.9931 -0.0812
vn 0.0813 -0.9926 -0.0907
vn 0.0602 -0.9916 -0.1142
vn 0.3260 -0.9207 -0.2146
vn -0.1090 -0.9353 0.3368
vn -0.1276 -0.9276 0.3512
vn 0.0183 -0.9862 0.1647
vn 0.1729 -0.9846 0.0257
vn 0.3202 -0.9332 -0.1632
vn 0.3877 -0.8811 -0.2710
vn 0.4132 -0.8294 -0.3759
vn 0.2327 -0.9591 -0.1613
vn 0.4557 -0.8028 -0.3845
vn 0.5234 -0.7008 -0.4846
vn 0.2327 -0.9591 -0.1614
vn 0.3335 -0.7321 -0.5939
vn 0.5234 -0.7008 -0.4847
vn 0.1382 -0.9662 -0.2178
vn 0.0086 -0.9978 0.0655
vn -0.1955 -0.9686 0.1537
vn -0.1501 -0.9329 0.3273
vn -0.3856 -0.6604 0.6443
vn -0.2936 -0.8478 0.4417
vn -0.2489 -0.8482 0.4675
vn -0.2145 -0.8499 0.4813
vn -0.4402 -0.6940 0.5697
vn 0.4010 -0.7734 -0.4910
vn 0.5326 -0.6251 -0.5706
vn 0.0424 -0.9887 -0.1440
vn -0.3595 -0.8136 0.4569
vn -0.4788 -0.5664 0.6708
vn 0.6450 0.4474 -0.6196
vn 0.3036 0.9219 -0.2408
vn 0.6376 0.4536 -0.6226
vn 0.3307 0.9129 -0.2391
vn -0.0764 0.9721 0.2216
vn 0.3035 0.9219 -0.2408
vn 0.3307 0.9130 -0.2390
vn -0.1240 0.9521 0.2796
vn -0.3684 0.7197 0.5884
vn -0.3838 0.6783 0.6266
vn -0.4580 0.4431 0.7707
vn -0.5150 0.2377 0.8236
vn -0.5174 0.2906 0.8049
vn -0.5390 -0.0095 0.8423
vn -0.5500 -0.0135 0.8351
vn -0.5138 -0.2371 0.8245
vn -0.5068 -0.2661 0.8200
vn -0.4504 -0.4778 0.7543
vn -0.4520 -0.4565 0.7664
vn -0.3490 -0.6896 0.6345
vn -0.3790 -0.6357 0.6725
vn -0.2671 -0.8025 0.5336
vn -0.2682 -0.8021 0.5336
vn -0.2687 -0.8046 0.5295
vn -0.5914 -0.0600 0.8041
vn -0.6005 -0.2422 0.7620
vn -0.6037 0.0125 0.7971
vn -0.5520 -0.3121 0.7732
vn -0.5101 -0.2854 0.8114
vn -0.5259 0.2427 0.8152
vn -0.4453 -0.5118 0.7347
vn -0.5492 -0.4750 0.6875
vn -0.4403 -0.6940 0.5696
vn -0.7141 -0.2751 0.6437
vn -0.8540 -0.0112 0.5202
vn -0.9494 -0.0215 0.3134
vn -0.8571 -0.2656 0.4415
vn -0.5767 -0.6909 0.4360
vn 0.6019 -0.5332 -0.5945
vn 0.6989 -0.1653 -0.6958
vn 0.6996 -0.1470 -0.6993
vn 0.6450 0.4473 -0.6196
vn 0.6503 0.4249 -0.6297
vn 0.2921 0.9268 -0.2358
vn -0.0860 0.9559 0.2809
vn -0.0988 0.9649 0.2433
vn -0.3148 0.7323 0.6039
vn -0.3629 0.7228 0.5881
vn -0.4102 0.4760 0.7780
vn -0.4430 0.2229 0.8684
vn -0.4598 -0.0103 0.8880
vn -0.4428 -0.2312 0.8663
vn -0.3921 -0.4782 0.7859
vn -0.3660 -0.5720 0.7341
vn 0.6266 -0.2183 -0.7482
vn 0.5351 0.4871 -0.6902
vn 0.6435 -0.2694 -0.7165
vn 0.4415 0.2162 -0.8709
vn 0.2487 0.7103 -0.6585
vn 0.6009 0.5215 -0.6057
vn 0.2328 0.9345 -0.2692
vn -0.1284 0.9674 0.2184
vn 0.2131 0.9388 -0.2705
vn -0.0072 0.9285 -0.3714
vn -0.0926 0.5959 -0.7977
vn 0.0646 0.1433 -0.9876
vn 0.2712 -0.3453 -0.8985
vn 0.4977 -0.3204 -0.8060
vn 0.5233 -0.7008 -0.4847
vn 0.5170 -0.5511 -0.6550
vn 0.6480 -0.3541 -0.6743
vn -0.3666 0.9302 -0.0197
vn -0.6460 0.6979 0.3091
vn -0.1664 0.9681 0.1874
vn -0.4285 0.7225 0.5425
vn -0.4175 0.7114 0.5653
vn -0.5293 0.5028 0.6834
vn -0.5268 0.4974 0.6893
vn -0.7560 0.4854 0.4392
vn -0.7745 0.6280 0.0755
vn -0.5345 0.8141 -0.2270
vn -0.3457 0.8128 -0.4688
vn -0.8683 0.4351 0.2383
vn -0.5265 0.2428 0.8148
vn -0.2530 0.9042 0.3441
vn -0.5712 0.2397 0.7851
vn -0.5736 0.3027 0.7611
vn -0.2480 0.9198 0.3041
vn -0.8536 0.2659 0.4479
vn -0.5072 0.8577 0.0839
vn -0.9792 0.1578 -0.1275
vn -0.7541 -0.4951 0.4316
vn -0.4971 -0.5369 0.6817
vn -0.4658 -0.6095 0.6415
vn -0.1904 0.9794 0.0679
vn -0.5630 0.5707 0.5978
vn -0.1905 0.9793 0.0679
vn -0.1904 0.9794 0.0678
vn -0.5632 0.5702 0.5980
vn -0.6056 -0.1722 0.7769
vn -0.6057 -0.1723 0.7768
vn -0.2936 -0.8142 0.5010
vn -0.2940 -0.8135 0.5018
vn 0.1906 -0.9793 -0.0681
vn 0.1901 -0.9795 -0.0669
vn 0.5632 -0.5714 -0.5969
vn 0.5633 -0.5710 -0.5972
vn 0.6060 0.1715 -0.7767
vn 0.6057 0.1720 -0.7769
vn 0.2937 0.8133 -0.5022
vn 0.2940 0.8136 -0.5017
vn -0.1906 0.9793 0.0679
vn -0.7727 -0.1065 -0.6257
vn -0.7735 -0.1053 -0.6250
vn -0.7726 -0.1064 -0.6260
vn -0.7725 -0.1064 -0.6261
vn -0.7728 -0.1066 -0.6256
vn -0.7728 -0.1062 -0.6257
vn -0.7729 -0.1069 -0.6254
vn -0.7731 -0.1072 -0.6251
vn -0.7729 -0.1065 -0.6256
vn -0.7725 -0.1064 -0.6260
vn -0.2127 0.9759 0.0480
vn -0.6434 0.1286 0.7547
vn -0.2142 0.9754 0.0510
vn -0.6437 0.1465 0.7511
vn -0.1809 -0.8927 0.4127
vn -0.1871 -0.8884 0.4192
vn 0.5271 -0.6932 -0.4916
vn 0.5306 -0.6848 -0.4994
vn 0.5149 0.4573 -0.7251
vn 0.5095 0.4695 -0.7211
vn -0.2143 0.9754 0.0509
vn 0.6899 -0.0351 0.7230
vn 1.0000 0.0004 0.0044
vn 0.6420 0.2242 0.7332
vn 0.7560 -0.0529 0.6524
vn 0.6594 0.2671 -0.7027
vn 0.7245 0.1103 -0.6804
vn 0.1519 -0.9865 -0.0607
vn 0.1395 -0.9879 -0.0676
vn 0.1470 -0.9872 -0.0625
vn 0.1355 -0.9883 -0.0697
vn -0.0854 -0.9618 -0.2603
vn -0.0898 -0.9597 -0.2664
vn 0.0158 -0.9956 -0.0919
vn 0.0148 -0.9978 -0.0639
vn 0.0840 -0.9931 0.0812
vn 0.0813 -0.9925 0.0908
vn 0.0601 -0.9916 0.1141
vn -0.0013 0.9314 -0.3641
vn -0.5847 0.3955 -0.7083
vn -0.6317 0.7323 -0.2543
vn 0.0576 0.4954 -0.8668
vn -0.4201 -0.0902 -0.9030
vn 0.0418 0.0184 -0.9990
vn -0.4083 -0.5215 -0.7492
vn -0.0466 0.9323 0.3588
vn -0.5493 0.7713 0.3215
vn 0.1370 0.9381 0.3183
vn 0.1371 0.9380 0.3184
vn 0.1225 0.9375 -0.3256
vn -0.0263 0.6777 -0.7349
vn -0.0641 0.2104 -0.9755
vn 0.1820 -0.4052 -0.8959
vn -0.2945 -0.8385 -0.4585
vn 0.5256 -0.7918 -0.3110
vn -0.5726 -0.8197 -0.0110
vn 0.5370 -0.7777 0.3268
vn -0.2439 -0.8778 0.4123
vn -0.5727 -0.8197 -0.0110
vn 0.2039 -0.3969 0.8949
vn -0.3682 -0.5030 0.7819
vn -0.4728 -0.0102 0.8811
vn 0.0337 0.0144 0.9993
vn 0.0538 -0.2975 0.9532
vn 0.0173 0.1676 0.9857
vn -0.0347 0.5533 0.8323
vn 0.0464 0.6309 0.7745
vn -0.0465 0.9323 0.3588
vn 0.1370 0.9380 0.3183
vn -0.5492 0.7714 0.3216
vn -0.4731 0.4683 0.7462
vn 0.1676 -0.5437 0.8224
vn 0.1475 -0.1046 0.9835
vn 0.0537 -0.2974 0.9532
vn 0.1086 -0.6150 0.7810
vn 0.4701 -0.8531 0.2264
vn -0.0820 -0.6725 0.7355
vn -0.4413 -0.8974 0.0038
vn -0.3726 -0.5131 0.7732
vn -0.9044 -0.4264 0.0161
vn -0.3352 -0.5408 -0.7715
vn -0.0811 -0.6731 -0.7351
vn 0.0982 -0.6248 -0.7746
vn 0.4441 -0.8424 -0.3051
vn 0.1591 -0.5688 -0.8070
vn 0.4987 -0.8665 -0.0224
vn 0.2223 -0.9304 -0.2916
vn 0.7706 -0.6330 0.0737
vn 0.2077 -0.9293 0.3052
vn 0.4798 -0.8772 0.0170
vn 0.5463 -0.8376 -0.0009
vn 0.1419 -0.1120 -0.9835
vn -0.0981 0.8826 -0.4599
vn 0.0072 0.5462 -0.8376
vn -0.1714 0.9221 -0.3470
vn 0.0413 0.5461 -0.8367
vn 0.1117 0.0497 -0.9925
vn 0.1626 -0.4983 -0.8516
vn 0.1423 -0.9341 -0.3275
vn 0.1327 -0.9186 0.3723
vn 0.1701 -0.4605 0.8712
vn 0.1014 0.0240 0.9946
vn 0.1055 0.4687 0.8771
vn -0.0135 0.5418 0.8404
vn -0.0630 0.9304 0.3611
vn -0.1502 0.9412 0.3025
vn -0.0630 0.9304 0.3612
vn -0.1139 0.9366 0.3314
vn -0.1502 0.9412 0.3026
vn -0.0725 0.9439 -0.3221
vn -0.0631 0.9304 0.3611
vn 0.4325 0.5839 0.6871
vn -0.0015 -0.0271 0.9996
vn 0.4909 -0.0654 0.8688
vn -0.0670 0.4891 0.8697
vn 0.0426 -0.4072 0.9123
vn -0.1475 -0.9376 0.3148
vn -0.1726 -0.9253 -0.3377
vn 0.0655 -0.4444 -0.8935
vn 0.0453 0.0372 -0.9983
vn 0.0165 0.3941 -0.9189
vn 0.6733 0.2552 -0.6939
vn 0.4047 0.7775 -0.4814
vn 0.4027 -0.3439 0.8483
vn 0.7025 -0.1510 -0.6955
vn 0.3172 -0.4730 -0.8220
vn 0.0396 -0.9204 -0.3890
vn 0.0453 -0.8203 0.5701
vn 0.4362 -0.5208 0.7338
vn 0.3455 -0.9370 0.0510
vn 0.4544 -0.6133 -0.6460
vn 0.7655 -0.4683 -0.4412
vn 0.9879 -0.1268 0.0890
vn 0.9769 -0.2116 0.0312
vn 0.8626 0.4084 -0.2987
vn 0.7559 0.6337 0.1642
vn 0.3495 0.9259 0.1432
vn -0.1139 0.9366 0.3315
vn 0.3494 0.9259 0.1432
vn 0.8587 0.3530 0.3716
vn 0.8615 -0.0815 0.5012
vn 0.7879 -0.2961 0.5399
vn 0.7559 0.6338 0.1641
vn -0.2440 -0.8778 0.4123
vn -0.8546 -0.3311 0.4001
vn -0.8809 -0.4708 0.0486
vn -0.8772 0.0150 0.4798
vn -0.4727 -0.0102 0.8811
vn -0.8416 0.3266 0.4303
vn -0.8884 0.4302 0.1601
vn -0.5492 0.7713 0.3216
vn -0.9611 0.2736 -0.0379
vn -0.6317 0.7324 -0.2543
vn -0.9890 0.1316 -0.0668
vn -0.5846 0.3956 -0.7083
vn -0.8641 -0.0983 -0.4937
vn -0.4201 -0.0901 -0.9030
vn -0.8590 -0.3810 -0.3420
vn -0.9117 -0.3920 -0.1233
vn -0.2945 -0.8384 -0.4586
vn -0.8620 -0.5069 0.0003
vn 0.0174 0.1669 -0.9858
vn -0.0347 0.5533 -0.8323
vn 0.0463 0.6309 -0.7745
vn 0.0337 0.0144 -0.9993
vn -0.0465 0.9323 -0.3588
vn 0.1369 0.9380 -0.3183
vn -0.5492 0.7713 -0.3216
vn -0.4731 0.4683 -0.7462
vn -0.4728 -0.0102 -0.8811
vn 0.5370 -0.7778 -0.3266
vn -0.5726 -0.8198 0.0110
vn -0.2439 -0.8778 -0.4124
vn 0.2037 -0.3968 -0.8950
vn -0.3682 -0.5030 -0.7819
vn 0.0538 -0.2975 -0.9532
vn 0.1676 -0.5437 -0.8224
vn 0.0537 -0.2974 -0.9532
vn 0.1477 -0.1042 -0.9835
vn 0.1086 -0.6153 -0.7808
vn 0.0072 0.5462 0.8376
vn 0.1419 -0.1120 0.9835
vn 0.1117 0.0497 0.9925
vn 0.1591 -0.5687 0.8070
vn 0.1626 -0.4983 0.8516
vn 0.2223 -0.9303 0.2918
vn 0.1424 -0.9340 0.3276
vn 0.2077 -0.9293 -0.3053
vn 0.1328 -0.9185 -0.3724
vn 0.1702 -0.4604 -0.8712
vn 0.1014 0.0240 -0.9946
vn 0.1055 0.4687 -0.8771
vn -0.0135 0.5418 -0.8404
vn -0.0630 0.9304 -0.3611
vn -0.1502 0.9412 -0.3025
vn -0.0670 0.4891 -0.8697
vn -0.1139 0.9366 -0.3315
vn 0.3494 0.9260 -0.1433
vn 0.0982 -0.6248 0.7746
vn 0.7558 0.6339 -0.1642
vn 0.8587 0.3530 -0.3716
vn 0.0396 -0.9204 0.3891
vn 0.3171 -0.4730 0.8220
vn 0.0655 -0.4443 0.8935
vn -0.1725 -0.9253 0.3377
vn -0.1474 -0.9376 -0.3149
vn 0.0427 -0.4072 -0.9123
vn -0.0016 -0.0271 -0.9996
vn 0.4325 0.5838 -0.6871
vn 0.4909 -0.0654 -0.8688
vn 0.4027 -0.3439 -0.8483
vn 0.0453 -0.8203 -0.5701
vn 0.8615 -0.0815 -0.5012
vn 0.7879 -0.2961 -0.5399
vn 0.4362 -0.5208 -0.7338
vn 0.3464 -0.9367 -0.0509
vn 0.4544 -0.6133 0.6461
vn 0.7654 -0.4683 0.4414
vn 0.0452 0.0372 0.9983
vn 0.7025 -0.1510 0.6955
vn 0.9879 -0.1268 -0.0890
vn 0.9769 -0.2115 -0.0310
vn 0.6732 0.2552 0.6940
vn 0.8626 0.4084 0.2987
vn 0.4047 0.7775 0.4813
vn 0.7559 0.6338 -0.1641
vn 0.3495 0.9259 -0.1432
vn -0.1139 0.9366 -0.3314
vn -0.0981 0.8826 0.4599
vn -0.1714 0.9221 0.3470
vn 0.0413 0.5461 0.8367
vn 0.0165 0.3941 0.9189
vn -0.0725 0.9439 0.3221
vn -0.1503 0.9412 -0.3025
vn -0.0631 0.9303 -0.3612
vn -0.2688 -0.8019 -0.5335
vn -0.2687 -0.8047 -0.5295
vn -0.2669 -0.8030 -0.5328
vn -0.2688 -0.8020 -0.5335
vn -0.2669 -0.8030 -0.5329
vn -0.3490 -0.6896 -0.6345
vn -0.3790 -0.6357 -0.6725
vn -0.4520 -0.4565 -0.7664
vn -0.4504 -0.4773 -0.7545
vn -0.5138 -0.2371 -0.8245
vn -0.5067 -0.2651 -0.8204
vn -0.5390 -0.0095 -0.8423
vn -0.5500 -0.0135 -0.8351
vn -0.5150 0.2376 -0.8236
vn -0.5174 0.2906 -0.8049
vn -0.3838 0.6783 -0.6266
vn -0.4576 0.4441 -0.7703
vn -0.3678 0.7199 -0.5886
vn -0.1249 0.9520 -0.2795
vn -0.0765 0.9721 -0.2217
vn 0.3035 0.9219 0.2408
vn 0.3315 0.9126 0.2393
vn 0.6450 0.4474 0.6196
vn 0.6369 0.4541 0.6230
vn -0.4468 -0.8604 0.2450
vn -0.6161 -0.7686 0.1719
vn -0.5680 -0.8079 -0.1567
vn -0.8821 -0.4708 0.0122
vn -0.7798 -0.2550 0.5717
vn -0.7327 -0.6794 0.0390
vn -0.5790 -0.6585 0.4808
vn -0.7594 -0.6346 0.1432
vn -0.9147 -0.3715 -0.1588
vn -0.9220 -0.3542 -0.1566
vn -0.9756 -0.1784 -0.1283
vn -0.9730 -0.1995 -0.1164
vn -0.9693 -0.0175 -0.2452
vn -0.9677 -0.0292 -0.2505
vn -0.9491 0.1840 -0.2557
vn -0.9525 0.1709 -0.2520
vn -0.9068 0.3880 -0.1644
vn -0.9244 0.3481 -0.1562
vn -0.8353 0.5495 0.0203
vn -0.8428 0.5366 0.0420
vn -0.7923 0.3536 0.4972
vn -0.7793 0.3393 0.5268
vn -0.7106 0.3501 0.6103
vn -0.7667 -0.2557 0.5889
vn -0.7645 -0.2497 0.5942
vn -0.7796 -0.2549 0.5720
vn -0.7623 -0.2431 0.5999
vn -0.3123 -0.9414 0.1274
vn -0.6640 -0.6926 -0.2817
vn -0.6879 -0.7236 -0.0556
vn -0.5296 -0.7639 -0.3687
vn -0.0363 -0.9918 0.1226
vn -0.0388 -0.9918 0.1221
vn -0.0367 -0.9919 0.1216
vn -0.6879 -0.7237 -0.0555
vn -0.0389 -0.9918 0.1222
vn 0.5463 -0.8376 0.0008
vn 0.4987 -0.8665 0.0224
vn 0.4441 -0.8424 0.3051
vn 0.7706 -0.6330 -0.0737
vn 0.4701 -0.8531 -0.2263
vn -0.4412 -0.8974 -0.0038
vn -0.0811 -0.6730 0.7351
vn -0.0819 -0.6726 -0.7355
vn -0.3352 -0.5408 0.7715
vn -0.9044 -0.4264 -0.0161
vn -0.3726 -0.5132 -0.7732
vn 0.4798 -0.8772 -0.0170
vn 0.4219 -0.7913 -0.4426
vn 0.4101 -0.8111 -0.4170
vn 0.4040 -0.8076 -0.4297
vn 0.5004 -0.6880 -0.5257
vn 0.4040 -0.8075 -0.4297
vn 0.6884 -0.1806 -0.7025
vn 0.6996 -0.1469 -0.6993
vn 0.0418 0.0184 0.9990
vn -0.4201 -0.0902 0.9030
vn -0.4083 -0.5215 0.7492
vn 0.0576 0.4953 0.8668
vn -0.5847 0.3955 0.7083
vn -0.0013 0.9314 0.3641
vn -0.6317 0.7323 0.2543
vn -0.5726 -0.8197 0.0110
vn 0.5256 -0.7918 0.3111
vn -0.2944 -0.8385 0.4585
vn 0.1820 -0.4052 0.8959
vn -0.0641 0.2104 0.9755
vn -0.0263 0.6777 0.7349
vn 0.1224 0.9375 0.3256
vn 0.1370 0.9381 -0.3182
vn -0.0466 0.9323 -0.3588
vn -0.5493 0.7713 -0.3216
vn 0.0719 -0.5237 -0.8489
vn 0.1058 -0.9512 0.2898
vn -0.1480 -0.8796 0.4522
vn -0.0307 -0.7536 -0.6566
vn 0.1449 -0.9382 0.3143
vn -0.2422 -0.4266 0.8714
vn 0.1366 -0.5139 0.8469
vn -0.1632 0.0284 0.9862
vn 0.0966 -0.0016 0.9953
vn -0.5121 0.3124 0.8001
vn 0.1404 0.5126 0.8471
vn 0.1654 0.9374 0.3063
vn 0.1785 0.9545 0.2388
vn -0.2077 0.7417 0.6378
vn -0.4910 0.1080 0.8644
vn -0.6365 -0.1851 0.7487
vn -0.9672 -0.1580 0.1991
vn -0.7377 -0.1527 0.6577
vn -0.4940 -0.1862 0.8493
vn -0.2963 0.6310 0.7170
vn -0.7396 -0.1044 0.6649
vn -0.5024 0.6927 0.5174
vn 0.2035 -0.8554 -0.4763
vn -0.1153 -0.3755 -0.9196
vn 0.0893 -0.9292 0.3585
vn 0.1102 -0.5157 0.8497
vn 0.0958 0.0126 0.9953
vn 0.1735 0.5679 0.8046
vn 0.3116 0.8971 0.3132
vn 0.3703 0.8633 0.3429
vn 0.7015 0.4462 0.5557
vn 0.7441 0.6210 0.2465
vn 0.9954 -0.0681 -0.0675
vn 0.7446 -0.0784 0.6629
vn 0.7447 -0.5419 0.3897
vn 0.4916 -0.6538 0.5752
vn -0.1968 0.1291 -0.9719
vn 0.4065 -0.6293 -0.6623
vn 0.3363 -0.9172 -0.2136
vn 0.3360 -0.9083 0.2492
vn 0.6930 -0.7159 0.0855
vn 0.6794 -0.7261 -0.1056
vn 0.6830 -0.5341 -0.4983
vn 0.7667 -0.0464 -0.6403
vn 0.2190 0.5823 -0.7829
vn -0.2505 0.5571 -0.7918
vn -0.3531 0.7638 -0.5403
vn 0.3065 0.9117 -0.2736
vn 0.9945 -0.0759 0.0721
vn 0.3703 0.8633 0.3430
vn -0.8547 -0.1741 -0.4890
vn -0.7178 0.3482 -0.6029
vn -0.6453 0.2958 -0.7044
vn -0.3458 -0.2583 -0.9021
vn -0.3061 -0.1560 -0.9391
vn -0.0558 0.4271 -0.9025
vn 0.0832 -0.4441 -0.8921
vn 0.1190 -0.8774 -0.4648
vn 0.0308 -0.9346 -0.3544
vn 0.0184 -0.5046 -0.8632
vn -0.0449 -0.9337 -0.3552
vn 0.0555 0.0462 -0.9974
vn 0.0277 0.0381 -0.9989
vn 0.0728 -0.4535 -0.8883
vn 0.0908 0.4811 -0.8719
vn 0.0093 0.0458 -0.9989
vn 0.0757 0.4815 -0.8732
vn 0.0357 0.4469 -0.8939
vn -0.0424 -0.8878 0.4582
vn -0.1479 -0.8645 0.4805
vn -0.6201 -0.7734 0.1313
vn -0.6800 -0.4838 -0.5510
vn -0.6958 0.1218 -0.7079
vn -0.6465 0.5962 -0.4759
vn 0.0912 0.8914 -0.4440
vn -0.5684 0.8220 -0.0354
vn -0.5024 0.6927 0.5175
vn -0.2963 0.6311 0.7169
vn -0.8060 0.1560 0.5710
vn -0.7395 -0.1045 0.6650
vn -0.8869 0.3476 0.3043
vn -0.9714 -0.0649 0.2283
vn -0.7836 0.0131 -0.6211
vn -0.7469 -0.6506 -0.1374
vn -0.1945 -0.3071 0.9316
vn -0.1855 -0.5305 0.8271
vn -0.4955 -0.4805 0.7236
vn 0.1777 0.8577 -0.4825
vn 0.2472 0.8232 -0.5111
vn 0.1786 0.9545 0.2389
vn 0.1829 0.8667 -0.4641
vn 0.1330 0.8707 -0.4734
vn 0.1139 0.6085 -0.7853
vn 0.0684 0.6188 -0.7826
vn 0.0619 0.0885 -0.9941
vn 0.1355 0.1362 -0.9814
vn 0.1766 -0.3654 -0.9139
vn 0.1124 -0.5236 -0.8445
vn 0.1463 -0.8020 -0.5791
vn 0.1262 -0.7653 -0.6312
vn 0.0495 -0.5216 -0.8518
vn 0.1032 -0.7261 -0.6798
vn 0.7446 -0.0784 -0.6629
vn 0.1102 -0.5156 -0.8497
vn 0.0958 0.0126 -0.9953
vn 0.4916 -0.6538 -0.5752
vn 0.7016 0.4461 -0.5557
vn 0.1734 0.5679 -0.8046
vn 0.1404 0.5126 -0.8471
vn 0.0965 -0.0016 -0.9953
vn 0.1366 -0.5138 -0.8469
vn 0.0882 -0.9293 -0.3586
vn 0.3360 -0.9083 -0.2493
vn 0.7441 0.6209 -0.2465
vn 0.9954 -0.0681 0.0675
vn 0.7447 -0.5419 -0.3897
vn 0.6930 -0.7159 -0.0855
vn 0.6793 -0.7262 0.1057
vn 0.6830 -0.5341 0.4982
vn 0.3363 -0.9172 0.2136
vn 0.2035 -0.8555 0.4762
vn 0.1449 -0.9382 -0.3143
vn -0.2423 -0.4267 -0.8714
vn -0.1633 0.0284 -0.9862
vn -0.5121 0.3124 -0.8001
vn 0.1655 0.9374 -0.3063
vn 0.1786 0.9545 -0.2387
vn 0.3116 0.8971 -0.3132
vn 0.3703 0.8633 -0.3429
vn -0.2077 0.7417 -0.6378
vn -0.2963 0.6310 -0.7170
vn -0.7396 -0.1045 -0.6649
vn -0.5024 0.6927 -0.5174
vn -0.4941 -0.1861 -0.8493
vn -0.7377 -0.1528 -0.6577
vn -0.9671 -0.1581 -0.1991
vn -0.4910 0.1080 -0.8644
vn -0.6366 -0.1850 -0.7487
vn -0.1481 -0.8796 -0.4521
vn -0.4955 -0.4805 -0.7236
vn -0.0423 -0.8878 -0.4583
vn -0.1855 -0.5304 -0.8272
vn -0.1479 -0.8645 -0.4804
vn -0.2044 -0.4470 -0.8709
vn -0.6202 -0.7734 -0.1313
vn -0.2090 -0.7868 -0.5808
vn 0.1190 -0.8774 0.4648
vn 0.0184 -0.5046 0.8632
vn 0.0307 -0.9346 0.3544
vn -0.0449 -0.9337 0.3553
vn 0.2191 0.5823 0.7829
vn 0.3064 0.9117 0.2737
vn -0.3532 0.7637 0.5404
vn -0.2504 0.5571 0.7918
vn -0.1968 0.1292 0.9719
vn 0.7667 -0.0464 0.6403
vn 0.9945 -0.0759 -0.0722
vn 0.4065 -0.6294 0.6623
vn -0.1153 -0.3755 0.9196
vn -0.0307 -0.7536 0.6566
vn 0.1058 -0.9512 -0.2899
vn 0.0720 -0.5236 0.8489
vn 0.0555 0.0462 0.9974
vn 0.0728 -0.4535 0.8883
vn 0.0831 -0.4442 0.8921
vn -0.0558 0.4270 0.9025
vn -0.3062 -0.1559 0.9391
vn -0.3459 -0.2583 0.9020
vn -0.6452 0.2958 0.7044
vn -0.7178 0.3481 0.6030
vn -0.8547 -0.1741 0.4891
vn 0.1785 0.9545 -0.2388
vn 0.1330 0.8707 0.4734
vn 0.1830 0.8667 0.4640
vn 0.1139 0.6085 0.7853
vn 0.0685 0.6188 0.7826
vn 0.1654 0.9374 -0.3063
vn 0.2471 0.8231 0.5113
vn 0.0907 0.4811 0.8719
vn 0.0093 0.0458 0.9989
vn 0.0619 0.0885 0.9941
vn 0.1356 0.1362 0.9814
vn 0.0495 -0.5216 0.8517
vn 0.1766 -0.3654 0.9139
vn 0.1125 -0.5236 0.8445
vn 0.1262 -0.7653 0.6312
vn 0.1032 -0.7261 0.6798
vn 0.0757 0.4815 0.8732
vn 0.1777 0.8576 0.4826
vn -0.2077 0.7417 -0.6377
vn 0.1464 -0.8019 0.5792
vn -0.6801 -0.4837 0.5508
vn -0.7924 0.0823 0.6044
vn -0.6958 0.1218 0.7079
vn -0.9187 -0.3878 0.0754
vn -0.6465 0.5963 0.4759
vn -0.8869 0.3476 -0.3042
vn -0.5684 0.8220 0.0354
vn -0.8060 0.1560 -0.5710
vn 0.0912 0.8913 0.4441
vn -0.2963 0.6311 -0.7169
vn 0.0358 0.4469 0.8939
vn 0.0277 0.0381 0.9989
vn -0.7396 -0.1044 -0.6649
vn 0.6560 -0.4917 0.5726
vn 0.5480 -0.5749 0.6075
vn 0.6820 -0.5347 0.4991
vn 0.7191 -0.5341 0.4446
vn 0.6963 -0.7147 0.0667
vn -0.9992 -0.0386 0.0051
vn -0.9789 -0.2044 -0.0001
vn -0.9777 -0.2097 -0.0096
vn -0.9976 -0.0333 -0.0605
vn -0.9788 -0.2045 -0.0118
vn -0.9992 -0.0386 0.0052
vn -0.9992 -0.0385 0.0052
vn -0.9795 -0.2013 0.0079
vn -0.9777 -0.2096 0.0096
vn -0.9382 -0.2617 0.2263
vn 0.0784 0.0168 -0.9968
vn 0.0379 -0.5762 0.8164
vn -0.0314 -0.2623 0.9645
vn -0.4273 0.0348 0.9034
vn 0.1234 -0.7162 -0.6869
vn 0.0030 -0.7407 -0.6718
vn -0.0826 -0.7899 -0.6076
vn 0.2148 -0.6204 -0.7543
vn 0.2444 -0.6582 -0.7120
vn 0.2803 -0.7074 -0.6489
vn 0.3332 -0.3975 -0.8550
vn 0.3760 -0.2740 -0.8852
vn 0.3551 -0.1970 -0.9138
vn 0.3444 0.0783 -0.9356
vn 0.2769 0.0058 -0.9609
vn 0.3355 0.4154 -0.8455
vn 0.1671 0.6066 -0.7772
vn 0.2030 0.7593 -0.6183
vn 0.2258 0.8472 -0.4809
vn 0.2191 0.8357 -0.5035
vn 0.2555 0.9442 -0.2077
vn 0.2228 0.7394 -0.6354
vn 0.5806 0.3720 -0.7242
vn 0.7854 0.5805 -0.2148
vn 0.1015 0.0686 -0.9925
vn -0.0709 -0.8106 -0.5813
vn 0.1075 -0.7807 -0.6156
vn 0.1171 -0.7769 -0.6186
vn -0.0762 -0.8128 -0.5775
vn 0.0411 -0.9448 -0.3251
vn -0.0764 -0.9354 -0.3452
vn 0.6358 -0.4621 -0.6183
vn 0.2672 -0.7947 -0.5450
vn 0.5943 -0.7305 -0.3364
vn 0.2015 -0.5521 -0.8090
vn 0.6982 -0.3876 -0.6019
vn 0.1536 -0.2633 -0.9524
vn 0.6593 0.0240 -0.7515
vn 0.9635 0.0929 -0.2511
vn 0.8138 -0.5769 0.0697
vn -0.1183 -0.9806 -0.1561
vn 0.9696 -0.2036 -0.1357
vn 0.1297 0.0319 0.9910
vn 0.2049 -0.2280 0.9519
vn 0.6707 -0.4128 0.6162
vn 0.2629 -0.5504 0.7924
vn 0.6317 -0.6950 0.3435
vn 0.2042 -0.8301 0.5189
vn 0.5049 -0.8294 0.2390
vn 0.0394 -0.9445 0.3262
vn -0.0762 -0.9348 0.3470
vn -0.1937 -0.9641 0.1814
vn -0.6173 -0.7867 -0.0001
vn -0.6376 -0.7704 0.0001
vn -0.1937 -0.9641 -0.1814
vn 0.1106 -0.7867 0.6074
vn 0.1161 -0.7851 0.6084
vn -0.0707 -0.8092 0.5832
vn -0.0779 -0.8092 0.5823
vn 0.8665 -0.4664 -0.1778
vn 0.9074 -0.4141 -0.0715
vn 0.9696 -0.2036 0.1357
vn 0.9635 0.0929 0.2510
vn 0.6462 0.0050 0.7632
vn 0.6165 0.4893 0.6169
vn 0.1601 0.5913 0.7904
vn 0.2373 0.7559 0.6102
vn 0.2466 0.8031 0.5424
vn 0.1627 0.8846 0.4371
vn 0.2126 0.9158 0.3408
vn 0.2126 0.9157 0.3409
vn 0.3329 0.8004 0.4986
vn 0.3144 0.7024 0.6387
vn 0.2561 0.7915 0.5548
vn 0.1616 0.7973 0.5815
vn -0.1773 0.7080 0.6836
vn 0.9393 0.2246 0.2594
vn 0.3252 0.4889 0.8095
vn 0.3987 0.2283 0.8882
vn 0.3573 0.0290 0.9335
vn 0.2529 0.1200 0.9600
vn 0.3638 -0.2479 0.8979
vn 0.3938 -0.1723 0.9029
vn 0.3332 -0.3975 0.8550
vn 0.2370 -0.6488 0.7231
vn 0.0075 -0.7540 0.6568
vn 0.0419 -0.7390 0.6724
vn -0.0826 -0.7899 0.6076
vn 0.2803 -0.7074 0.6489
vn -0.2368 0.8271 0.5097
vn -0.5969 0.6952 0.4005
vn -0.7993 0.4027 0.4461
vn -0.8328 0.3049 0.4621
vn -0.9424 -0.2103 0.2601
vn -0.9715 -0.1140 0.2079
vn -0.7851 -0.5981 0.1610
vn -0.7804 -0.6047 0.1592
vn -0.5678 -0.8092 0.1512
vn -0.6049 -0.7674 0.2126
vn -0.3694 -0.8694 0.3280
vn -0.3517 -0.8398 0.4136
vn -0.2317 -0.8484 0.4759
vn -0.2939 -0.8030 0.5186
vn -0.0477 -0.8295 0.5564
vn -0.2939 -0.8030 0.5184
vn -0.4036 -0.7700 0.4941
vn -0.4318 -0.7269 0.5340
vn -0.5352 -0.6964 0.4781
vn -0.5460 -0.7047 0.4531
vn -0.7011 -0.5666 0.4328
vn -0.6444 -0.6124 0.4580
vn -0.7396 -0.3361 0.5832
vn -0.6257 -0.4501 0.6370
vn -0.7125 0.0310 0.7010
vn -0.6578 -0.1386 0.7403
vn -0.7816 0.2820 0.5564
vn -0.6918 0.5236 0.4972
vn -0.6776 0.2978 0.6724
vn -0.5970 0.6952 0.4005
vn -0.4750 0.8499 0.2281
vn -0.5179 0.7970 0.3107
vn -0.4194 0.9077 0.0147
vn -0.4749 0.8499 0.2281
vn -0.4120 0.9112 -0.0000
vn -0.4194 0.9077 0.0148
vn -0.8862 0.3440 0.3103
vn 0.7396 -0.6703 0.0611
vn 0.6979 -0.7159 0.0229
vn 0.7018 -0.7120 0.0238
vn 0.7512 -0.6600 0.0001
vn 0.7016 -0.7122 -0.0241
vn 0.6978 -0.7160 -0.0228
vn 0.6627 0.0068 -0.7489
vn 0.7560 -0.0528 -0.6524
vn 1.0000 0.0004 -0.0044
vn 0.6907 -0.0175 0.7230
vn 0.6834 -0.1275 0.7188
vn 1.0000 0.0004 -0.0043
vn 0.6593 0.2671 0.7028
vn 0.7245 0.1103 0.6804
vn -0.0314 -0.2623 -0.9645
vn -0.0378 -0.2385 -0.9704
vn -0.0391 -0.2321 -0.9719
vn 0.0380 -0.5763 -0.8163
vn 0.0784 0.0168 0.9968
vn -0.4486 0.4703 0.7599
vn -0.4419 0.5474 0.7107
vn 0.1107 0.0565 0.9922
vn -0.5326 -0.8464 -0.0001
vn -0.7197 -0.6927 0.0471
vn -0.5323 -0.8465 0.0095
vn -0.5326 -0.8463 -0.0000
vn -0.7532 -0.6578 -0.0000
vn -0.7197 -0.6927 0.0472
vn -0.7153 -0.6973 -0.0467
vn -0.5323 -0.8465 -0.0096
vn -0.7085 -0.5478 0.4449
vn 0.0259 -0.9364 0.3499
vn 0.1566 -0.8616 0.4828
vn 0.1302 -0.9915 -0.0000
vn 0.5471 -0.8371 0.0001
vn 0.0259 -0.9364 -0.3499
vn 0.1566 -0.8616 -0.4828
vn -0.7087 -0.5482 -0.4442
vn -0.6152 -0.7192 -0.3229
vn -0.6963 -0.7177 -0.0004
vn -0.6148 -0.7194 0.3233
vn -0.9293 -0.3694 -0.0005
vn -0.4486 0.4703 -0.7600
vn 0.1107 0.0566 -0.9922
vn -0.4418 0.5473 -0.7108
vn -0.4665 -0.5101 0.7226
vn 0.2181 -0.8279 -0.5167
vn 0.2089 -0.8118 -0.5453
vn 0.3293 -0.9435 0.0374
vn -0.1601 -0.9871 0.0001
vn -0.2004 -0.9774 0.0675
vn -0.2343 -0.9708 0.0511
vn -0.2682 -0.9634 -0.0000
vn -0.2343 -0.9708 -0.0512
vn -0.2016 -0.9772 -0.0673
vn 0.2780 -0.7703 0.5739
vn 0.0309 -0.9330 0.3585
vn -0.0132 -0.9454 0.3258
vn -0.1716 -0.9852 0.0001
vn -0.1605 -0.9870 -0.0001
vn 0.0308 -0.9330 -0.3585
vn -0.0132 -0.9453 -0.3259
vn 0.2779 -0.7703 -0.5739
vn 0.0494 0.0149 -0.9987
vn 0.3130 -0.9441 0.1034
vn 0.2089 -0.8118 0.5453
vn 0.2181 -0.8279 0.5168
vn 0.2182 -0.8278 0.5169
vn 0.3293 -0.9435 -0.0375
vn 0.8996 0.4367 -0.0001
vn 0.8996 0.4366 0.0082
vn 0.8996 0.4366 0.0116
vn 0.8996 0.4367 0.0001
vn 0.8996 0.4366 -0.0116
vn -0.5633 0.6088 -0.5585
vn -0.2436 0.9364 -0.2525
vn 0.0783 0.9295 -0.3603
vn -0.5840 0.8109 -0.0363
vn -0.3923 0.9187 -0.0463
vn -0.3000 0.9279 0.2215
vn 0.0834 0.9180 -0.3878
vn -0.0142 0.8221 -0.5692
vn -0.8019 0.3710 -0.4684
vn -0.5798 0.7929 -0.1873
vn -0.5362 0.8440 -0.0111
vn -0.3687 0.9296 -0.0000
vn -0.6812 0.7318 -0.0209
vn 0.5782 0.8159 0.0002
vn 0.5888 0.8083 -0.0000
vn 0.4730 0.8549 -0.2132
vn 0.5782 0.8159 -0.0000
vn 0.4730 0.8549 -0.2131
vn 0.4745 0.8562 -0.2044
vn 0.3050 0.8473 -0.4348
vn 0.3254 0.8426 -0.4290
vn -0.0402 0.9400 -0.3388
vn -0.1350 0.8332 0.5363
vn 0.0436 0.9990 -0.0040
vn 0.0356 0.8427 0.5371
vn 0.0988 0.9945 -0.0342
vn 0.1258 0.9908 -0.0502
vn 0.0437 0.9990 -0.0040
vn 0.0988 0.9945 -0.0341
vn -0.6988 -0.6607 -0.2743
vn -0.6985 -0.6607 -0.2750
vn -0.7008 -0.6602 -0.2702
vn -0.7001 -0.6608 -0.2703
vn -0.7039 -0.6567 -0.2706
vn -0.7044 -0.6561 -0.2707
vn -0.7350 -0.6225 -0.2689
vn -0.7397 -0.6171 -0.2686
vn -0.8329 -0.5087 -0.2177
vn -0.8519 -0.4767 -0.2169
vn -0.9797 -0.1390 -0.1442
vn -0.9974 0.0673 0.0252
vn -0.9097 0.3594 -0.2082
vn -0.9601 0.2493 -0.1266
vn -0.9705 0.2247 -0.0870
vn -0.9981 0.0600 0.0098
vn -0.9987 0.0501 0.0115
vn -0.9982 0.0600 0.0097
vn 0.9468 0.3215 -0.0176
vn 0.9502 0.3116 -0.0067
vn 0.9510 0.3092 -0.0057
vn 0.9468 0.3215 -0.0177
vn 0.9463 0.3228 -0.0176
vn 0.9468 0.3218 0.0009
vn 0.9468 0.3219 -0.0009
vn -0.6794 -0.3186 -0.6610
vn -0.7132 0.1328 -0.6883
vn -0.8057 0.3527 -0.4760
vn -0.6354 0.6535 -0.4114
vn -0.3258 -0.8210 -0.4688
vn -0.4294 -0.7537 -0.4975
vn -0.3793 -0.7774 -0.5018
vn -0.5703 -0.6821 -0.4578
vn -0.5989 -0.6637 -0.4483
vn -0.6245 -0.6554 -0.4248
vn -0.6386 -0.6116 -0.4670
vn -0.6660 -0.5180 -0.5368
vn -0.7283 -0.0610 -0.6825
vn -0.6683 0.5016 -0.5494
vn -0.4653 0.8543 -0.2317
vn -0.5031 0.6823 -0.5305
vn -0.3929 0.8215 -0.4132
vn -0.6902 0.2649 -0.6734
vn 0.3410 0.7083 -0.6181
vn 0.2587 0.7443 -0.6157
vn -0.1396 0.6944 -0.7059
vn 0.3040 0.8355 -0.4576
vn -0.2575 0.8872 -0.3830
vn -0.5535 0.6409 -0.5320
vn -0.8057 0.3526 -0.4760
vn -0.7398 0.5088 -0.4403
vn -0.9434 -0.1969 -0.2669
vn -0.9363 -0.2845 -0.2060
vn -0.7905 -0.5910 -0.1605
vn -0.7964 -0.5827 -0.1618
vn -0.6516 -0.7424 -0.1559
vn -0.5902 -0.7785 -0.2134
vn -0.3332 -0.8449 -0.4184
vn -0.2688 -0.8826 -0.3856
vn -0.1381 -0.8882 -0.4381
vn -0.2744 -0.8280 -0.4891
vn -0.3257 -0.8210 -0.4689
vn -0.5363 0.8441 -0.0003
vn -0.3884 0.9206 0.0410
vn 0.5782 0.8159 -0.0001
vn 0.4777 0.8527 0.2116
vn 0.4750 0.8574 0.1980
vn 0.4776 0.8527 0.2116
vn 0.3183 0.8453 0.4291
vn 0.3343 0.8009 0.4967
vn 0.2149 0.8538 0.4741
vn 0.2150 0.8539 0.4740
vn 0.0523 0.8826 0.4671
vn -0.0174 0.8242 0.5661
vn -0.2348 0.9352 0.2650
vn -0.5619 0.6082 0.5606
vn -0.5658 0.8231 0.0490
vn -0.6812 0.7318 -0.0210
vn -0.5813 0.7901 0.1943
vn -0.8018 0.3710 0.4685
vn -0.3125 0.1898 -0.9308
vn 0.5077 -0.0002 -0.8615
vn 0.5074 0.0001 -0.8617
vn -0.9656 0.1898 0.1779
vn -0.5077 -0.0000 0.8615
vn -0.5076 -0.0000 0.8616
vn -0.7263 0.6368 0.2589
vn -0.5075 0.0002 0.8617
vn 0.1223 0.6390 0.7595
vn -0.5064 -0.0000 0.8623
vn 0.3785 0.2091 0.9017
vn 0.9721 0.2090 -0.1066
vn 0.7236 0.6389 -0.2613
vn 0.5075 -0.0002 -0.8617
vn -0.1255 0.6368 -0.7607
vn 0.5078 0.0002 -0.8615
vn -0.4329 0.6599 0.6141
vn -0.2338 0.9602 0.1530
vn -0.2998 0.9279 0.2215
vn -0.2502 0.8264 0.5045
vn 0.2827 0.3542 0.8914
vn 0.2793 0.3484 0.8948
vn 0.9605 0.2583 -0.1031
vn 0.5072 -0.0002 -0.8618
vn 0.5075 -0.0000 -0.8617
vn -0.9577 0.2377 0.1623
vn -0.5076 0.0001 0.8616
vn -0.5074 -0.0003 0.8617
vn -0.7104 0.6489 0.2725
vn -0.5078 -0.0003 0.8615
vn 0.1013 0.6513 0.7520
vn -0.5080 -0.0001 0.8614
vn 0.3754 0.2584 0.8901
vn 0.7070 0.6513 -0.2756
vn -0.1058 0.6489 -0.7535
vn 0.5071 0.0001 -0.8619
vn 0.5075 0.0001 -0.8616
vn -0.3221 0.2377 -0.9164
vn -0.9619 0.2139 0.1701
vn -0.5075 -0.0002 0.8617
vn -0.5078 0.0003 0.8615
vn -0.7182 0.6431 0.2656
vn 0.1120 0.6453 0.7556
vn 0.7151 0.6454 -0.2684
vn -0.5079 -0.0002 0.8614
vn 0.3766 0.2341 0.8963
vn 0.9665 0.2341 -0.1051
vn 0.5076 0.0003 -0.8616
vn 0.5078 -0.0003 -0.8615
vn -0.1156 0.6430 -0.7571
vn -0.3177 0.2140 -0.9237
vn 0.5075 -0.0001 -0.8617
vn 0.5075 0.0002 -0.8617
vn 0.1252 0.9921 -0.0001
vn 0.1337 0.9899 0.0463
vn 0.1239 0.9923 -0.0000
vn 0.1316 0.9913 0.0034
vn 0.1281 0.9905 -0.0497
vn 0.0640 0.6939 0.7172
vn 0.0180 0.6694 0.7427
vn -0.0346 0.6386 0.7688
vn 0.1185 0.7201 0.6836
vn 0.9571 0.2186 -0.1904
vn 0.9631 0.2554 -0.0845
vn 0.9715 0.2370 0.0019
vn 0.9624 0.2588 0.0827
vn 0.9555 0.2254 0.1902
vn -0.5328 0.8072 -0.2542
vn 0.3595 0.8785 0.3147
vn 0.2557 0.8959 0.3633
vn 0.4543 0.7663 0.4543
vn 0.0685 0.9839 0.1650
vn 0.2459 0.7663 0.5936
vn 0.0031 0.9833 0.1817
vn -0.0000 0.7663 0.6425
vn -0.0703 0.9819 0.1761
vn -0.2458 0.7663 0.5936
vn -0.1381 0.9819 0.1293
vn -0.0274 0.9831 0.1807
vn -0.4639 0.8716 0.1586
vn -0.4534 0.8742 0.1737
vn -0.6681 0.7435 -0.0292
vn -0.6640 0.7470 -0.0325
vn -0.3741 0.9237 -0.0829
vn -0.1667 0.9790 -0.1172
vn -0.0684 0.9839 -0.1651
vn -0.0139 0.8943 0.4472
vn -0.0032 0.9834 -0.1817
vn 0.6719 0.6379 -0.3764
vn 0.6616 0.6057 -0.4421
vn 0.6637 0.6507 0.3689
vn 0.6010 0.6910 0.4016
vn 0.0139 0.9854 -0.1698
vn -0.2458 0.7664 -0.5935
vn -0.0000 0.7663 -0.6425
vn 0.0732 0.9830 -0.1681
vn 0.2459 0.7663 -0.5935
vn 0.4543 0.7663 -0.4543
vn -0.2379 0.8959 0.3752
vn 0.1263 0.9839 -0.1264
vn 0.3576 0.9268 -0.1151
vn 0.5935 0.7664 -0.2458
vn 0.6424 0.7663 -0.0000
vn 0.6425 0.7663 0.0001
vn 0.3625 0.9251 0.1130
vn 0.5935 0.7664 0.2458
vn 0.1273 0.9830 0.1320
vn -0.2557 0.8958 -0.3634
vn -0.0840 0.9770 -0.1960
vn -0.1988 0.9211 0.3346
vn -0.7783 0.6061 0.1638
vn -0.3596 0.8784 -0.3148
vn -0.6604 -0.0000 0.7509
vn -0.7225 0.6357 0.2717
vn -0.0000 0.6415 0.7671
vn 0.1655 -0.0000 0.9862
vn 0.5556 -0.0000 0.8315
vn -0.1185 0.9292 0.3500
vn 0.7225 0.6358 -0.2715
vn -0.7226 0.6357 -0.2715
vn -0.9360 -0.0000 -0.3519
vn -0.4208 0.6531 -0.6297
vn -0.5547 -0.0000 -0.8321
vn -0.0000 0.6416 -0.7671
vn -0.0000 -0.0000 -1.0000
vn 0.4208 0.6531 -0.6296
vn 0.5557 -0.0000 -0.8314
vn 0.9360 -0.0000 -0.3519
vn 0.7224 0.6359 0.2716
vn 0.9360 -0.0000 0.3520
vn 0.4206 0.6531 0.6297
vn 0.5577 -0.6525 0.5131
vn -0.3616 -0.9323 0.0116
vn 0.3876 0.3417 -0.8561
vn 0.0519 0.0379 0.9979
vn 0.3024 0.3267 0.8955
vn 0.1382 0.6064 0.7830
vn 0.5315 -0.6264 -0.5701
vn 0.3113 0.5033 -0.8061
vn 0.0999 0.1730 -0.9798
vn 0.3876 0.3416 -0.8562
vn 0.5577 -0.6525 0.5130
vn 0.9965 0.0837 -0.0000
vn -0.9171 -0.1724 -0.3595
vn -0.6715 0.7052 0.2275
vn -0.4769 0.8582 0.1900
vn -0.8258 -0.4604 0.3257
vn 0.7870 -0.3256 0.5240
vn 0.7870 -0.3254 0.5241
vn 0.0692 -0.4517 0.8895
vn 0.0266 0.8752 0.4830
vn 0.1593 0.6795 0.7162
vn 0.1555 0.9827 0.1001
vn 0.3196 0.7596 -0.5664
vn 0.6765 0.7124 -0.1867
vn -0.7709 0.5724 -0.2793
vn -0.3500 0.7046 -0.6173
vn -0.6895 0.6953 0.2029
vn -0.9786 0.1929 0.0717
vn 0.1413 0.9900 -0.0000
vn 0.1424 0.9898 -0.0000
vn 0.0110 0.6895 -0.7242
vn 0.0192 0.6501 -0.7596
vn 0.0244 0.6238 -0.7812
vn -0.0018 0.7473 -0.6645
vn -0.6790 0.7342 -0.0001
vn -0.6790 0.7342 0.0001
vn -0.6790 0.7342 -0.0000
vn 0.4420 0.6056 0.6617
vn 0.3032 0.6128 0.7297
vn 0.4421 0.6057 0.6616
vn 0.3024 0.6131 0.7298
vn -0.0001 0.6131 0.7900
vn -0.1553 0.6056 0.7804
vn -0.1552 0.6056 0.7805
vn -0.1425 0.9898 -0.0000
vn -0.1425 0.9898 -0.0001
vn -0.1425 0.9898 0.0001
vn 0.2816 0.8071 0.5190
vn -0.0186 0.6502 0.7595
vn -0.0244 0.6239 0.7811
vn 0.4084 0.8407 0.3556
vn 0.1935 0.8391 -0.5085
vn 0.3909 0.8350 -0.3873
vn -0.0180 0.6693 -0.7428
vn 0.0345 0.6385 -0.7688
vn -0.2391 0.3493 0.9060
vn -0.5570 0.2893 0.7785
vn -0.2365 0.3573 0.9035
vn -0.5247 0.3084 0.7934
vn -0.7028 -0.0808 0.7068
vn -0.6923 -0.1001 0.7147
vn -0.6651 -0.0294 0.7462
vn -0.6623 -0.0383 0.7483
vn -0.7067 0.0034 0.7075
vn -0.7138 -0.0098 0.7003
vn -0.4707 -0.2301 0.8518
vn -0.4634 -0.2389 0.8533
vn -0.1530 -0.1688 0.9737
vn -0.1534 -0.1593 0.9752
vn -0.1537 -0.1210 0.9807
vn -0.1515 -0.1182 0.9814
vn -0.1303 0.0895 0.9874
vn -0.1314 0.1017 0.9861
vn -0.2255 0.2894 0.9303
vn -0.2041 0.2792 0.9383
vn -0.2397 0.3451 0.9075
vn -0.2364 0.3573 0.9036
vn 0.6413 -0.3377 0.6890
vn 0.6192 0.1299 0.7744
vn 0.6364 0.1768 0.7508
vn 0.3668 0.7760 0.5132
vn 0.3956 0.7353 0.5503
vn -0.0387 0.9992 0.0068
vn 0.3956 0.7352 0.5504
vn 0.0387 0.9926 0.1153
vn 0.0387 0.9926 0.1154
vn -0.3787 0.8063 -0.4544
vn 0.0386 0.9926 0.1153
vn -0.3216 0.8720 -0.3691
vn -0.3786 0.8063 -0.4545
vn -0.5533 0.4069 -0.7269
vn -0.5474 0.4325 -0.7164
vn -0.5626 -0.1930 -0.8039
vn -0.5267 -0.2550 -0.8109
vn -0.3535 -0.7211 -0.5959
vn -0.3364 -0.6709 -0.6608
vn -0.3203 -0.7311 -0.6024
vn -0.0702 -0.9680 -0.2409
vn -0.0429 -0.9782 -0.2033
vn 0.1895 -0.9763 0.1044
vn 0.3959 -0.8403 0.3704
vn 0.2995 -0.9261 0.2293
vn 0.6210 -0.4570 0.6368
vn 0.6271 -0.5005 0.5969
vn 0.7400 -0.6539 -0.1572
vn 0.8560 -0.5158 -0.0345
vn 0.7335 -0.6649 -0.1412
vn 0.8587 -0.5115 -0.0325
vn 0.9777 -0.1272 -0.1669
vn 0.9783 -0.0855 -0.1889
vn 0.8635 0.2448 -0.4410
vn 0.8600 0.2390 -0.4509
vn 0.7857 0.2177 -0.5790
vn 0.7862 0.2143 -0.5796
vn 0.7857 0.2177 -0.5791
vn 0.7276 0.2019 -0.6557
vn 0.7240 0.2056 -0.6585
vn 0.5965 0.1100 -0.7950
vn 0.5897 0.1156 -0.7993
vn 0.4763 -0.2492 -0.8432
vn 0.4677 -0.2366 -0.8517
vn 0.4322 -0.5788 -0.6915
vn 0.4296 -0.5793 -0.6928
vn 0.4805 -0.7368 -0.4757
vn 0.4957 -0.7417 -0.4518
vn 0.6761 -0.7007 -0.2280
vn 0.6922 -0.6867 -0.2219
vn 0.6667 -0.6760 -0.3140
vn 0.6673 -0.6747 -0.3153
vn 0.5918 -0.7148 -0.3725
vn 0.5944 -0.7223 -0.3535
vn 0.7868 0.0058 -0.6171
vn 0.7740 0.0141 -0.6330
vn 0.7747 0.0103 -0.6322
vn 0.7708 0.0035 -0.6371
vn 0.7699 0.0070 -0.6382
vn 0.9043 0.1735 -0.3900
vn 0.9039 0.1751 -0.3903
vn 0.9189 0.2748 -0.2829
vn 0.9160 0.2814 -0.2858
vn 0.9288 0.1859 -0.3204
vn 0.9312 0.1914 -0.3104
vn 0.9567 0.1529 -0.2478
vn 0.9579 0.1375 -0.2520
vn 0.9205 0.1504 -0.3605
vn 0.9153 0.1736 -0.3635
vn 0.7783 0.0208 -0.6276
vn 0.7809 0.0159 -0.6245
vn 0.7807 0.0169 -0.6247
vn 0.7804 0.0171 -0.6250
vn 0.7805 0.0167 -0.6249
vn 0.7806 0.0166 -0.6248
vn 0.7806 0.0164 -0.6249
vn 0.7805 0.0165 -0.6249
vn 0.7803 0.0167 -0.6252
vn 0.7802 0.0165 -0.6253
vn 0.7865 0.0051 -0.6176
vn 0.7186 -0.5352 -0.4440
vn 0.6956 -0.7154 -0.0662
vn 0.6819 -0.5347 -0.4991
vn 0.6560 -0.4916 -0.5727
vn 0.5481 -0.5749 -0.6075
vn -0.1142 -0.6707 0.7329
vn -0.0464 -0.2492 0.9673
vn -0.0719 -0.4072 0.9105
vn -0.0464 -0.2490 0.9674
vn -0.0086 -0.0176 0.9998
vn -0.0720 -0.4072 0.9105
vn -0.0031 0.4518 0.8921
vn -0.3513 0.9269 0.1317
vn -0.1379 0.6570 0.7412
vn -0.6072 0.7839 0.1299
vn -0.3429 0.5898 0.7311
vn -0.8906 0.4271 0.1561
vn -0.5768 0.3297 0.7474
vn -0.9847 -0.0646 0.1621
vn -0.7368 -0.0491 0.6743
vn -0.8228 -0.5489 0.1470
vn -0.5202 -0.4239 0.7414
vn -0.4984 -0.8518 0.1610
vn -0.2429 -0.6279 0.7394
vn 0.0298 -0.3946 0.9184
vn -0.9564 0.2902 0.0310
vn -0.9755 0.2185 -0.0258
vn -0.9556 0.2251 -0.1902
vn -0.9591 0.2515 0.1300
vn -0.9976 0.0696 -0.0000
vn 0.0842 0.0069 0.9964
vn 0.0193 -0.0099 0.9998
vn 0.4169 0.6763 0.6073
vn 0.5242 0.4068 0.7482
vn 0.0031 0.0004 1.0000
vn 0.6437 0.0464 0.7639
vn 0.0033 -0.0006 1.0000
vn 0.5831 -0.3048 0.7530
vn 0.0031 -0.0027 1.0000
vn 0.4409 -0.6362 0.6331
vn 0.0025 -0.0036 1.0000
vn 0.2621 -0.7171 0.6458
vn -0.0023 -0.0027 1.0000
vn 0.9487 0.0600 0.3103
vn 0.8766 -0.4036 0.2622
vn 0.5395 -0.8343 -0.1135
vn 0.3196 -0.9414 -0.1075
vn 0.1409 -0.6391 0.7561
vn 0.0736 -0.0425 0.9964
vn 0.0432 0.0110 0.9990
vn 0.1287 -0.0043 0.9917
vn 0.1287 -0.0042 0.9917
vn 0.1274 -0.0035 0.9918
vn 0.1274 -0.0034 0.9918
vn 0.1269 -0.0027 0.9919
vn 0.1270 -0.0026 0.9919
vn 0.1264 -0.0002 0.9920
vn 0.1270 -0.0011 0.9919
vn 0.1268 0.0013 0.9919
vn 0.1272 0.0004 0.9919
vn 0.1282 0.0019 0.9918
vn 0.0669 -0.0983 0.9929
vn 0.1038 0.0334 0.9940
vn 0.4692 0.8761 -0.1112
vn 0.8046 0.5182 0.2898
vn 0.9470 0.3210 0.0155
vn 0.9468 0.3219 -0.0008
vn 0.9468 0.3218 0.0008
vn 0.9472 0.3203 0.0157
vn 0.9488 0.3157 0.0081
vn 0.9494 0.3140 0.0085
vn -0.0098 0.5057 -0.8627
vn 0.2744 0.4499 -0.8499
vn 0.2764 0.4470 -0.8507
vn 0.0204 0.5037 -0.8636
vn -0.2585 0.5168 -0.8161
vn -0.2584 0.5167 -0.8162
vn -0.4080 0.5373 -0.7381
vn -0.4035 0.5363 -0.7413
vn -0.7424 0.5796 -0.3359
vn -0.7423 0.5810 -0.3339
vn -0.5343 0.5973 0.5981
vn -0.5112 0.5961 0.6191
vn 0.0356 0.8427 0.5372
vn 0.0619 0.8241 0.5630
vn 0.1273 0.0004 -0.9919
vn 0.1271 -0.0011 -0.9919
vn 0.1270 -0.0010 -0.9919
vn 0.1273 0.0005 -0.9919
vn 0.1281 0.0018 -0.9918
vn 0.1281 0.0019 -0.9918
vn 0.0987 0.0397 -0.9943
vn 0.0881 0.0085 -0.9961
vn 0.0171 -0.0058 -0.9998
vn 0.3525 0.8985 -0.2614
vn 0.0031 0.0005 -1.0000
vn 0.5300 0.3926 -0.7516
vn 0.0033 -0.0006 -1.0000
vn 0.6444 0.0494 -0.7631
vn 0.0029 -0.0026 -1.0000
vn 0.5787 -0.3365 -0.7429
vn 0.4814 -0.6236 -0.6160
vn 0.0026 -0.0035 -1.0000
vn -0.0023 -0.0027 -1.0000
vn 0.2675 -0.7172 -0.6435
vn 0.1634 0.4962 0.8527
vn 0.8186 0.5154 -0.2536
vn 0.9478 0.0635 -0.3126
vn 0.8596 -0.4252 -0.2834
vn 0.5805 -0.8108 0.0744
vn 0.3246 -0.9400 0.1051
vn 0.1409 -0.6391 -0.7561
vn 0.0737 -0.0425 -0.9964
vn 0.0427 0.0110 -0.9990
vn 0.1285 -0.0045 -0.9917
vn 0.1286 -0.0045 -0.9917
vn 0.0427 0.0109 -0.9990
vn 0.1274 -0.0035 -0.9918
vn 0.1275 -0.0035 -0.9918
vn 0.1271 -0.0025 -0.9919
vn 0.1271 -0.0024 -0.9919
vn -0.6616 0.6057 0.4421
vn -0.7299 0.6131 0.3023
vn -0.7900 0.6131 0.0001
vn -0.7900 0.6131 -0.0001
vn -0.7299 0.6131 -0.3023
vn -0.5586 0.6131 -0.5587
vn -0.5577 0.6134 -0.5591
vn -0.3023 0.6131 -0.7298
vn -0.0000 0.6131 -0.7900
vn 0.3024 0.6131 -0.7298
vn 0.3023 0.6131 -0.7299
vn 0.4420 0.6056 -0.6617
vn 0.4422 0.6056 -0.6616
vn -0.3516 0.8927 0.2819
vn 0.0619 0.8242 0.5630
vn 0.0356 0.8428 0.5371
vn -0.0330 0.9216 0.3868
vn -0.2999 0.9279 0.2215
vn 0.0742 0.9964 0.0419
vn 0.0805 0.9962 0.0338
vn 0.1141 0.9925 0.0437
vn 0.1453 0.9872 0.0658
vn -0.0321 0.9953 0.0915
vn 0.0382 0.9976 0.0584
vn 0.0381 0.9980 0.0511
vn -0.0529 0.9986 0.0008
vn -0.0483 0.9974 -0.0534
vn -0.2502 0.8264 0.5044
vn -0.0446 0.9942 -0.0975
vn 0.3385 0.8074 -0.4832
vn 0.2220 0.6595 -0.7182
vn 0.2369 0.8465 -0.4767
vn 0.3384 0.8075 -0.4832
vn 0.4113 0.7722 -0.4844
vn 0.2221 0.6596 -0.7180
vn 0.3509 0.7868 0.5078
vn 0.0270 -0.9936 -0.1093
vn 0.3188 0.7347 0.5988
vn -0.0641 -0.7439 0.6652
vn 0.0270 -0.9937 -0.1092
vn -0.9987 0.0502 0.0115
vn -0.9986 -0.0460 -0.0275
vn -0.9982 0.0604 0.0002
vn -0.9982 0.0404 -0.0453
vn -0.9398 0.3412 0.0172
vn -0.9925 0.0755 -0.0965
vn -0.9822 -0.1382 0.1273
vn -0.8474 -0.4827 0.2211
vn -0.8303 -0.5122 0.2197
vn -0.7349 -0.6226 0.2691
vn -0.7396 -0.6171 0.2687
vn -0.7039 -0.6567 0.2707
vn -0.7044 -0.6561 0.2707
vn -0.7012 -0.6598 0.2701
vn -0.7005 -0.6604 0.2705
vn -0.6984 -0.6612 0.2740
vn -0.6982 -0.6613 0.2742
vn 0.6262 0.7792 0.0256
vn -0.0227 0.8927 0.4500
vn -0.0254 0.7988 0.6011
vn 0.5044 0.8431 0.1863
vn 0.2601 0.7340 -0.6273
vn 0.1730 0.8624 -0.4757
vn -0.4984 0.8580 -0.1241
vn -0.3553 0.9098 -0.2145
vn 0.9191 0.3168 0.2342
vn 0.2901 0.9567 -0.0232
vn 0.3417 0.9398 -0.0028
vn -0.4185 0.7004 -0.5782
vn -0.6221 0.7725 -0.1276
vn -0.7259 -0.1255 -0.6763
vn -0.9866 -0.1109 -0.1200
vn -0.4228 -0.8646 -0.2715
vn 0.4136 0.9091 -0.0493
vn 0.8038 0.5925 -0.0539
vn -0.5908 0.8068 -0.0047
vn -0.9914 -0.1227 0.0447
vn -0.8038 -0.5925 0.0538
vn -0.6142 -0.7883 -0.0368
vn 0.5027 -0.8299 0.2420
vn 0.2199 -0.7718 0.5967
vn 0.6337 0.2546 0.7305
vn 0.3863 0.8686 0.3103
vn -0.0079 0.6582 -0.7528
vn -0.3268 -0.2266 -0.9175
vn -0.3209 -0.9176 -0.2346
vn -0.0510 -0.7166 0.6956
vn 0.2539 0.0775 0.9641
vn 0.0298 -0.3945 -0.9184
vn -0.5050 -0.8464 -0.1689
vn -0.2478 -0.6266 -0.7389
vn -0.8217 -0.5496 -0.1507
vn -0.5209 -0.4254 -0.7401
vn -0.9844 -0.0672 -0.1625
vn -0.7369 -0.0508 -0.6741
vn -0.8917 0.4258 -0.1532
vn -0.5765 0.3281 -0.7483
vn -0.6067 0.7851 -0.1245
vn -0.3418 0.5887 -0.7326
vn -0.3444 0.9306 -0.1240
vn -0.1337 0.6573 -0.7417
vn -0.0031 0.4518 -0.8921
vn -0.5630 0.5711 -0.5973
vn -0.1904 0.9794 -0.0679
vn -0.1905 0.9793 -0.0679
vn -0.5632 0.5702 -0.5980
vn -0.6056 -0.1722 -0.7769
vn -0.6056 -0.1723 -0.7769
vn -0.2940 -0.8137 -0.5015
vn -0.2940 -0.8135 -0.5018
vn 0.1906 -0.9793 0.0682
vn 0.1908 -0.9793 0.0676
vn 0.5638 -0.5705 0.5972
vn 0.5634 -0.5707 0.5975
vn 0.6061 0.1715 0.7767
vn 0.6057 0.1720 0.7769
vn 0.2938 0.8138 0.5014
vn 0.2940 0.8135 0.5017
vn -0.1906 0.9793 -0.0679
vn -0.1904 0.9794 -0.0677
vn 0.2712 -0.3452 0.8985
vn -0.0188 -0.7268 0.6866
vn -0.0121 -0.9492 0.3143
vn 0.1386 -0.9661 0.2179
vn -0.3421 -0.9222 0.1805
vn -0.1956 -0.9686 -0.1537
vn -0.5770 -0.6913 -0.4351
vn -0.2132 0.9758 -0.0489
vn 0.5095 0.4696 0.7210
vn -0.2145 0.9754 -0.0506
vn 0.5150 0.4572 0.7251
vn 0.5306 -0.6849 0.4994
vn 0.5272 -0.6935 0.4911
vn -0.1871 -0.8884 -0.4193
vn -0.1808 -0.8928 -0.4126
vn -0.6441 0.1457 -0.7509
vn -0.6434 0.1286 -0.7547
vn -0.2131 0.9758 -0.0489
vn -0.2144 0.9754 -0.0506
vn -0.8884 0.4301 -0.1601
vn -0.9611 0.2736 0.0379
vn -0.9890 0.1316 0.0668
vn -0.5847 0.3956 0.7083
vn -0.8640 -0.0983 0.4937
vn -0.4201 -0.0901 0.9030
vn -0.8590 -0.3811 0.3420
vn -0.4083 -0.5216 0.7492
vn -0.9117 -0.3920 0.1233
vn -0.2945 -0.8384 0.4586
vn -0.8620 -0.5069 -0.0003
vn -0.8809 -0.4708 -0.0486
vn -0.2439 -0.8777 -0.4124
vn -0.8545 -0.3311 -0.4001
vn -0.3682 -0.5031 -0.7819
vn -0.8773 0.0150 -0.4798
vn -0.4729 -0.0102 -0.8811
vn -0.8416 0.3266 -0.4303
vn -0.7731 -0.1061 0.6253
vn -0.7731 -0.1063 0.6253
vn -0.7730 -0.1072 0.6253
vn -0.7726 -0.1054 0.6260
vn -0.7730 -0.1069 0.6253
vn -0.7730 -0.1062 0.6255
vn -0.7728 -0.1070 0.6255
vn -0.7731 -0.1072 0.6251
vn -0.7729 -0.1064 0.6256
vt 0.232800 0.251400
vt 0.238470 0.212280
vt 0.236050 0.208890
vt 0.191300 0.431200
vt 0.191700 0.406100
vt 0.184000 0.410500
vt 0.196500 0.429700
vt 0.198400 0.419800
vt 0.192000 0.385000
vt 0.185300 0.377800
vt 0.164000 0.417100
vt 0.206000 0.440900
vt 0.197200 0.430200
vt 0.202400 0.421000
vt 0.204100 0.407200
vt 0.195300 0.382800
vt 0.185000 0.375000
vt 0.167200 0.370000
vt 0.167300 0.372800
vt 0.130000 0.404500
vt 0.129800 0.407500
vt 0.104700 0.405400
vt 0.105200 0.408400
vt 0.087500 0.409200
vt 0.087800 0.412300
vt 0.053400 0.422000
vt 0.141400 0.362600
vt 0.141100 0.365400
vt 0.034600 0.431200
vt 0.053000 0.400700
vt 0.035200 0.401500
vt 0.058500 0.425400
vt 0.036200 0.435300
vt 0.001100 0.431700
vt 0.001100 0.436500
vt 0.141300 0.360200
vt 0.108800 0.352400
vt 0.109100 0.354500
vt 0.104300 0.384000
vt 0.078800 0.381100
vt 0.077300 0.350000
vt 0.058800 0.349500
vt 0.059600 0.347800
vt 0.037300 0.345400
vt 0.036000 0.347400
vt 0.001100 0.346100
vt 0.001100 0.347800
vt 0.001100 0.369600
vt 0.083400 0.379300
vt 0.086700 0.349100
vt 0.035600 0.369200
vt 0.039100 0.373300
vt 0.035700 0.370800
vt 0.038100 0.373400
vt 0.039100 0.377500
vt 0.035600 0.382100
vt 0.001100 0.403700
vt 0.001100 0.371200
vt 0.038200 0.377700
vt 0.035800 0.380800
vt 0.001100 0.380900
vt 0.001100 0.382200
vt 0.454390 0.700550
vt 0.471690 0.711410
vt 0.453490 0.688530
vt 0.455240 0.710450
vt 0.299450 0.986540
vt 0.297040 0.994890
vt 0.376530 0.994290
vt 0.211110 0.976540
vt 0.214430 0.984130
vt 0.441700 0.425400
vt 0.421300 0.381100
vt 0.416600 0.379300
vt 0.446700 0.422000
vt 0.422800 0.350000
vt 0.395800 0.384000
vt 0.447000 0.400700
vt 0.370000 0.404500
vt 0.395400 0.405400
vt 0.412600 0.409200
vt 0.465000 0.402800
vt 0.464500 0.382100
vt 0.461000 0.377500
vt 0.461000 0.373300
vt 0.441400 0.349500
vt 0.413400 0.349100
vt 0.440400 0.347800
vt 0.391100 0.354500
vt 0.359000 0.365400
vt 0.336100 0.417100
vt 0.370300 0.407500
vt 0.394900 0.408400
vt 0.412300 0.412300
vt 0.465600 0.431200
vt 0.499600 0.403700
vt 0.499600 0.382200
vt 0.499600 0.380900
vt 0.499600 0.431700
vt 0.464000 0.435300
vt 0.499600 0.436500
vt 0.314800 0.377800
vt 0.332800 0.372800
vt 0.358700 0.362600
vt 0.308800 0.431200
vt 0.316100 0.410500
vt 0.308400 0.406100
vt 0.308200 0.385000
vt 0.303500 0.429700
vt 0.391300 0.352400
vt 0.358800 0.360200
vt 0.332900 0.370000
vt 0.315200 0.375000
vt 0.304800 0.382800
vt 0.296000 0.407200
vt 0.301700 0.419800
vt 0.297700 0.421000
vt 0.302900 0.430200
vt 0.294100 0.440900
vt 0.373870 0.990270
vt 0.392370 0.988400
vt 0.500100 0.720010
vt 0.461830 0.726590
vt 0.500050 0.688930
vt 0.482300 0.661730
vt 0.453490 0.661330
vt 0.482300 0.623020
vt 0.453490 0.623270
vt 0.303000 0.430200
vt 0.303700 0.429700
vt 0.151750 0.832440
vt 0.152250 0.835250
vt 0.078190 0.831280
vt 0.180760 0.832540
vt 0.180210 0.835000
vt 0.211540 0.832280
vt 0.211440 0.834950
vt 0.215410 0.831880
vt 0.211480 0.829070
vt 0.180410 0.829420
vt 0.152250 0.829820
vt 0.078190 0.812370
vt 0.146120 0.812570
vt 0.179510 0.812170
vt 0.010560 0.832580
vt 0.010160 0.845010
vt 0.010410 0.822130
vt 0.010060 0.810810
vt 0.010720 0.799400
vt 0.078190 0.794570
vt 0.143760 0.795380
vt 0.175530 0.794320
vt 0.202540 0.792660
vt 0.210130 0.812470
vt 0.214500 0.812320
vt 0.206910 0.792560
vt 0.010820 0.789040
vt 0.010010 0.855870
vt 0.078190 0.853600
vt 0.146120 0.854810
vt 0.182270 0.856820
vt 0.211740 0.854160
vt 0.216110 0.854050
vt 0.209470 0.882460
vt 0.205050 0.882460
vt 0.209470 0.912630
vt 0.205050 0.912530
vt 0.216110 0.937320
vt 0.211740 0.937170
vt 0.212940 0.957180
vt 0.208570 0.957030
vt 0.206100 0.975880
vt 0.146120 0.882560
vt 0.182270 0.882460
vt 0.182270 0.909560
vt 0.180810 0.946520
vt 0.171460 0.978100
vt 0.146120 0.947220
vt 0.146120 0.975980
vt 0.078190 0.947270
vt 0.078190 0.978800
vt 0.146120 0.911930
vt 0.078190 0.913240
vt 0.078190 0.882560
vt 0.201680 0.975780
vt 0.158940 0.996600
vt 0.146120 0.995950
vt 0.078190 0.995140
vt 0.007750 0.999970
vt 0.007750 0.979400
vt 0.007750 0.947880
vt 0.007750 0.910420
vt 0.008550 0.882160
vt 0.188410 0.996650
vt 0.297170 0.928010
vt 0.212770 0.927410
vt 0.298270 0.959160
vt 0.213020 0.937370
vt 0.213270 0.952150
vt 0.206690 0.966480
vt 0.383550 0.955770
vt 0.430330 0.987500
vt 0.427010 0.955170
vt 0.304380 0.951500
vt 0.384070 0.942300
vt 0.430330 0.919970
vt 0.384880 0.924150
vt 0.408460 0.891970
vt 0.370850 0.892920
vt 0.291510 0.899960
vt 0.213470 0.918310
vt 0.442000 0.890660
vt 0.303930 0.935760
vt 0.304130 0.943400
vt 0.431360 0.780520
vt 0.411570 0.785830
vt 0.431360 0.785830
vt 0.411570 0.780520
vt 0.394310 0.785830
vt 0.394310 0.780520
vt 0.375000 0.785830
vt 0.375000 0.780520
vt 0.352800 0.785830
vt 0.353110 0.780520
vt 0.337890 0.785830
vt 0.337890 0.780520
vt 0.316450 0.785830
vt 0.316450 0.780520
vt 0.293850 0.785830
vt 0.293850 0.780520
vt 0.275170 0.785830
vt 0.275170 0.780520
vt 0.248190 0.785830
vt 0.248190 0.780520
vt 0.226340 0.785830
vt 0.226340 0.780520
vt 0.259150 0.873270
vt 0.279400 0.880990
vt 0.242260 0.873350
vt 0.224780 0.881640
vt 0.430880 0.883840
vt 0.414150 0.881210
vt 0.396060 0.877520
vt 0.373540 0.873040
vt 0.360970 0.870880
vt 0.351420 0.870050
vt 0.342260 0.862310
vt 0.332100 0.859870
vt 0.316800 0.853700
vt 0.298210 0.874320
vt 0.281600 0.885520
vt 0.303560 0.880530
vt 0.259150 0.876520
vt 0.242260 0.876540
vt 0.224780 0.885800
vt 0.414150 0.884370
vt 0.430880 0.887180
vt 0.396060 0.880650
vt 0.373540 0.876290
vt 0.360970 0.874070
vt 0.350400 0.873300
vt 0.341960 0.874270
vt 0.332410 0.875550
vt 0.321070 0.876760
vt 0.913720 0.005810
vt 0.917200 0.014490
vt 0.895560 0.034050
vt 0.940730 0.011060
vt 0.941510 0.001760
vt 0.972740 0.013720
vt 0.967170 0.021190
vt 0.992160 0.037150
vt 0.983600 0.041020
vt 0.995520 0.082230
vt 0.986450 0.079180
vt 0.961300 0.108470
vt 0.965810 0.116830
vt 0.932860 0.122950
vt 0.933410 0.113650
vt 0.908030 0.104740
vt 0.902880 0.112420
vt 0.882660 0.088740
vt 0.890910 0.084690
vt 0.877880 0.074960
vt 0.886870 0.073020
vt 0.886400 0.058900
vt 0.877320 0.058270
vt 0.890290 0.044090
vt 0.881930 0.040770
vt 0.888150 0.028920
vt 0.449060 0.746050
vt 0.462330 0.744850
vt 0.449060 0.726490
vt 0.447600 0.758570
vt 0.471640 0.764460
vt 0.450020 0.769690
vt 0.445340 0.773610
vt 0.445540 0.779240
vt 0.453490 0.778280
vt 0.445690 0.793020
vt 0.453490 0.793870
vt 0.446650 0.808150
vt 0.453490 0.807190
vt 0.446090 0.823130
vt 0.453490 0.822180
vt 0.445890 0.836910
vt 0.453490 0.836210
vt 0.446450 0.853050
vt 0.453490 0.851340
vt 0.446700 0.866630
vt 0.453490 0.866370
vt 0.446900 0.896890
vt 0.453490 0.897200
vt 0.453490 0.926360
vt 0.224110 0.762140
vt 0.247080 0.769940
vt 0.224060 0.758320
vt 0.247130 0.773710
vt 0.273230 0.773510
vt 0.273230 0.778440
vt 0.299320 0.769940
vt 0.299320 0.773710
vt 0.322400 0.757620
vt 0.322350 0.761440
vt 0.499190 0.746000
vt 0.216790 0.909310
vt 0.295430 0.891210
vt 0.372060 0.883770
vt 0.453490 0.965730
vt 0.482300 0.925960
vt 0.482300 0.965480
vt 0.500050 0.897250
vt 0.500050 0.867280
vt 0.500050 0.837260
vt 0.500050 0.823380
vt 0.500050 0.807650
vt 0.500050 0.790600
vt 0.500050 0.778030
vt 0.426890 0.778690
vt 0.436410 0.777930
vt 0.435230 0.778950
vt 0.429010 0.777720
vt 0.437590 0.776640
vt 0.430470 0.776360
vt 0.438420 0.775030
vt 0.431310 0.774750
vt 0.438710 0.773210
vt 0.431530 0.773030
vt 0.438380 0.771360
vt 0.431130 0.771350
vt 0.437470 0.769720
vt 0.430120 0.769910
vt 0.436160 0.768420
vt 0.428540 0.768880
vt 0.434730 0.767450
vt 0.426470 0.768340
vt 0.428050 0.773350
vt 0.321870 0.770740
vt 0.427930 0.771640
vt 0.427910 0.770650
vt 0.321890 0.771730
vt 0.427960 0.772630
vt 0.321920 0.772720
vt 0.427960 0.773620
vt 0.321920 0.773710
vt 0.427930 0.774610
vt 0.321890 0.774700
vt 0.427920 0.775600
vt 0.321880 0.775690
vt 0.649100 0.993160
vt 0.601030 0.950780
vt 0.678430 0.992180
vt 0.629380 0.991890
vt 0.677030 0.922750
vt 0.649920 0.916780
vt 0.728210 0.294800
vt 0.709000 0.255290
vt 0.724610 0.257300
vt 0.715500 0.294900
vt 0.683300 0.252210
vt 0.689700 0.294800
vt 0.656200 0.256650
vt 0.749760 0.295010
vt 0.749760 0.256970
vt 0.749760 0.349040
vt 0.737410 0.349860
vt 0.717700 0.344160
vt 0.692090 0.324450
vt 0.659010 0.297890
vt 0.641400 0.262500
vt 0.639840 0.277470
vt 0.624150 0.262810
vt 0.606570 0.279030
vt 0.608400 0.262780
vt 0.592380 0.297870
vt 0.594400 0.259200
vt 0.568800 0.252620
vt 0.561100 0.294800
vt 0.573540 0.315100
vt 0.558200 0.329320
vt 0.534300 0.294800
vt 0.533900 0.343300
vt 0.501390 0.294800
vt 0.501390 0.349100
vt 0.501390 0.256280
vt 0.542400 0.250460
vt 0.588900 0.343300
vt 0.616200 0.303700
vt 0.608560 0.282980
vt 0.625100 0.267100
vt 0.638990 0.279020
vt 0.634100 0.303800
vt 0.661200 0.343300
vt 0.634500 0.307200
vt 0.635600 0.343300
vt 0.625600 0.295300
vt 0.613300 0.343300
vt 0.615800 0.307100
vt 0.625500 0.292100
vt 0.741200 0.434900
vt 0.723500 0.392000
vt 0.739500 0.392000
vt 0.701500 0.392000
vt 0.667500 0.392000
vt 0.636400 0.392000
vt 0.611400 0.392000
vt 0.585200 0.392000
vt 0.547700 0.392000
vt 0.526800 0.392000
vt 0.501390 0.392000
vt 0.749760 0.435990
vt 0.749760 0.391890
vt 0.521400 0.490800
vt 0.543200 0.434000
vt 0.537500 0.490100
vt 0.525200 0.441400
vt 0.576700 0.440600
vt 0.617700 0.453800
vt 0.631100 0.453800
vt 0.673900 0.440600
vt 0.706600 0.434000
vt 0.724100 0.438600
vt 0.723000 0.493300
vt 0.740600 0.486900
vt 0.578700 0.480300
vt 0.702400 0.493500
vt 0.668200 0.479100
vt 0.631900 0.472400
vt 0.611500 0.471700
vt 0.604300 0.483800
vt 0.623600 0.483900
vt 0.648700 0.483550
vt 0.673800 0.483200
vt 0.707200 0.493000
vt 0.726000 0.492400
vt 0.740400 0.498800
vt 0.749760 0.499400
vt 0.749760 0.486200
vt 0.501390 0.436200
vt 0.501390 0.486100
vt 0.517900 0.499100
vt 0.534700 0.493300
vt 0.570000 0.485500
vt 0.501390 0.499900
vt 0.971400 0.112200
vt 0.978330 0.085020
vt 0.964370 0.099670
vt 0.988690 0.095850
vt 0.984520 0.061610
vt 0.997640 0.061560
vt 0.976090 0.037820
vt 0.988250 0.030380
vt 0.954100 0.018130
vt 0.957070 0.005580
vt 0.920320 0.018510
vt 0.916120 0.005960
vt 0.896900 0.036520
vt 0.885970 0.028750
vt 0.887170 0.062080
vt 0.876890 0.060740
vt 0.896550 0.087830
vt 0.886810 0.096150
vt 0.913930 0.102590
vt 0.907380 0.114460
vt 0.937880 0.108590
vt 0.938180 0.122620
vt 0.573580 0.315180
vt 0.610700 0.130200
vt 0.631170 0.131510
vt 0.631600 0.113600
vt 0.608200 0.165800
vt 0.630670 0.166300
vt 0.652500 0.132000
vt 0.652300 0.163800
vt 0.681800 0.146500
vt 0.681600 0.170900
vt 0.716700 0.142300
vt 0.712000 0.168900
vt 0.738520 0.148800
vt 0.738520 0.166400
vt 0.738400 0.118600
vt 0.682100 0.140000
vt 0.652300 0.127400
vt 0.715500 0.141000
vt 0.737600 0.117700
vt 0.742500 0.097900
vt 0.743900 0.098400
vt 0.749610 0.085030
vt 0.749610 0.089570
vt 0.608690 0.201400
vt 0.591500 0.192700
vt 0.630460 0.201400
vt 0.653000 0.206900
vt 0.681300 0.213500
vt 0.710300 0.214400
vt 0.738520 0.221800
vt 0.738520 0.237800
vt 0.706500 0.244800
vt 0.707400 0.247400
vt 0.681200 0.249000
vt 0.681400 0.245100
vt 0.650200 0.239700
vt 0.648500 0.233900
vt 0.568500 0.213000
vt 0.593000 0.233900
vt 0.614710 0.215960
vt 0.629500 0.215960
vt 0.630300 0.227300
vt 0.611600 0.227300
vt 0.591500 0.239700
vt 0.568800 0.249000
vt 0.548600 0.247600
vt 0.545300 0.213000
vt 0.511770 0.203020
vt 0.521800 0.238300
vt 0.568000 0.248900
vt 0.500280 0.221800
vt 0.500280 0.237800
vt 0.500280 0.180760
vt 0.514420 0.201930
vt 0.543800 0.209200
vt 0.568750 0.206900
vt 0.588440 0.189030
vt 0.604470 0.164000
vt 0.608190 0.130010
vt 0.608430 0.104670
vt 0.611600 0.103500
vt 0.613890 0.083000
vt 0.596400 0.060800
vt 0.614110 0.069620
vt 0.568010 0.081120
vt 0.569600 0.061700
vt 0.596850 0.079080
vt 0.544000 0.129000
vt 0.569300 0.118100
vt 0.543300 0.096320
vt 0.540000 0.072000
vt 0.630360 0.099000
vt 0.628900 0.083500
vt 0.614970 0.051950
vt 0.593430 0.035670
vt 0.569690 0.034260
vt 0.534080 0.052700
vt 0.522910 0.085420
vt 0.517740 0.070320
vt 0.500170 0.085740
vt 0.500280 0.099000
vt 0.514570 0.067660
vt 0.500280 0.083490
vt 0.534190 0.049980
vt 0.569700 0.031200
vt 0.595600 0.032600
vt 0.616900 0.049000
vt 0.630520 0.083300
vt 0.631640 0.098760
vt 0.632800 0.112500
vt 0.500120 0.117520
vt 0.525880 0.104330
vt 0.500280 0.148800
vt 0.521030 0.131450
vt 0.516530 0.169620
vt 0.542700 0.167770
vt 0.569400 0.167200
vt 0.586260 0.164840
vt 0.590160 0.119740
vt 0.250100 0.190600
vt 0.225900 0.190400
vt 0.226200 0.190700
vt 0.245480 0.189660
vt 0.274200 0.190400
vt 0.254700 0.189660
vt 0.273900 0.190700
vt 0.227420 0.256820
vt 0.226000 0.185700
vt 0.226700 0.255170
vt 0.178600 0.162600
vt 0.203200 0.195200
vt 0.216900 0.181500
vt 0.174000 0.216500
vt 0.154200 0.164000
vt 0.156400 0.148300
vt 0.148200 0.185300
vt 0.145900 0.228300
vt 0.136500 0.203600
vt 0.111800 0.238500
vt 0.117600 0.208600
vt 0.101700 0.199100
vt 0.078700 0.237100
vt 0.054900 0.221000
vt 0.044100 0.258200
vt 0.038900 0.213000
vt 0.020400 0.245100
vt 0.063100 0.269100
vt 0.089400 0.280100
vt 0.088700 0.281400
vt 0.156400 0.145100
vt 0.179100 0.160400
vt 0.217900 0.179100
vt 0.197000 0.272300
vt 0.160000 0.286500
vt 0.116100 0.287000
vt 0.115200 0.288000
vt 0.196500 0.273800
vt 0.159200 0.287500
vt 0.388300 0.238500
vt 0.354200 0.228300
vt 0.340100 0.286500
vt 0.326100 0.216500
vt 0.303100 0.272300
vt 0.296900 0.195200
vt 0.273000 0.254800
vt 0.283200 0.181500
vt 0.282200 0.179100
vt 0.274100 0.185700
vt 0.250100 0.180000
vt 0.250100 0.185800
vt 0.343700 0.148300
vt 0.343700 0.145100
vt 0.321100 0.160400
vt 0.321600 0.162600
vt 0.272500 0.256790
vt 0.303600 0.273800
vt 0.340900 0.287500
vt 0.384900 0.288000
vt 0.384100 0.287000
vt 0.410600 0.280100
vt 0.421400 0.237100
vt 0.437000 0.269100
vt 0.445300 0.221000
vt 0.456100 0.258200
vt 0.479700 0.245100
vt 0.461300 0.213000
vt 0.412700 0.166900
vt 0.453200 0.168200
vt 0.417500 0.136500
vt 0.445100 0.114000
vt 0.411400 0.281400
vt 0.398500 0.199100
vt 0.382500 0.208600
vt 0.363700 0.203600
vt 0.351900 0.185300
vt 0.345900 0.164000
vt 0.413700 0.101800
vt 0.441700 0.066600
vt 0.401300 0.075800
vt 0.417000 0.057500
vt 0.381700 0.060600
vt 0.380500 0.068200
vt 0.364400 0.079500
vt 0.358900 0.072700
vt 0.355600 0.093700
vt 0.341500 0.088800
vt 0.346800 0.119300
vt 0.309900 0.127000
vt 0.285500 0.101800
vt 0.313900 0.081300
vt 0.343800 0.061700
vt 0.371300 0.045000
vt 0.409900 0.046300
vt 0.397300 0.028700
vt 0.428000 0.018400
vt 0.437700 0.036500
vt 0.471200 0.068500
vt 0.468700 0.041000
vt 0.499400 0.044600
vt 0.499400 0.068700
vt 0.462900 0.035300
vt 0.251170 0.189880
vt 0.561380 0.996750
vt 0.592210 0.906490
vt 0.556970 0.905430
vt 0.745970 0.919370
vt 0.745970 0.919320
vt 0.762990 0.923930
vt 0.250100 0.101100
vt 0.217100 0.097500
vt 0.214600 0.101800
vt 0.250100 0.096900
vt 0.283100 0.097500
vt 0.280200 0.166500
vt 0.250300 0.166400
vt 0.219700 0.166200
vt 0.224400 0.106700
vt 0.250300 0.106600
vt 0.276000 0.106600
vt 0.801640 0.918350
vt 0.781730 0.925180
vt 0.801610 0.918310
vt 0.234800 0.206200
vt 0.250100 0.206600
vt 0.265300 0.206200
vt 0.267300 0.251400
vt 0.264050 0.208890
vt 0.250100 0.209090
vt 0.261630 0.212280
vt 0.250090 0.212480
vt 0.049500 0.078800
vt 0.044700 0.088700
vt 0.049000 0.115100
vt 0.018600 0.077700
vt 0.018800 0.087700
vt 0.021100 0.123800
vt 0.047000 0.168200
vt 0.055000 0.114000
vt 0.058500 0.067300
vt 0.030500 0.068000
vt 0.000400 0.077800
vt 0.000400 0.088400
vt 0.000400 0.068200
vt 0.001100 0.236220
vt 0.001100 0.244460
vt 0.016200 0.237000
vt 0.032400 0.210200
vt 0.040700 0.166600
vt 0.001100 0.159800
vt 0.001100 0.212600
vt 0.191000 0.079600
vt 0.186200 0.081300
vt 0.159900 0.060100
vt 0.156400 0.061700
vt 0.130900 0.044000
vt 0.128700 0.045000
vt 0.105000 0.029200
vt 0.102800 0.028700
vt 0.073900 0.015200
vt 0.072000 0.018700
vt 0.038700 0.035400
vt 0.032000 0.035000
vt 0.031500 0.040700
vt 0.000400 0.044600
vt 0.000400 0.039700
vt 0.040600 0.092900
vt 0.021600 0.091900
vt 0.000400 0.093500
vt 0.118500 0.060600
vt 0.090200 0.046300
vt 0.083100 0.057500
vt 0.190300 0.127000
vt 0.158700 0.088800
vt 0.141300 0.072700
vt 0.062400 0.036500
vt 0.087400 0.166900
vt 0.082700 0.136500
vt 0.086400 0.101800
vt 0.098900 0.075800
vt 0.119600 0.068200
vt 0.135700 0.079500
vt 0.144500 0.093700
vt 0.153400 0.119300
vt 0.499400 0.077800
vt 0.481200 0.087700
vt 0.499100 0.088400
vt 0.499050 0.236800
vt 0.499050 0.244550
vt 0.483900 0.237000
vt 0.467800 0.210200
vt 0.459400 0.166600
vt 0.451100 0.115100
vt 0.455400 0.088700
vt 0.450600 0.078800
vt 0.481500 0.077700
vt 0.752100 0.097400
vt 0.754000 0.100600
vt 0.753200 0.099200
vt 0.754100 0.096200
vt 0.755200 0.098000
vt 0.756000 0.099400
vt 0.755400 0.098300
vt 0.767700 0.119700
vt 0.768700 0.121400
vt 0.769000 0.121900
vt 0.770100 0.123800
vt 0.768100 0.124900
vt 0.766700 0.122500
vt 0.765800 0.120900
vt 0.753400 0.099500
vt 0.767000 0.123100
vt 0.019000 0.116600
vt 0.042200 0.109000
vt 0.778400 0.118800
vt 0.777300 0.116900
vt 0.776000 0.114800
vt 0.764400 0.090000
vt 0.765500 0.091900
vt 0.766200 0.093200
vt 0.765600 0.092200
vt 0.778000 0.113600
vt 0.779000 0.115200
vt 0.779300 0.115700
vt 0.780300 0.117600
vt 0.776900 0.116400
vt 0.763600 0.093300
vt 0.764300 0.094400
vt 0.763500 0.093100
vt 0.762400 0.091200
vt 0.759200 0.093100
vt 0.760300 0.095000
vt 0.761100 0.096300
vt 0.760500 0.095200
vt 0.773800 0.118300
vt 0.771800 0.119500
vt 0.772900 0.116700
vt 0.774100 0.118800
vt 0.775200 0.120700
vt 0.773200 0.121900
vt 0.770900 0.117800
vt 0.759100 0.097500
vt 0.758500 0.096400
vt 0.757300 0.094200
vt 0.772200 0.120000
vt 0.758300 0.096100
vt 0.810200 0.108700
vt 0.818500 0.072500
vt 0.815500 0.108700
vt 0.812800 0.074600
vt 0.807300 0.072500
vt 0.813700 0.058700
vt 0.821800 0.067800
vt 0.815200 0.067300
vt 0.816800 0.056200
vt 0.803800 0.067800
vt 0.810200 0.067300
vt 0.812800 0.069600
vt 0.821300 0.052400
vt 0.792400 0.027400
vt 0.791100 0.038300
vt 0.786200 0.036400
vt 0.789300 0.046900
vt 0.784000 0.046900
vt 0.791100 0.055600
vt 0.786200 0.057500
vt 0.796200 0.062900
vt 0.792400 0.066500
vt 0.829500 0.062900
vt 0.834600 0.055600
vt 0.823200 0.046900
vt 0.836400 0.046900
vt 0.797300 0.083000
vt 0.784100 0.074500
vt 0.841600 0.074500
vt 0.828400 0.083000
vt 0.833200 0.066500
vt 0.839500 0.057500
vt 0.841600 0.046900
vt 0.834600 0.038300
vt 0.839500 0.036400
vt 0.833200 0.027400
vt 0.821300 0.041500
vt 0.829500 0.031000
vt 0.821800 0.026100
vt 0.823900 0.021400
vt 0.812800 0.024300
vt 0.812800 0.019300
vt 0.803800 0.026100
vt 0.801800 0.021400
vt 0.796200 0.031000
vt 0.804400 0.041500
vt 0.802400 0.046900
vt 0.804400 0.052400
vt 0.808800 0.056200
vt 0.808800 0.037700
vt 0.807500 0.050400
vt 0.810300 0.052700
vt 0.806300 0.046900
vt 0.815300 0.041200
vt 0.815300 0.052700
vt 0.818100 0.050400
vt 0.819300 0.046900
vt 0.818100 0.043600
vt 0.816800 0.037700
vt 0.810300 0.041200
vt 0.807500 0.043600
vt 0.818200 0.114700
vt 0.812800 0.086000
vt 0.807500 0.114700
vt 0.841600 0.019400
vt 0.860800 0.016200
vt 0.865800 0.011400
vt 0.850400 0.032000
vt 0.869800 0.017100
vt 0.863200 0.019700
vt 0.464500 0.369200
vt 0.462000 0.373400
vt 0.464400 0.370800
vt 0.464300 0.380800
vt 0.461900 0.377700
vt 0.464200 0.347400
vt 0.462800 0.345400
vt 0.499600 0.346100
vt 0.499600 0.347800
vt 0.499600 0.369600
vt 0.499600 0.371200
vt 0.811700 0.058700
vt 0.850400 0.061900
vt 0.853500 0.046900
vt 0.810500 0.026600
vt 0.814000 0.035100
vt 0.811900 0.035100
vt 0.815500 0.026600
vt 0.347700 0.146400
vt 0.350500 0.162100
vt 0.350000 0.161300
vt 0.356400 0.181600
vt 0.355700 0.180600
vt 0.366300 0.194000
vt 0.365800 0.193000
vt 0.381400 0.198200
vt 0.381800 0.197000
vt 0.394500 0.190200
vt 0.395400 0.189100
vt 0.408500 0.163700
vt 0.409100 0.162900
vt 0.413600 0.135600
vt 0.411900 0.167700
vt 0.397100 0.196400
vt 0.381900 0.205900
vt 0.364300 0.201000
vt 0.352900 0.186400
vt 0.346400 0.164900
vt 0.350700 0.121500
vt 0.359000 0.097900
vt 0.366800 0.085500
vt 0.380900 0.075600
vt 0.399200 0.082200
vt 0.410300 0.104900
vt 0.498800 0.092600
vt 0.479200 0.091900
vt 0.458300 0.097800
vt 0.460400 0.117900
vt 0.466600 0.163900
vt 0.473400 0.207600
vt 0.484500 0.229500
vt 0.492000 0.229600
vt 0.499050 0.212600
vt 0.492100 0.210900
vt 0.119100 0.075600
vt 0.100900 0.082200
vt 0.089800 0.104900
vt 0.086500 0.135600
vt 0.091700 0.163700
vt 0.088200 0.167700
vt 0.105700 0.190200
vt 0.103000 0.196400
vt 0.118700 0.198200
vt 0.118100 0.205900
vt 0.133800 0.194000
vt 0.135700 0.201000
vt 0.147200 0.186400
vt 0.143700 0.181600
vt 0.149700 0.162100
vt 0.153600 0.164900
vt 0.152400 0.146400
vt 0.149400 0.121500
vt 0.141200 0.097900
vt 0.133300 0.085500
vt 0.828400 0.010900
vt 0.812800 0.007900
vt 0.797300 0.010900
vt 0.784100 0.019400
vt 0.775300 0.032000
vt 0.772200 0.046900
vt 0.775300 0.061900
vt 0.813200 0.064000
vt 0.817600 0.108700
vt 0.813200 0.114600
vt 0.817600 0.062500
vt 0.787600 0.032500
vt 0.791900 0.026200
vt 0.860000 0.066800
vt 0.847100 0.104100
vt 0.817600 0.125100
vt 0.828300 0.125000
vt 0.869300 0.005300
vt 0.875000 0.023400
vt 0.836100 0.004600
vt 0.812600 0.005200
vt 0.789100 0.004600
vt 0.751600 0.018700
vt 0.755900 0.005300
vt 0.499400 0.039700
vt 0.468100 0.035000
vt 0.426200 0.015200
vt 0.395100 0.029200
vt 0.369200 0.044000
vt 0.340200 0.060100
vt 0.309000 0.079600
vt 0.826600 0.123500
vt 0.839000 0.101300
vt 0.844900 0.100400
vt 0.827700 0.117200
vt 0.819900 0.117600
vt 0.824300 0.115200
vt 0.830800 0.088000
vt 0.831300 0.095700
vt 0.763500 0.075900
vt 0.761400 0.079400
vt 0.760200 0.076300
vt 0.757000 0.082500
vt 0.754800 0.076500
vt 0.755100 0.083400
vt 0.752500 0.076300
vt 0.757800 0.081200
vt 0.760100 0.025900
vt 0.763300 0.025500
vt 0.754600 0.026100
vt 0.752400 0.025900
vt 0.755700 0.025400
vt 0.755800 0.075800
vt 0.761200 0.075600
vt 0.762300 0.078200
vt 0.764100 0.077200
vt 0.771200 0.081400
vt 0.770000 0.085700
vt 0.769500 0.087100
vt 0.770200 0.084200
vt 0.771400 0.079900
vt 0.771900 0.078500
vt 0.091100 0.162900
vt 0.104700 0.189100
vt 0.118300 0.197000
vt 0.134300 0.193000
vt 0.144400 0.180600
vt 0.150100 0.161300
s 1
usemtl mat5
f 2933/1920/2869 2934/1921/2869 2935/1922/2870
f 2936/1923/2871 2937/1924/2872 2938/1925/2873
f 2936/1923/2871 2939/1926/2874 2937/1924/2872
f 2939/1926/2874 2940/1927/2875 2937/1924/2872
f 2938/1925/2873 2937/1924/2872 2941/1928/2876
f 2938/1925/2873 2941/1928/2876 2942/1929/2877
f 2942/1929/2877 2943/1930/2878 2938/1925/2873
f 2936/1923/2871 2938/1925/2873 2943/1930/2878
f 2943/1930/2878 2944/1931/2879 2936/1923/2871
f 2936/1923/2880 2944/1931/2881 2945/1932/2882
f 2946/1933/2883 2939/1926/2874 2945/1932/2882
f 2939/1926/2874 2946/1933/2883 2940/1927/2875
f 2940/1927/2875 2946/1933/2883 2947/1934/2884
f 2947/1934/2884 2937/1924/2872 2940/1927/2875
f 2948/1935/2885 2937/1924/2872 2947/1934/2884
f 2948/1935/2885 2941/1928/2876 2937/1924/2872
f 2949/1936/2886 2941/1928/2876 2948/1935/2885
f 2949/1936/2886 2942/1929/2877 2941/1928/2876
f 2942/1929/2877 2949/1936/2886 2950/1937/2887
f 2942/1929/2877 2950/1937/2887 2951/1938/2888
f 2942/1929/2877 2951/1938/2888 2943/1930/2878
f 2951/1938/2888 2952/1939/2889 2943/1930/2878
f 2943/1930/2878 2952/1939/2889 2953/1940/2890
f 2954/1941/2891 2953/1940/2890 2952/1939/2889
f 2954/1941/2891 2955/1942/2892 2953/1940/2890
f 2956/1943/2893 2955/1942/2892 2954/1941/2891
f 2956/1943/2893 2957/1944/2894 2955/1942/2892
f 2958/1945/2895 2957/1944/2894 2956/1943/2893
f 2951/1938/2888 2959/1946/2896 2960/1947/2897
f 2951/1938/2888 2960/1947/2897 2952/1939/2889
f 2960/1947/2897 2954/1941/2891 2952/1939/2889
f 2961/1948/2898 2962/1949/2899 2963/1950/2900
f 2961/1948/2898 2958/1945/2895 2962/1949/2899
f 2962/1949/2899 2958/1945/2895 2956/1943/2893
f 2958/1945/2895 2964/1951/2901 2957/1944/2894
f 2961/1948/2898 2964/1951/2901 2958/1945/2895
f 2961/1948/2898 2965/1952/2902 2964/1951/2901
f 2966/1953/2903 2965/1952/2902 2961/1948/2898
f 2966/1953/2903 2967/1954/2904 2965/1952/2902
f 2968/1955/2905 2951/1938/2888 2950/1937/2887
f 2968/1955/2905 2959/1946/2896 2951/1938/2888
f 2959/1946/2896 2968/1955/2905 2969/1956/2906
f 2959/1946/2896 2969/1956/2906 2970/1957/2907
f 2970/1957/2907 2960/1947/2897 2959/1946/2896
f 2970/1957/2907 2971/1958/2908 2960/1947/2897
f 2960/1947/2897 2971/1958/2908 2954/1941/2891
f 2971/1958/2908 2956/1943/2893 2954/1941/2891
f 2971/1958/2908 2972/1959/2909 2956/1943/2893
f 2962/1949/2899 2956/1943/2893 2972/1959/2909
f 2962/1949/2899 2972/1959/2909 2973/1960/2910
f 2962/1949/2899 2973/1960/2910 2974/1961/2911
f 2975/1962/2912 2974/1961/2911 2973/1960/2910
f 2976/1963/2913 2974/1961/2911 2975/1962/2912
f 2976/1963/2913 2977/1964/2914 2974/1961/2911
f 2977/1964/2914 2976/1963/2913 2978/1965/2915
f 2977/1964/2914 2978/1965/2915 2979/1966/2916
f 2977/1964/2914 2979/1966/2916 2980/1967/2917
f 2971/1958/2908 2981/1968/2918 2972/1959/2909
f 2973/1960/2910 2972/1959/2909 2981/1968/2918
f 2970/1957/2907 2973/1960/2910 2981/1968/2918
f 2973/1960/2910 2970/1957/2907 2969/1956/2906
f 2969/1956/2906 2982/1969/2919 2973/1960/2910
f 2975/1962/2912 2973/1960/2910 2982/1969/2919
f 2970/1957/2907 2981/1968/2918 2971/1958/2908
f 2983/1970/2920 2974/1961/2911 2977/1964/2914
f 2974/1961/2911 2983/1970/2920 2984/1971/2921
f 2974/1961/2911 2984/1971/2921 2962/1949/2899
f 2977/1964/2914 2980/1967/2917 2983/1970/2920
f 2980/1967/2917 2985/1972/2922 2983/1970/2920
f 2983/1970/2920 2985/1972/2922 2986/1973/2923
f 2983/1970/2920 2986/1973/2923 2984/1971/2921
f 2986/1973/2923 2987/1974/2924 2984/1971/2921
f 2987/1974/2924 2962/1949/2899 2984/1971/2921
f 2987/1974/2924 2988/1975/2925 2962/1949/2899
f 2963/1950/2900 2962/1949/2899 2988/1975/2925
f 2988/1975/2925 2989/1976/2926 2963/1950/2900
f 2961/1948/2898 2963/1950/2900 2989/1976/2926
f 2961/1948/2898 2989/1976/2926 2966/1953/2903
f 2980/1967/2917 2990/1977/2927 2985/1972/2922
f 2986/1973/2923 2991/1978/2928 2987/1974/2924
f 2992/1979/2929 2987/1974/2924 2991/1978/2928
f 2992/1979/2929 2988/1975/2925 2987/1974/2924
f 2988/1975/2925 2992/1979/2929 2993/1980/2930
f 2988/1975/2925 2993/1980/2930 2994/1981/2931
f 2988/1975/2925 2994/1981/2931 2989/1976/2926
f 2995/1982/2932 2996/1983/2933 2997/1984/2934
f 2996/1983/2933 2995/1982/2932 2998/1985/2935
f 2999/1986/2936 3000/1987/2937 3001/1988/2938
f 2999/1986/2936 3002/1989/2939 3000/1987/2937
f 3002/1989/2939 3003/1990/2940 3000/1987/2937
f 3004/1991/2941 3005/1992/2942 3006/1993/2943
f 3007/1994/2944 3006/1993/2943 3005/1992/2945
f 3008/1995/2946 3006/1993/2947 3005/1992/2948
f 3009/1996/2949 3006/1993/2947 3008/1995/2946
f 3009/1996/2949 3005/1992/2950 3006/1993/2947
f 3008/1995/2946 3005/1992/2948 3010/1997/2951
f 3011/1998/2952 3012/1999/2953 3009/1996/2949
f 3012/1999/2953 3005/1992/2950 3009/1996/2949
f 3012/1999/2953 3013/2000/2954 3005/1992/2950
f 3005/1992/2950 3013/2000/2954 3007/1994/2955
f 3005/1992/2948 3007/1994/2955 3010/1997/2951
f 3007/1994/2955 3014/2001/2956 3010/1997/2951
f 3015/2002/2957 3010/1997/2951 3014/2001/2956
f 3016/2003/2958 3010/1997/2951 3015/2002/2957
f 3016/2003/2958 3017/2004/2959 3010/1997/2951
f 3018/2005/2960 3010/1997/2951 3017/2004/2959
f 3008/1995/2946 3010/1997/2951 3018/2005/2960
f 3019/2006/2961 3008/1995/2946 3018/2005/2960
f 3019/2006/2961 3018/2005/2960 3020/2007/2962
f 3019/2006/2961 3021/2008/2963 3008/1995/2946
f 3009/1996/2949 3008/1995/2946 3021/2008/2963
f 3021/2008/2963 3022/2009/2964 3009/1996/2949
f 3011/1998/2952 3009/1996/2949 3022/2009/2964
f 3023/2010/2965 3011/1998/2952 3022/2009/2964
f 3023/2010/2965 3024/2011/2966 3011/1998/2952
f 3011/1998/2952 3024/2011/2966 3025/2012/2967
f 3011/1998/2952 3025/2012/2967 3012/1999/2953
f 3012/1999/2953 3025/2012/2967 3026/2013/2968
f 3012/1999/2953 3026/2013/2968 3013/2000/2954
f 3013/2000/2954 3026/2013/2968 3004/1991/2969
f 3013/2000/2954 3004/1991/2969 3007/1994/2955
f 3027/2014/2970 3007/1994/2955 3004/1991/2969
f 3007/1994/2955 3027/2014/2970 3014/2001/2956
f 3027/2014/2970 3028/2015/2971 3014/2001/2956
f 3029/2016/2931 3014/2001/2956 3028/2015/2971
f 3029/2016/2931 3015/2002/2957 3014/2001/2956
f 3030/2017/2930 3015/2002/2957 3029/2016/2931
f 3027/2014/2970 3031/2018/2903 3028/2015/2971
f 3031/2018/2903 3027/2014/2970 3032/2019/2972
f 3027/2014/2970 3004/1991/2969 3032/2019/2972
f 3031/2018/2903 3032/2019/2972 3033/2020/2904
f 3034/2021/2973 3023/2010/2965 3035/2022/2974
f 3023/2010/2965 3022/2009/2964 3035/2022/2974
f 3035/2022/2974 3022/2009/2964 3036/2023/2975
f 3021/2008/2963 3036/2023/2975 3022/2009/2964
f 3037/2024/2976 3023/2010/2965 3038/2025/2977
f 3034/2021/2973 3038/2025/2977 3023/2010/2965
f 3034/2021/2973 3039/2026/2978 3038/2025/2977
f 3034/2021/2973 3040/2027/2979 3039/2026/2978
f 3038/2025/2977 3041/2028/2980 3037/2024/2976
f 3038/2025/2977 3039/2026/2978 3041/2028/2980
f 3019/2006/2961 3042/2029/2981 3021/2008/2963
f 3021/2008/2963 3042/2029/2981 3043/2030/2982
f 3021/2008/2963 3043/2030/2982 3036/2023/2975
f 3044/2031/2983 3036/2023/2975 3043/2030/2982
f 3044/2031/2983 3035/2022/2974 3036/2023/2975
f 3035/2022/2974 3044/2031/2983 3045/2032/2984
f 3035/2022/2974 3045/2032/2984 3034/2021/2973
f 3046/2033/2985 3034/2021/2973 3045/2032/2984
f 3046/2033/2985 3040/2027/2979 3034/2021/2973
f 3047/2034/2986 3040/2027/2979 3046/2033/2985
f 3047/2034/2987 3039/2026/2978 3040/2027/2979
f 3047/2034/2987 3048/2035/2988 3039/2026/2978
f 3041/2028/2980 3039/2026/2978 3048/2035/2988
f 3041/2028/2980 3048/2035/2988 3049/2036/2989
f 3049/2036/2989 3050/2037/2990 3041/2028/2980
f 3050/2037/2990 3037/2024/2976 3041/2028/2980
f 3037/2024/2976 3050/2037/2990 3051/2038/2991
f 3023/2010/2965 3037/2024/2976 3051/2038/2991
f 3048/2035/2988 3047/2034/2987 3049/2036/2989
f 3052/2039/2992 2999/1986/2993 3001/1988/2994
f 3001/1988/2994 3053/2040/2995 3052/2039/2992
f 3054/2041/2996 2996/1983/2997 3055/2042/2998
f 3054/2041/2996 3056/2043/2999 2996/1983/2997
f 3056/2043/2999 2997/1984/3000 2996/1983/2997
f 3056/2043/2999 3057/2044/3001 2997/1984/3000
f 3057/2044/3001 3058/2045/3002 2997/1984/3003
f 3057/2044/3001 3059/2046/3004 3058/2045/3002
f 3059/2046/3004 3060/2047/3005 3058/2045/3002
f 3061/2048/3006 3062/2049/3007 3063/2024/3008
f 3064/2050/3009 3065/2051/3010 3066/2052/3011
f 3064/2050/3009 3067/2053/3012 3065/2051/3010
f 3067/2053/3012 3068/2054/3013 3065/2051/3010
f 3067/2053/3012 3069/2055/3014 3068/2054/3013
f 3069/2055/3014 3070/2056/3015 3068/2054/3013
f 3069/2055/3014 3071/2057/3016 3070/2056/3015
f 3072/2058/3017 3071/2057/3016 3069/2055/3014
f 3069/2055/3014 3067/2053/3012 3072/2058/3017
f 3067/2053/3012 3073/2059/3018 3072/2058/3017
f 3067/2053/3012 3064/2050/3009 3073/2059/3018
f 3064/2050/3009 3074/2060/3019 3073/2059/3018
f 3074/2060/3019 3064/2050/3009 3066/2052/3011
f 3066/2052/3020 3075/2061/3021 3074/2060/3022
f 3075/2061/3021 3076/2062/3023 3074/2060/3022
f 3074/2060/3022 3076/2062/3023 3073/2059/3024
f 3076/2062/3023 3077/2063/3025 3073/2059/3024
f 3078/2064/3026 3066/2052/3020 3079/2065/3027
f 3078/2064/3026 3080/2066/3028 3066/2052/3020
f 3080/2066/3028 3075/2061/3021 3066/2052/3020
f 3081/2067/3029 3075/2061/3021 3080/2066/3028
f 3081/2067/3029 3082/2068/3030 3075/2061/3021
f 3082/2068/3030 3083/2069/3031 3075/2061/3021
f 3075/2061/3021 3083/2069/3031 3076/2062/3023
f 3083/2069/3031 3084/2070/3032 3076/2062/3023
f 3076/2062/3023 3084/2070/3032 3077/2063/3025
f 3084/2070/3032 3085/2071/3033 3077/2063/3025
f 3077/2063/3025 3085/2071/3033 3086/2072/3034
f 3087/2073/3035 3077/2063/3025 3086/2072/3034
f 3073/2059/3024 3077/2063/3025 3087/2073/3035
f 3072/2058/3036 3073/2059/3024 3087/2073/3035
f 3071/2057/3037 3072/2058/3036 3087/2073/3035
f 3088/2074/3038 3071/2057/3037 3087/2073/3035
f 3088/2074/3038 3087/2073/3035 3086/2072/3034
f 3089/2075/3039 3088/2074/3038 3086/2072/3034
f 3090/2076/3040 3083/2069/3031 3082/2068/3030
f 3091/2077/3041 3079/2065/3027 3092/2078/3042
f 3079/2065/3027 3066/2052/3020 3092/2078/3042
f 3092/2078/3042 3066/2052/3020 3093/2079/3043
f 3066/2052/3020 3065/2051/3044 3093/2079/3043
f 3093/2079/3043 3065/2051/3044 3094/2080/3045
f 3065/2051/3044 3068/2054/3046 3094/2080/3045
f 3094/2080/3045 3068/2054/3046 3070/2056/3047
f 3095/2081/3048 3094/2080/3045 3070/2056/3047
f 3096/2082/3049 3095/2081/3048 3070/2056/3047
f 3096/2082/3049 3097/2083/3050 3095/2081/3048
f 3097/2083/3050 3098/2084/3051 3095/2081/3048
f 3097/2083/3050 3099/2085/3052 3098/2084/3051
f 3099/2085/3052 3100/2086/3053 3098/2084/3051
f 3099/2085/3052 3101/2087/3054 3100/2086/3053
f 3101/2087/3054 3102/2088/3055 3100/2086/3053
f 3101/2087/3054 3103/2089/3056 3102/2088/3055
f 3103/2089/3056 3104/2090/3057 3102/2088/3055
f 3103/2089/3056 3105/2091/3058 3104/2090/3057
f 3071/2057/3059 3096/2082/3049 3070/2056/3047
f 3092/2078/3042 3093/2079/3043 3106/2092/3060
f 3106/2092/3060 3093/2079/3043 3107/2093/3061
f 3093/2079/3043 3094/2080/3045 3107/2093/3061
f 3107/2093/3061 3094/2080/3045 3095/2081/3048
f 3098/2084/3051 3107/2093/3061 3095/2081/3048
f 3108/2094/3062 3107/2093/3061 3098/2084/3051
f 3100/2086/3053 3108/2094/3062 3098/2084/3051
f 3108/2094/3062 3100/2086/3053 3109/2095/3063
f 3109/2095/3063 3100/2086/3053 3102/2088/3055
f 3109/2095/3063 3102/2088/3055 3104/2090/3057
f 3110/2096/3064 3109/2095/3063 3104/2090/3057
f 3111/2097/3065 3109/2095/3063 3110/2096/3064
f 3112/2098/3066 3111/2097/3065 3110/2096/3064
f 3113/2099/3067 3111/2097/3065 3112/2098/3066
f 3114/2100/3068 3113/2099/3067 3112/2098/3066
f 3115/2101/3069 3108/2094/3062 3109/2095/3063
f 3111/2097/3065 3115/2101/3069 3109/2095/3063
f 3113/2099/3067 3116/2102/3070 3111/2097/3065
f 3116/2102/3070 3115/2101/3069 3111/2097/3065
f 3116/2102/3070 3117/2103/3071 3115/2101/3069
f 3117/2103/3071 3106/2092/3060 3115/2101/3069
f 3115/2101/3069 3106/2092/3060 3108/2094/3062
f 3106/2092/3060 3107/2093/3061 3108/2094/3062
f 3105/2091/3058 3118/2104/3072 3104/2090/3057
f 3118/2104/3072 3110/2096/3064 3104/2090/3057
f 3119/2105/3073 3110/2096/3064 3118/2104/3072
f 3112/2098/3066 3110/2096/3064 3119/2105/3073
f 3120/2106/3074 3112/2098/3066 3119/2105/3073
f 3114/2100/3068 3112/2098/3066 3120/2106/3074
f 3121/2107/3075 3114/2100/3068 3120/2106/3074
f 3122/2108/3076 3114/2100/3068 3121/2107/3075
f 3123/2109/3077 3114/2100/3068 3122/2108/3076
f 3123/2109/3077 3124/2110/3078 3114/2100/3068
f 3124/2110/3078 3113/2099/3067 3114/2100/3068
f 3124/2110/3078 3125/2111/3079 3113/2099/3067
f 3125/2111/3079 3116/2102/3070 3113/2099/3067
f 3125/2111/3079 3126/2112/3080 3116/2102/3070
f 3126/2112/3080 3117/2103/3071 3116/2102/3070
f 3126/2112/3080 3091/2077/3041 3117/2103/3071
f 3091/2077/3041 3092/2078/3042 3117/2103/3071
f 3117/2103/3071 3092/2078/3042 3106/2092/3060
f 3127/2113/3081 3119/2105/3073 3118/2104/3072
f 3128/2114/3082 3129/2115/3083 3130/2116/3084
f 3129/2115/3083 3131/2117/3085 3130/2116/3084
f 3132/2118/3086 3130/2116/3084 3131/2117/3085
f 3133/2119/3087 3130/2116/3084 3132/2118/3086
f 3133/2119/3087 3002/1989/3088 3130/2116/3084
f 3002/1989/3089 2999/1986/3090 3130/2116/3084
f 3130/2116/3084 2999/1986/3090 3134/2120/3091
f 2999/1986/3090 3052/2039/3092 3134/2120/3091
f 3052/2039/3092 3053/2040/3093 3134/2120/3091
f 3053/2040/3093 3135/2121/3094 3134/2120/3091
f 3135/2121/3094 3136/2122/3095 3134/2120/3091
f 3130/2116/3096 3134/2120/3091 3137/2123/3097
f 3137/2123/3097 3134/2120/3091 3138/2124/3098
f 3138/2124/3098 3134/2120/3091 3136/2122/3095
f 3139/2125/3099 3138/2124/3098 3136/2122/3095
f 3139/2125/3099 3140/2126/3100 3138/2124/3098
f 3141/2127/3101 3140/2126/3100 3139/2125/3099
f 3141/2127/3101 3142/2128/3102 3140/2126/3100
f 3128/2114/3082 3140/2126/3100 3142/2128/3102
f 3143/2129/3103 3128/2114/3082 3142/2128/3102
f 3129/2115/3083 3128/2114/3082 3143/2129/3103
f 3144/2130/3104 3129/2115/3083 3143/2129/3103
f 3141/2127/3105 3139/2125/3099 3145/2131/3106
f 3146/2132/3107 3140/2126/3100 3128/2114/3108
f 3140/2126/3100 3146/2132/3107 3147/2133/3109
f 3138/2124/3098 3140/2126/3100 3147/2133/3109
f 3147/2133/3109 3137/2123/3097 3138/2124/3098
f 3148/2134/3110 3149/2135/3111 3150/2136/3112
f 3148/2134/3110 3151/2137/3113 3149/2135/3111
f 3151/2137/3113 3152/2138/3114 3149/2135/3111
f 3151/2137/3113 3153/2139/3115 3152/2138/3114
f 3153/2139/3115 3154/2140/3116 3152/2138/3114
f 3153/2139/3115 3155/2141/3117 3154/2140/3116
f 3155/2141/3117 3156/2142/3118 3154/2140/3116
f 3155/2141/3117 3157/2143/3119 3156/2142/3118
f 3157/2143/3119 3158/2144/3120 3156/2142/3118
f 3157/2143/3119 3159/2145/3121 3158/2144/3120
f 3159/2145/3121 3160/2146/3122 3158/2144/3120
f 3159/2145/3121 3161/2147/3123 3160/2146/3122
f 3161/2147/3123 3162/2148/3124 3160/2146/3122
f 3161/2147/3123 3163/2149/3125 3162/2148/3124
f 3163/2149/3125 3164/2150/3126 3162/2148/3124
f 3163/2149/3125 3165/2151/3127 3164/2150/3126
f 3165/2151/3127 3166/2152/3128 3164/2150/3126
f 3165/2151/3127 3167/2153/3129 3166/2152/3128
f 3167/2153/3129 3168/2154/3130 3166/2152/3128
f 3167/2153/3129 3169/2155/3131 3168/2154/3112
f 3164/2150/3132 3170/2156/3133 3171/2157/3134
f 3166/2152/3135 3170/2156/3133 3164/2150/3132
f 3166/2152/3135 3172/2158/3136 3170/2156/3133
f 3168/2154/3137 3172/2158/3136 3166/2152/3135
f 3168/2154/3137 3173/2159/3138 3172/2158/3136
f 3149/2135/3139 3174/2160/3138 3150/2136/3137
f 3149/2135/3139 3175/2161/3140 3174/2160/3138
f 3152/2138/3141 3175/2161/3140 3149/2135/3139
f 3152/2138/3141 3176/2162/3142 3175/2161/3140
f 3176/2162/3142 3152/2138/3141 3154/2140/3143
f 3154/2140/3143 3177/2163/3144 3176/2162/3142
f 3177/2163/3144 3154/2140/3143 3156/2142/3145
f 3178/2164/3146 3177/2163/3144 3156/2142/3145
f 3178/2164/3146 3156/2142/3145 3179/2165/3147
f 3179/2165/3147 3156/2142/3145 3158/2144/3148
f 3158/2144/3148 3180/2166/3149 3179/2165/3147
f 3181/2167/3150 3180/2166/3149 3158/2144/3148
f 3182/2168/3151 3181/2167/3150 3158/2144/3148
f 3182/2168/3151 3158/2144/3148 3160/2146/3152
f 3162/2148/3153 3182/2168/3151 3160/2146/3152
f 3162/2148/3153 3183/2169/3154 3182/2168/3151
f 3171/2157/3134 3183/2169/3154 3162/2148/3153
f 3164/2150/3132 3171/2157/3134 3162/2148/3153
f 3183/2169/3155 3184/2170/3156 3185/2171/3157
f 3183/2169/3155 3171/2157/3158 3184/2170/3156
f 3171/2157/3158 3186/2172/3159 3184/2170/3156
f 3171/2157/3158 3170/2156/3160 3186/2172/3159
f 3170/2156/3160 3187/2173/3161 3186/2172/3159
f 3170/2156/3160 3172/2158/3162 3187/2173/3161
f 3172/2158/3162 3188/2174/3163 3187/2173/3161
f 3172/2158/3162 3173/2159/3164 3188/2174/3163
f 3174/2160/3165 3189/2175/3166 3190/2176/3167
f 3174/2160/3168 3175/2161/3169 3189/2175/3166
f 3175/2161/3169 3191/2177/3170 3189/2175/3166
f 3175/2161/3169 3176/2162/3171 3191/2177/3170
f 3176/2162/3171 3192/2178/3172 3191/2177/3170
f 3176/2162/3171 3177/2163/3173 3192/2178/3172
f 3177/2163/3173 3193/2179/3174 3192/2178/3172
f 3177/2163/3173 3178/2164/3175 3193/2179/3174
f 3178/2164/3175 3194/2180/3176 3193/2179/3174
f 3178/2164/3175 3179/2165/3177 3194/2180/3176
f 3179/2165/3177 3195/2181/3178 3194/2180/3176
f 3179/2165/3177 3180/2166/3179 3195/2181/3178
f 3180/2166/3179 3196/2182/3180 3195/2181/3178
f 3180/2166/3179 3181/2167/3181 3196/2182/3180
f 3181/2167/3181 3197/2183/3182 3196/2182/3180
f 3181/2167/3181 3182/2168/3183 3197/2183/3182
f 3182/2168/3183 3185/2171/3157 3197/2183/3182
f 3182/2168/3183 3183/2169/3155 3185/2171/3157
f 3198/2184/3184 3199/2185/3185 3200/2186/3186
f 3201/2187/3187 3199/2185/3185 3198/2184/3184
f 3198/2184/3184 3202/2188/3188 3201/2187/3187
f 3201/2187/3187 3202/2188/3188 3203/2189/3189
f 3203/2189/3189 3204/2190/3190 3201/2187/3187
f 3204/2190/3190 3203/2189/3189 3205/2191/3191
f 3205/2191/3191 3206/2192/3192 3204/2190/3190
f 3206/2192/3192 3205/2191/3191 3207/2193/3193
f 3207/2193/3193 3208/2194/3194 3206/2192/3192
f 3209/2195/3195 3208/2194/3194 3207/2193/3193
f 3207/2193/3193 3210/2196/3196 3209/2195/3195
f 3209/2195/3195 3210/2196/3196 3211/2197/3197
f 3211/2197/3197 3212/2198/3198 3209/2195/3195
f 3213/2199/3199 3212/2198/3198 3211/2197/3197
f 3211/2197/3197 3214/2200/3200 3213/2199/3199
f 3213/2199/3199 3214/2200/3200 3215/2201/3201
f 3215/2201/3201 3216/2202/3201 3213/2199/3199
f 3216/2202/3201 3215/2201/3201 3217/2203/3202
f 3217/2203/3202 3218/2204/3203 3216/2202/3201
f 3219/2205/3204 3218/2204/3203 3217/2203/3202
f 3217/2203/3202 3220/2206/3205 3219/2205/3204
f 3221/2207/3206 3219/2205/3204 3220/2206/3205
f 3220/2206/3205 3222/2208/3207 3221/2207/3206
f 3200/2186/3186 3221/2207/3206 3222/2208/3207
f 3222/2208/3207 3223/2209/3208 3200/2186/3186
f 3200/2186/3186 3223/2209/3208 3198/2184/3184
f 3224/2210/3209 3225/2042/3210 3226/2211/3211
f 3224/2210/3209 3227/2212/3212 3225/2042/3210
f 3228/2213/3213 3224/2210/3214 3226/2211/3215
f 3228/2213/3213 3226/2211/3215 3229/2214/3216
f 3230/2215/3217 3228/2213/3213 3229/2214/3216
f 3231/2216/3218 3228/2213/3213 3230/2215/3217
f 3230/2215/3217 3232/2217/3219 3231/2216/3218
f 3230/2215/3217 3233/2218/3220 3232/2217/3219
f 3233/2218/3220 3234/2219/3221 3232/2217/3219
f 3233/2218/3220 3235/2220/3222 3234/2219/3221
f 3236/2221/3223 3234/2219/3221 3235/2220/3222
f 3236/2221/3223 3235/2220/3222 3237/2222/3224
f 3238/2223/3225 3236/2221/3223 3237/2222/3224
f 3238/2223/3225 3237/2222/3224 3239/2224/3226
f 3239/2224/3226 3240/2225/3227 3238/2223/3225
f 3239/2224/3226 3241/2226/3228 3240/2225/3227
f 3241/2226/3228 3242/2227/3229 3240/2225/3227
f 3241/2226/3228 3243/2228/3230 3242/2227/3229
f 3244/2229/3231 3242/2227/3229 3243/2228/3230
f 3244/2229/3231 3243/2228/3230 3245/2230/3232
f 3246/2231/3233 3244/2229/3231 3245/2230/3232
f 3246/2231/3233 3245/2230/3232 3247/2232/3234
f 3247/2232/3234 3248/2233/3235 3246/2231/3233
f 3229/2214/3216 3233/2218/3220 3230/2215/3217
f 3249/1983/3236 3227/2212/3237 3250/1985/3238
f 3249/1983/3236 3225/2042/3239 3227/2212/3237
f 3251/2234/3240 3252/2235/3241 3253/2236/3242
f 3251/2234/3240 3254/2237/3243 3252/2235/3241
f 3254/2237/3243 3255/2238/3244 3252/2235/3241
f 3254/2237/3243 3256/2239/3245 3255/2238/3244
f 3256/2239/3245 3257/2240/3246 3255/2238/3244
f 3256/2239/3245 3258/2241/3247 3257/2240/3246
f 3258/2241/3247 3259/2242/3248 3257/2240/3246
f 3258/2241/3247 3260/2243/3249 3259/2242/3248
f 3225/2042/3250 3261/2244/3251 3226/2211/3252
f 3225/2042/3253 3262/2041/3254 3261/2244/3251
f 3263/1988/3255 3264/1986/3256 3265/2039/3257
f 3265/2039/3257 3266/2040/3258 3263/1988/3259
f 3267/2129/3260 3268/2130/3261 3269/2245/3262
f 3267/2129/3260 3269/2245/3262 3270/2246/3263
f 3271/2128/3264 3267/2129/3260 3270/2246/3263
f 3271/2128/3264 3270/2246/3263 3272/2247/3265
f 3272/2247/3265 3273/2127/3266 3271/2128/3264
f 3274/2116/3267 3275/2115/3268 3276/2114/3269
f 3274/2116/3267 3277/2117/3270 3275/2115/3268
f 3277/2117/3270 3274/2116/3267 3278/2118/3271
f 3278/2118/3271 3274/2116/3267 3279/2119/3272
f 3274/2116/3267 3280/1989/3273 3279/2119/3272
f 3274/2116/3267 3264/1986/3274 3280/1989/3273
f 3281/2120/3275 3264/1986/3274 3274/2116/3267
f 3281/2120/3275 3265/2039/3276 3264/1986/3274
f 3281/2120/3275 3266/2040/3277 3265/2039/3276
f 3281/2120/3278 3282/2121/3279 3266/2040/3280
f 3281/2120/3278 3283/2122/3281 3282/2121/3279
f 3283/2122/3281 3281/2120/3278 3284/2124/3282
f 3283/2122/3281 3284/2124/3282 3285/2125/3283
f 3284/2124/3282 3286/2126/3284 3285/2125/3283
f 3285/2125/3283 3286/2126/3284 3273/2127/3285
f 3286/2126/3284 3271/2128/3286 3273/2127/3285
f 3271/2128/3286 3286/2126/3284 3276/2114/3269
f 3271/2128/3286 3276/2114/3269 3267/2129/3287
f 3267/2129/3287 3276/2114/3269 3275/2115/3268
f 3267/2129/3287 3275/2115/3268 3268/2130/3288
f 3287/2131/3289 3285/2125/3283 3273/2127/3285
f 3288/2123/3290 3281/2120/3278 3274/2116/3291
f 3284/2124/3282 3281/2120/3278 3288/2123/3290
f 3284/2124/3282 3288/2123/3290 3289/2133/3292
f 3289/2133/3292 3286/2126/3284 3284/2124/3282
f 3289/2133/3292 3290/2132/3293 3286/2126/3284
f 3276/2114/3294 3286/2126/3284 3290/2132/3293
f 3291/2248/3295 3292/2249/3296 3293/2250/3297
f 3291/2248/3295 3248/2233/3298 3292/2249/3296
f 3247/2232/3299 3292/2249/3300 3248/2233/3301
f 3247/2232/3299 3294/2251/3302 3292/2249/3300
f 3245/2230/3303 3294/2251/3302 3247/2232/3299
f 3245/2230/3303 3295/2252/3304 3294/2251/3302
f 3295/2252/3304 3245/2230/3303 3243/2228/3305
f 3241/2226/3306 3295/2252/3304 3243/2228/3305
f 3241/2226/3306 3296/2253/3307 3295/2252/3304
f 3297/2254/3308 3296/2253/3307 3241/2226/3306
f 3297/2254/3308 3241/2226/3306 3239/2224/3309
f 3237/2222/3310 3297/2254/3308 3239/2224/3309
f 3237/2222/3310 3298/2255/3311 3297/2254/3308
f 3299/2256/3312 3298/2255/3311 3237/2222/3310
f 3299/2256/3312 3237/2222/3310 3235/2220/3313
f 3300/2257/3314 3299/2256/3312 3235/2220/3313
f 3300/2257/3314 3235/2220/3313 3233/2218/3315
f 3229/2214/3316 3300/2257/3314 3233/2218/3315
f 3300/2257/3314 3229/2214/3316 3261/2244/3317
f 3229/2214/3316 3226/2211/3318 3261/2244/3317
f 3301/2059/3319 3302/2062/3320 3303/2060/3321
f 3301/2059/3319 3304/2063/3322 3302/2062/3320
f 3303/2060/3321 3305/2061/3323 3306/2052/3324
f 3303/2060/3321 3302/2062/3320 3305/2061/3323
f 3302/2062/3320 3307/2069/3325 3305/2061/3323
f 3302/2062/3320 3308/2070/3326 3307/2069/3325
f 3304/2063/3322 3308/2070/3326 3302/2062/3320
f 3304/2063/3322 3309/2071/3285 3308/2070/3326
f 3310/2072/3327 3309/2071/3285 3304/2063/3322
f 3310/2072/3327 3304/2063/3322 3311/2073/3328
f 3311/2073/3328 3304/2063/3322 3301/2059/3319
f 3311/2073/3328 3301/2059/3319 3312/2058/3329
f 3311/2073/3328 3312/2058/3329 3313/2057/3330
f 3311/2073/3328 3313/2057/3330 3314/2074/3331
f 3310/2072/3327 3311/2073/3328 3314/2074/3331
f 3310/2072/3327 3314/2074/3331 3315/2075/3332
f 3316/2108/3333 3317/2100/3334 3318/2109/3335
f 3317/2100/3334 3319/2110/3336 3318/2109/3335
f 3317/2100/3334 3320/2099/3337 3319/2110/3336
f 3320/2099/3337 3321/2111/3301 3319/2110/3336
f 3320/2099/3337 3322/2102/3338 3321/2111/3301
f 3322/2102/3338 3323/2112/3339 3321/2111/3301
f 3322/2102/3338 3324/2103/3340 3323/2112/3339
f 3324/2103/3340 3325/2077/3341 3323/2112/3339
f 3324/2103/3340 3326/2078/3342 3325/2077/3341
f 3326/2078/3342 3327/2065/3343 3325/2077/3341
f 3326/2078/3342 3306/2052/3324 3327/2065/3343
f 3327/2065/3343 3306/2052/3324 3328/2064/3344
f 3306/2052/3324 3329/2066/3345 3328/2064/3344
f 3306/2052/3324 3305/2061/3323 3329/2066/3345
f 3329/2066/3345 3305/2061/3323 3330/2067/3346
f 3305/2061/3323 3331/2068/3347 3330/2067/3346
f 3305/2061/3323 3307/2069/3325 3331/2068/3347
f 3331/2068/3347 3307/2069/3325 3332/2076/3348
f 3333/2098/3349 3320/2099/3337 3317/2100/3334
f 3334/2097/3350 3322/2102/3338 3320/2099/3337
f 3333/2098/3349 3334/2097/3350 3320/2099/3337
f 3335/2096/3351 3334/2097/3350 3333/2098/3349
f 3336/2090/3352 3337/2088/3353 3338/2095/3354
f 3336/2090/3352 3338/2095/3354 3335/2096/3351
f 3335/2096/3351 3338/2095/3354 3334/2097/3350
f 3338/2095/3354 3339/2101/3355 3334/2097/3350
f 3334/2097/3350 3339/2101/3355 3322/2102/3338
f 3339/2101/3355 3324/2103/3340 3322/2102/3338
f 3340/2092/3356 3326/2078/3342 3324/2103/3340
f 3339/2101/3355 3340/2092/3356 3324/2103/3340
f 3341/2094/3357 3340/2092/3356 3339/2101/3355
f 3338/2095/3354 3341/2094/3357 3339/2101/3355
f 3338/2095/3354 3342/2086/3358 3341/2094/3357
f 3337/2088/3353 3342/2086/3358 3338/2095/3354
f 3342/2086/3358 3337/2088/3353 3343/2087/3359
f 3337/2088/3353 3344/2089/3360 3343/2087/3359
f 3337/2088/3353 3336/2090/3352 3344/2089/3360
f 3336/2090/3352 3345/2091/3361 3344/2089/3360
f 3336/2090/3352 3346/2104/3362 3345/2091/3361
f 3336/2090/3352 3335/2096/3351 3346/2104/3362
f 3346/2104/3362 3335/2096/3351 3347/2105/3363
f 3347/2105/3363 3335/2096/3351 3333/2098/3349
f 3347/2105/3363 3333/2098/3349 3348/2106/3364
f 3348/2106/3364 3333/2098/3349 3317/2100/3334
f 3348/2106/3364 3317/2100/3334 3349/2107/3365
f 3349/2107/3365 3317/2100/3334 3316/2108/3333
f 3346/2104/3362 3347/2105/3363 3350/2113/3243
f 3351/2084/3366 3341/2094/3357 3342/2086/3358
f 3352/2081/3367 3353/2093/3368 3351/2084/3366
f 3351/2084/3366 3353/2093/3368 3341/2094/3357
f 3341/2094/3357 3353/2093/3368 3340/2092/3356
f 3352/2081/3367 3354/2080/3369 3353/2093/3368
f 3353/2093/3368 3354/2080/3369 3355/2079/3370
f 3353/2093/3368 3355/2079/3370 3340/2092/3356
f 3340/2092/3356 3355/2079/3370 3326/2078/3342
f 3355/2079/3370 3306/2052/3324 3326/2078/3342
f 3355/2079/3370 3356/2051/3371 3306/2052/3324
f 3354/2080/3369 3356/2051/3371 3355/2079/3370
f 3354/2080/3369 3357/2054/3372 3356/2051/3371
f 3358/2056/3373 3357/2054/3372 3354/2080/3369
f 3358/2056/3373 3354/2080/3369 3352/2081/3367
f 3358/2056/3373 3352/2081/3367 3359/2082/3374
f 3352/2081/3367 3360/2083/3375 3359/2082/3374
f 3352/2081/3367 3351/2084/3366 3360/2083/3375
f 3351/2084/3366 3361/2085/3376 3360/2083/3375
f 3351/2084/3366 3342/2086/3358 3361/2085/3376
f 3342/2086/3358 3343/2087/3359 3361/2085/3376
f 3358/2056/3373 3359/2082/3374 3313/2057/3377
f 3306/2052/3378 3356/2051/3379 3362/2050/3380
f 3356/2051/3379 3363/2053/3381 3362/2050/3380
f 3356/2051/3379 3357/2054/3382 3363/2053/3381
f 3357/2054/3382 3364/2055/3383 3363/2053/3381
f 3357/2054/3382 3358/2056/3384 3364/2055/3383
f 3358/2056/3384 3313/2057/3385 3364/2055/3383
f 3364/2055/3383 3313/2057/3385 3312/2058/3386
f 3312/2058/3386 3363/2053/3381 3364/2055/3383
f 3312/2058/3386 3301/2059/3387 3363/2053/3381
f 3301/2059/3387 3362/2050/3380 3363/2053/3381
f 3301/2059/3387 3303/2060/3388 3362/2050/3380
f 3306/2052/3378 3362/2050/3380 3303/2060/3388
f 3365/2258/3389 3366/2259/3390 3367/2260/3391
f 3365/2258/3392 3368/2261/3393 3366/2259/3390
f 3368/2261/3393 3369/2262/3394 3366/2259/3390
f 3368/2261/3393 3370/2263/3395 3369/2262/3394
f 3370/2263/3395 3371/2264/3396 3369/2262/3394
f 3370/2263/3395 3372/2265/3397 3371/2264/3396
f 3372/2265/3397 3373/2266/3398 3371/2264/3396
f 3372/2265/3397 3374/2267/3399 3373/2266/3398
f 3374/2267/3399 3375/2268/3400 3373/2266/3398
f 3374/2267/3399 3376/2269/3401 3375/2268/3400
f 3376/2269/3401 3377/2270/3402 3375/2268/3400
f 3376/2269/3401 3378/2271/3403 3377/2270/3402
f 3378/2271/3403 3379/2272/3404 3377/2270/3402
f 3378/2271/3403 3380/2273/3405 3379/2272/3404
f 3380/2273/3405 3381/2274/3406 3379/2272/3404
f 3380/2273/3405 3382/2275/3389 3381/2274/3406
f 3383/2276/3407 3368/2261/3408 3365/2258/3409
f 3383/2276/3407 3370/2263/3410 3368/2261/3408
f 3383/2276/3407 3372/2265/3411 3370/2263/3410
f 3383/2276/3407 3374/2267/3412 3372/2265/3411
f 3383/2276/3407 3376/2269/3413 3374/2267/3412
f 3383/2276/3407 3378/2271/3414 3376/2269/3413
f 3383/2276/3407 3380/2273/3415 3378/2271/3414
f 3383/2276/3407 3382/2275/3416 3380/2273/3415
f 3384/2277/3417 3385/2278/3418 3386/2279/3419
f 3384/2277/3417 3387/2280/3420 3385/2278/3418
f 3387/2280/3420 3388/2281/3421 3385/2278/3418
f 3387/2280/3420 3389/2282/3422 3388/2281/3421
f 3389/2282/3422 3390/2283/3423 3388/2281/3421
f 3389/2282/3422 3391/2284/3424 3390/2283/3423
f 3391/2284/3424 3392/2285/3425 3390/2283/3423
f 3391/2284/3424 3393/2286/3426 3392/2285/3425
f 3393/2286/3426 3394/2287/3427 3392/2285/3425
f 3393/2286/3426 3395/2288/3417 3394/2287/3427
f 3396/2289/3428 3397/2290/3429 3398/2291/3430
f 3399/2292/3431 3397/2290/3429 3396/2289/3428
f 3400/2293/3432 3397/2290/3429 3401/2294/3433
f 3402/2211/3434 3403/2244/3435 3055/2042/3436
f 3403/2244/3435 3054/2041/3437 3055/2042/3436
f 3404/2245/3438 3144/2130/3439 3143/2129/3440
f 3405/2246/3441 3404/2245/3438 3143/2129/3440
f 3405/2246/3441 3143/2129/3440 3142/2128/3442
f 3406/2247/3443 3405/2246/3441 3142/2128/3442
f 3142/2128/3442 3141/2127/3444 3406/2247/3443
f 3407/2295/3445 3408/2296/3446 3409/2297/3447
f 3407/2295/3445 3410/2298/3448 3408/2296/3446
f 3410/2298/3448 3411/2299/3449 3408/2296/3446
f 3410/2298/3448 3412/2300/3450 3411/2299/3449
f 3412/2300/3450 3413/2301/3451 3411/2299/3449
f 3414/2302/3452 3409/2297/3447 3415/2303/3453
f 3414/2302/3452 3407/2295/3445 3409/2297/3447
f 3416/2304/3454 3407/2295/3445 3414/2302/3452
f 3416/2304/3455 3417/2305/3456 3407/2295/3445
f 3417/2305/3456 3410/2298/3448 3407/2295/3445
f 3417/2305/3456 3418/2306/3457 3410/2298/3448
f 3418/2306/3457 3412/2300/3450 3410/2298/3448
f 3418/2306/3457 3419/2307/3458 3412/2300/3450
f 3419/2307/3458 3420/2308/3459 3412/2300/3450
f 3412/2300/3450 3420/2308/3459 3413/2301/3451
f 3421/2309/3460 3413/2301/3451 3420/2308/3459
f 3422/2310/3461 3421/2309/3460 3420/2308/3459
f 3423/2311/3462 3421/2309/3460 3422/2310/3461
f 3424/2312/3463 3425/2313/3464 3423/2311/3465
f 3426/2314/3466 3425/2313/3464 3424/2312/3463
f 3426/2314/3466 3427/2315/3467 3425/2313/3464
f 3426/2314/3466 3428/2316/3468 3427/2315/3467
f 3426/2314/3466 3429/2317/3469 3428/2316/3468
f 3426/2314/3466 3430/2318/3470 3429/2317/3469
f 3430/2318/3470 3431/2319/3471 3429/2317/3469
f 3431/2319/3471 3432/2320/3472 3429/2317/3469
f 3431/2319/3471 3433/2321/3473 3432/2320/3472
f 3433/2321/3473 3434/2322/3474 3432/2320/3472
f 3433/2321/3473 3435/2323/3475 3434/2322/3474
f 3432/2320/3472 3434/2322/3474 3436/2324/3476
f 3432/2320/3472 3436/2324/3476 3437/2325/3477
f 3429/2317/3469 3432/2320/3472 3437/2325/3477
f 3429/2317/3469 3437/2325/3477 3428/2316/3468
f 3438/2326/3478 3431/2319/3479 3430/2318/3480
f 3438/2326/3478 3430/2318/3480 3426/2314/3481
f 3438/2326/3478 3426/2314/3481 3439/2327/3482
f 3426/2314/3481 3440/2328/3483 3439/2327/3482
f 3440/2328/3483 3441/2329/3484 3439/2327/3482
f 3440/2328/3483 3424/2312/3485 3441/2329/3484
f 3424/2312/3485 3423/2311/3486 3441/2329/3484
f 3423/2311/3486 3422/2310/3487 3441/2329/3484
f 3422/2310/3487 3442/2330/3488 3441/2329/3484
f 3420/2308/3489 3442/2330/3488 3422/2310/3487
f 3443/2331/3490 3442/2330/3488 3420/2308/3489
f 3444/2332/3491 3443/2331/3490 3420/2308/3489
f 3444/2332/3491 3445/2333/3492 3443/2331/3490
f 3446/2334/3493 3445/2333/3492 3444/2332/3491
f 3446/2334/3493 3447/2335/3494 3445/2333/3492
f 3446/2334/3493 3448/2336/3495 3447/2335/3494
f 3448/2336/3495 3449/2337/3496 3447/2335/3494
f 3438/2326/3478 3449/2337/3496 3448/2336/3495
f 3426/2314/3481 3424/2312/3485 3440/2328/3483
f 3438/2326/3478 3439/2327/3482 3449/2337/3496
f 3447/2335/3494 3449/2337/3496 3439/2327/3482
f 3447/2335/3494 3439/2327/3482 3450/2338/3497
f 3450/2338/3497 3445/2333/3492 3447/2335/3494
f 3450/2338/3497 3443/2331/3490 3445/2333/3492
f 3443/2331/3490 3450/2338/3497 3441/2329/3484
f 3442/2330/3488 3443/2331/3490 3441/2329/3484
f 3439/2327/3482 3441/2329/3484 3450/2338/3497
f 3419/2307/3498 3444/2332/3491 3420/2308/3489
f 3451/2339/3499 3452/2340/3500 3453/2341/3501
f 3453/2341/3501 3452/2340/3500 3418/2306/3502
f 3452/2340/3500 3419/2307/3498 3418/2306/3502
f 3452/2340/3500 3454/2342/3503 3419/2307/3498
f 3454/2342/3503 3444/2332/3491 3419/2307/3498
f 3454/2342/3503 3455/2343/3504 3444/2332/3491
f 3455/2343/3504 3446/2334/3493 3444/2332/3491
f 3455/2343/3504 3456/2344/3505 3446/2334/3493
f 3456/2344/3505 3448/2336/3495 3446/2334/3493
f 3456/2344/3505 3457/2345/3506 3448/2336/3495
f 3457/2345/3506 3438/2326/3478 3448/2336/3495
f 3457/2345/3506 3458/2346/3507 3438/2326/3478
f 3458/2346/3507 3431/2319/3479 3438/2326/3478
f 3458/2346/3507 3459/2347/3508 3431/2319/3479
f 3459/2347/3508 3433/2321/3509 3431/2319/3479
f 3459/2347/3508 3460/2348/3510 3433/2321/3509
f 3460/2348/3510 3435/2323/3511 3433/2321/3509
f 3460/2348/3510 3461/2349/3512 3435/2323/3513
f 3462/2350/3514 3453/2341/3501 3463/2351/3515
f 3463/2351/3515 3453/2341/3501 3417/2305/3516
f 3453/2341/3501 3418/2306/3502 3417/2305/3516
f 3463/2351/3515 3417/2305/3516 3416/2304/3517
f 3464/2352/3518 3465/2353/3519 3466/2354/3520
f 3464/2352/3518 3467/2355/3521 3465/2353/3519
f 3465/2353/3519 3467/2355/3521 3460/2348/3510
f 3465/2353/3519 3460/2348/3510 3459/2347/3508
f 3468/2356/3522 3465/2353/3519 3459/2347/3508
f 3468/2356/3522 3459/2347/3508 3458/2346/3507
f 3469/2357/3523 3468/2356/3522 3458/2346/3507
f 3469/2357/3523 3458/2346/3507 3457/2345/3506
f 3470/2358/3524 3469/2357/3523 3457/2345/3506
f 3470/2358/3524 3457/2345/3506 3456/2344/3505
f 3471/2359/3525 3470/2358/3524 3456/2344/3505
f 3471/2359/3525 3456/2344/3505 3455/2343/3504
f 3472/2360/3526 3471/2359/3525 3455/2343/3504
f 3472/2360/3526 3455/2343/3504 3454/2342/3503
f 3473/2361/3527 3472/2360/3526 3454/2342/3503
f 3473/2361/3527 3454/2342/3503 3452/2340/3500
f 3451/2339/3499 3473/2361/3527 3452/2340/3500
f 3474/2362/3528 3473/2361/3527 3451/2339/3499
f 3474/2362/3528 3451/2339/3499 3475/2363/3529
f 3466/2354/3520 3468/2356/3522 3476/2364/3530
f 3466/2354/3520 3465/2353/3519 3468/2356/3522
f 3472/2360/3526 3473/2361/3527 3474/2362/3528
f 3472/2360/3526 3474/2362/3528 3477/2365/3531
f 3472/2360/3526 3477/2365/3531 3478/2366/3532
f 3472/2360/3526 3478/2366/3532 3471/2359/3525
f 3479/2367/3533 3471/2359/3525 3478/2366/3532
f 3479/2367/3533 3470/2358/3524 3471/2359/3525
f 3480/2368/3534 3470/2358/3524 3479/2367/3533
f 3480/2368/3534 3469/2357/3523 3470/2358/3524
f 3480/2368/3534 3468/2356/3522 3469/2357/3523
f 3476/2364/3530 3468/2356/3522 3480/2368/3534
f 3476/2364/3530 3480/2368/3534 3481/2369/3535
f 3482/2370/3536 3481/2369/3535 3480/2368/3534
f 3480/2368/3534 3479/2367/3533 3482/2370/3536
f 3479/2367/3533 3483/2371/3537 3482/2370/3536
f 3479/2367/3533 3478/2366/3532 3483/2371/3537
f 3478/2366/3532 3484/2372/3538 3483/2371/3537
f 3477/2365/3531 3484/2372/3538 3478/2366/3532
f 3484/2372/3538 3477/2365/3531 3485/2373/3539
f 3477/2365/3531 3486/2374/3540 3485/2373/3539
f 3477/2365/3531 3474/2362/3528 3486/2374/3540
f 3487/2375/3541 3486/2374/3540 3474/2362/3528
f 3474/2362/3528 3475/2363/3529 3487/2375/3541
f 3475/2363/3529 3488/2376/3542 3487/2375/3541
f 3475/2363/3529 3489/2377/3543 3488/2376/3542
f 3475/2363/3529 3462/2350/3514 3489/2377/3543
f 3475/2363/3529 3451/2339/3499 3462/2350/3514
f 3462/2350/3514 3451/2339/3499 3453/2341/3501
f 3467/2355/3521 3461/2349/3512 3460/2348/3510
f 3467/2355/3521 3490/2378/3544 3461/2349/3512
f 3491/2379/3545 3490/2378/3544 3467/2355/3521
f 3491/2379/3545 3467/2355/3521 3464/2352/3518
f 3491/2379/3545 3464/2352/3518 3492/2380/3546
f 3464/2352/3518 3493/2381/3547 3492/2380/3546
f 3464/2352/3518 3466/2354/3520 3493/2381/3547
f 3494/2382/3548 3493/2381/3547 3466/2354/3520
f 3466/2354/3520 3476/2364/3530 3494/2382/3548
f 3481/2369/3535 3494/2382/3548 3476/2364/3530
f 3491/2379/3545 3492/2380/3546 3495/2383/3549
f 3496/2384/3550 3497/2385/3551 3498/2386/3552
f 3496/2384/3550 3499/2387/3467 3497/2385/3551
f 3499/2387/3467 3500/2388/3553 3497/2385/3551
f 3499/2387/3467 3501/2389/3554 3500/2388/3553
f 3501/2389/3554 3502/2390/3555 3500/2388/3553
f 3501/2389/3554 3503/2391/3477 3502/2390/3555
f 3503/2391/3477 3504/2392/3556 3502/2390/3555
f 3503/2391/3477 3505/2393/3557 3504/2392/3556
f 3505/2393/3557 3506/2394/3558 3504/2392/3556
f 3505/2393/3557 3507/2395/3559 3506/2394/3558
f 3507/2395/3559 3508/2396/3560 3506/2394/3558
f 3507/2395/3559 3509/2397/3561 3508/2396/3560
f 3509/2397/3561 3510/2398/3562 3508/2396/3560
f 3509/2397/3561 3511/2399/3563 3510/2398/3562
f 3511/2399/3563 3512/2400/3564 3510/2398/3562
f 3511/2399/3563 3513/2401/3451 3512/2400/3564
f 3513/2401/3451 3514/2402/3565 3512/2400/3564
f 3513/2401/3451 3515/2403/3566 3514/2402/3565
f 3515/2403/3566 3516/2404/3567 3514/2402/3565
f 3515/2403/3566 3517/2405/3462 3516/2404/3567
f 3517/2405/3462 3498/2386/3552 3516/2404/3567
f 3517/2405/3462 3496/2384/3550 3498/2386/3552
f 3518/2319/3568 3519/2320/3569 3520/2321/3570
f 3518/2319/3568 3521/2317/3571 3519/2320/3569
f 3520/2321/3570 3522/2322/3572 3523/2323/3573
f 3520/2321/3570 3519/2320/3569 3522/2322/3572
f 3519/2320/3569 3524/2324/3574 3522/2322/3572
f 3519/2320/3569 3525/2325/3575 3524/2324/3574
f 3521/2317/3571 3525/2325/3575 3519/2320/3569
f 3521/2317/3571 3526/2316/3576 3525/2325/3575
f 3527/2312/3577 3528/2311/3578 3529/2313/3579
f 3530/2314/3580 3527/2312/3577 3529/2313/3579
f 3530/2314/3580 3529/2313/3579 3531/2315/3581
f 3530/2314/3580 3531/2315/3581 3526/2316/3576
f 3530/2314/3580 3526/2316/3576 3521/2317/3571
f 3532/2406/3582 3530/2314/3580 3521/2317/3571
f 3518/2319/3568 3532/2406/3582 3521/2317/3571
f 3533/2326/3583 3532/2406/3584 3518/2319/3585
f 3533/2326/3583 3530/2314/3586 3532/2406/3584
f 3534/2340/3587 3535/2307/3588 3536/2342/3589
f 3536/2342/3589 3535/2307/3588 3537/2332/3590
f 3536/2342/3589 3537/2332/3590 3538/2343/3591
f 3538/2343/3591 3537/2332/3590 3539/2334/3592
f 3538/2343/3591 3539/2334/3592 3540/2344/3593
f 3540/2344/3593 3539/2334/3592 3541/2336/3594
f 3540/2344/3593 3541/2336/3594 3542/2345/3595
f 3542/2345/3595 3541/2336/3594 3533/2326/3583
f 3542/2345/3595 3533/2326/3583 3543/2346/3596
f 3543/2346/3596 3533/2326/3583 3518/2319/3585
f 3543/2346/3596 3518/2319/3585 3544/2347/3597
f 3544/2347/3597 3518/2319/3585 3520/2321/3598
f 3544/2347/3597 3520/2321/3598 3545/2348/3599
f 3545/2348/3599 3520/2321/3598 3523/2323/3600
f 3545/2348/3599 3523/2323/3600 3546/2349/3601
f 3547/2355/3602 3545/2348/3599 3546/2349/3601
f 3547/2355/3602 3546/2349/3601 3548/2378/3603
f 3549/2379/3604 3547/2355/3602 3548/2378/3603
f 3535/2307/3588 3550/2308/3605 3537/2332/3590
f 3549/2379/3604 3551/2383/3606 3552/2380/3607
f 3553/2367/3608 3554/2366/3609 3555/2359/3610
f 3553/2367/3608 3555/2359/3610 3556/2358/3611
f 3555/2359/3610 3540/2344/3593 3556/2358/3611
f 3556/2358/3611 3540/2344/3593 3542/2345/3595
f 3556/2358/3611 3542/2345/3595 3557/2357/3612
f 3557/2357/3612 3542/2345/3595 3543/2346/3596
f 3557/2357/3612 3543/2346/3596 3558/2356/3613
f 3558/2356/3613 3543/2346/3596 3544/2347/3597
f 3558/2356/3613 3544/2347/3597 3559/2353/3614
f 3559/2353/3614 3544/2347/3597 3545/2348/3599
f 3559/2353/3614 3545/2348/3599 3547/2355/3602
f 3560/2352/3615 3559/2353/3614 3547/2355/3602
f 3560/2352/3615 3561/2354/3616 3559/2353/3614
f 3561/2354/3616 3558/2356/3613 3559/2353/3614
f 3561/2354/3616 3562/2364/3617 3558/2356/3613
f 3562/2364/3617 3563/2368/3618 3558/2356/3613
f 3563/2368/3618 3557/2357/3612 3558/2356/3613
f 3563/2368/3618 3556/2358/3611 3557/2357/3612
f 3563/2368/3618 3553/2367/3608 3556/2358/3611
f 3549/2379/3604 3560/2352/3615 3547/2355/3602
f 3549/2379/3604 3552/2380/3607 3560/2352/3615
f 3560/2352/3615 3552/2380/3607 3564/2381/3619
f 3560/2352/3615 3564/2381/3619 3561/2354/3616
f 3565/2382/3620 3561/2354/3616 3564/2381/3619
f 3561/2354/3616 3565/2382/3620 3562/2364/3617
f 3566/2369/3621 3562/2364/3617 3565/2382/3620
f 3562/2364/3617 3566/2369/3621 3563/2368/3618
f 3567/2370/3622 3563/2368/3618 3566/2369/3621
f 3563/2368/3618 3567/2370/3622 3553/2367/3608
f 3553/2367/3608 3567/2370/3622 3568/2371/3623
f 3553/2367/3608 3568/2371/3623 3554/2366/3609
f 3554/2366/3609 3568/2371/3623 3569/2372/3624
f 3555/2359/3610 3538/2343/3591 3540/2344/3593
f 3570/2360/3625 3538/2343/3591 3555/2359/3610
f 3570/2360/3625 3555/2359/3610 3554/2366/3609
f 3570/2360/3625 3554/2366/3609 3571/2365/3626
f 3571/2365/3626 3554/2366/3609 3569/2372/3624
f 3569/2372/3624 3572/2373/3627 3571/2365/3626
f 3571/2365/3626 3572/2373/3627 3573/2374/3628
f 3571/2365/3626 3573/2374/3628 3574/2362/3629
f 3575/2375/3630 3574/2362/3629 3573/2374/3628
f 3574/2362/3629 3575/2375/3630 3576/2363/3631
f 3576/2363/3631 3575/2375/3630 3577/2376/3632
f 3576/2363/3631 3577/2376/3632 3578/2377/3633
f 3576/2363/3631 3578/2377/3633 3579/2350/3634
f 3576/2363/3631 3579/2350/3634 3580/2339/3635
f 3579/2350/3634 3581/2341/3636 3580/2339/3635
f 3580/2339/3635 3581/2341/3636 3534/2340/3587
f 3581/2341/3636 3582/2306/3637 3534/2340/3587
f 3534/2340/3587 3582/2306/3637 3535/2307/3588
f 3570/2360/3625 3571/2365/3626 3574/2362/3629
f 3570/2360/3625 3574/2362/3629 3583/2361/3638
f 3570/2360/3625 3536/2342/3589 3538/2343/3591
f 3583/2361/3638 3536/2342/3589 3570/2360/3625
f 3583/2361/3638 3534/2340/3587 3536/2342/3589
f 3580/2339/3635 3534/2340/3587 3583/2361/3638
f 3574/2362/3629 3580/2339/3635 3583/2361/3638
f 3574/2362/3629 3576/2363/3631 3580/2339/3635
f 3581/2341/3636 3584/2305/3639 3582/2306/3637
f 3585/2351/3640 3584/2305/3639 3581/2341/3636
f 3579/2350/3634 3585/2351/3640 3581/2341/3636
f 3585/2351/3640 3586/2304/3641 3584/2305/3639
f 3403/2244/3642 3402/2211/3643 3587/2214/3644
f 3403/2244/3645 3587/2214/3646 3588/2257/3647
f 3589/2218/3648 3588/2257/3647 3587/2214/3646
f 3589/2218/3648 3590/2220/3649 3588/2257/3647
f 3590/2220/3649 3591/2256/3650 3588/2257/3647
f 3590/2220/3649 3592/2222/3651 3591/2256/3650
f 3592/2222/3651 3593/2255/3652 3591/2256/3650
f 3594/2254/3653 3593/2255/3652 3592/2222/3651
f 3595/2224/3654 3594/2254/3653 3592/2222/3651
f 3595/2224/3654 3596/2226/3655 3594/2254/3653
f 3596/2226/3655 3597/2253/3656 3594/2254/3653
f 3598/2252/3657 3597/2253/3656 3596/2226/3655
f 3599/2228/3658 3598/2252/3657 3596/2226/3655
f 3599/2228/3658 3600/2230/3659 3598/2252/3657
f 3601/2251/3660 3598/2252/3657 3600/2230/3659
f 3602/2232/3661 3601/2251/3660 3600/2230/3659
f 3603/2249/3662 3601/2251/3660 3602/2232/3661
f 3604/2233/3663 3603/2249/3662 3602/2232/3661
f 3603/2249/3662 3604/2233/3663 3605/2248/3664
f 3606/2250/3665 3603/2249/3662 3605/2248/3664
f 3607/2215/3666 3589/2218/3667 3587/2214/3668
f 3402/2211/3669 3608/2210/3670 3609/2213/3671
f 3587/2214/3668 3402/2211/3669 3609/2213/3671
f 3587/2214/3668 3609/2213/3671 3607/2215/3666
f 3607/2215/3666 3609/2213/3671 3610/2216/3672
f 3610/2216/3672 3611/2217/3673 3607/2215/3666
f 3611/2217/3673 3589/2218/3667 3607/2215/3666
f 3611/2217/3673 3612/2219/3674 3589/2218/3667
f 3612/2219/3674 3590/2220/3675 3589/2218/3667
f 3590/2220/3675 3612/2219/3674 3613/2221/3676
f 3592/2222/3677 3590/2220/3675 3613/2221/3676
f 3592/2222/3677 3613/2221/3676 3614/2223/3678
f 3595/2224/3679 3592/2222/3677 3614/2223/3678
f 3614/2223/3678 3615/2225/3680 3595/2224/3679
f 3615/2225/3680 3596/2226/3681 3595/2224/3679
f 3615/2225/3680 3616/2227/3682 3596/2226/3681
f 3616/2227/3682 3599/2228/3683 3596/2226/3681
f 3599/2228/3683 3616/2227/3682 3617/2229/3684
f 3600/2230/3685 3599/2228/3683 3617/2229/3684
f 3600/2230/3685 3617/2229/3684 3618/2231/3686
f 3602/2232/3687 3600/2230/3685 3618/2231/3686
f 3618/2231/3686 3604/2233/3688 3602/2232/3687
f 3402/2211/3689 3055/2042/3690 3608/2210/3691
f 3055/2042/3690 3619/2212/3692 3608/2210/3691
f 3620/1984/3693 3249/1983/3694 3621/1982/3695
f 3250/1985/3696 3621/1982/3695 3249/1983/3694
f 3263/1988/3697 3622/1987/3698 3264/1986/3699
f 3622/1987/3698 3280/1989/3700 3264/1986/3699
f 3622/1987/3701 3623/1990/3693 3280/1989/3695
f 3624/2338/3702 3625/2333/3703 3626/2331/3704
f 3624/2338/3702 3627/2335/3705 3625/2333/3703
f 3627/2335/3705 3624/2338/3702 3628/2327/3706
f 3628/2327/3706 3624/2338/3702 3629/2329/3707
f 3626/2331/3704 3629/2329/3707 3624/2338/3702
f 3630/2330/3708 3629/2329/3707 3626/2331/3704
f 3631/2328/3709 3628/2327/3706 3629/2329/3707
f 3539/2334/3592 3627/2335/3705 3541/2336/3594
f 3539/2334/3592 3625/2333/3703 3627/2335/3705
f 3539/2334/3592 3537/2332/3590 3625/2333/3703
f 3537/2332/3590 3626/2331/3704 3625/2333/3703
f 3537/2332/3590 3550/2308/3605 3626/2331/3704
f 3626/2331/3704 3550/2308/3605 3630/2330/3708
f 3550/2308/3605 3632/2310/3710 3630/2330/3708
f 3632/2310/3710 3629/2329/3707 3630/2330/3708
f 3528/2311/3711 3629/2329/3707 3632/2310/3710
f 3527/2312/3712 3629/2329/3707 3528/2311/3711
f 3631/2328/3709 3629/2329/3707 3527/2312/3712
f 3530/2314/3586 3631/2328/3709 3527/2312/3712
f 3530/2314/3586 3628/2327/3706 3631/2328/3709
f 3533/2326/3583 3628/2327/3706 3530/2314/3586
f 3533/2326/3583 3633/2337/3713 3628/2327/3706
f 3533/2326/3583 3541/2336/3594 3633/2337/3713
f 3541/2336/3594 3627/2335/3705 3633/2337/3713
f 3627/2335/3705 3628/2327/3706 3633/2337/3713
f 3225/2042/3714 3249/1983/3715 3262/2041/3716
f 3249/1983/3715 3634/2043/3717 3262/2041/3718
f 3249/1983/3715 3620/1984/3333 3634/2043/3717
f 3620/1984/3333 3635/2044/3719 3634/2043/3717
f 3620/1984/3333 3636/2045/3720 3635/2044/3719
f 3636/2045/3720 3637/2046/3297 3635/2044/3719
f 3636/2045/3720 3638/2047/3295 3637/2046/3297
f 3639/2300/3721 3640/2299/3722 3641/2301/3723
f 3642/2298/3724 3640/2299/3722 3639/2300/3721
f 3642/2298/3724 3643/2296/3725 3640/2299/3722
f 3644/2295/3726 3643/2296/3725 3642/2298/3724
f 3644/2295/3726 3645/2297/3727 3643/2296/3725
f 3528/2311/3728 3632/2310/3729 3646/2309/3730
f 3632/2310/3729 3550/2308/3731 3646/2309/3730
f 3646/2309/3730 3550/2308/3731 3641/2301/3723
f 3639/2300/3721 3641/2301/3723 3550/2308/3731
f 3535/2307/3732 3639/2300/3721 3550/2308/3731
f 3582/2306/3733 3639/2300/3721 3535/2307/3732
f 3582/2306/3733 3642/2298/3724 3639/2300/3721
f 3584/2305/3734 3642/2298/3724 3582/2306/3733
f 3584/2305/3734 3644/2295/3726 3642/2298/3724
f 3586/2304/3735 3644/2295/3726 3584/2305/3734
f 3586/2304/3735 3647/2302/3736 3644/2295/3726
f 3647/2302/3736 3645/2297/3727 3644/2295/3726
f 3647/2302/3736 3648/2303/3737 3645/2297/3727
f 3649/2407/3738 3650/2408/3739 3651/2409/3740
f 3652/2410/3741 3650/2408/3739 3649/2407/3738
f 3652/2410/3741 3653/2411/3742 3650/2408/3739
f 3653/2411/3742 3654/2412/3743 3650/2408/3739
f 3653/2411/3742 3655/2413/3744 3654/2412/3743
f 3655/2413/3744 3656/2414/3745 3654/2412/3743
f 3655/2413/3744 3657/2415/3746 3656/2414/3745
f 3657/2415/3746 3658/2416/3747 3656/2414/3745
f 3657/2415/3746 3659/2417/3748 3658/2416/3747
f 3659/2417/3748 3660/2418/3749 3658/2416/3747
f 3659/2417/3748 3661/2419/3750 3660/2418/3749
f 3654/2412/3743 3651/2409/3740 3650/2408/3739
f 3660/2418/3749 3662/2420/3751 3658/2416/3747
f 3654/2412/3743 3663/2421/3752 3664/2422/3753
f 3654/2412/3743 3656/2414/3745 3663/2421/3752
f 3665/2423/3754 3663/2421/3752 3656/2414/3745
f 3656/2414/3745 3658/2416/3747 3665/2423/3754
f 3666/2424/3755 3665/2423/3754 3658/2416/3747
f 3666/2424/3755 3658/2416/3747 3662/2420/3751
f 3662/2420/3751 3667/2425/3756 3666/2424/3755
f 3662/2420/3751 3668/2426/3757 3667/2425/3756
f 3668/2426/3757 3669/2427/3758 3667/2425/3756
f 3668/2426/3757 3670/2428/3759 3669/2427/3758
f 3671/2429/3760 3652/2410/3741 3672/2430/3761
f 3671/2429/3760 3653/2411/3742 3652/2410/3741
f 3671/2429/3760 3673/2431/3762 3653/2411/3742
f 3673/2431/3762 3655/2413/3744 3653/2411/3742
f 3673/2431/3762 3674/2432/3763 3655/2413/3744
f 3674/2432/3763 3657/2415/3746 3655/2413/3744
f 3674/2432/3763 3675/2433/3764 3657/2415/3746
f 3675/2433/3764 3659/2417/3748 3657/2415/3746
f 3675/2433/3764 3676/2434/3765 3659/2417/3748
f 3676/2434/3765 3661/2419/3750 3659/2417/3748
f 3676/2434/3765 3677/2435/3766 3661/2419/3750
f 3678/2436/3767 3677/2435/3766 3676/2434/3765
f 3678/2436/3767 3676/2434/3765 3679/2437/3768
f 3678/2436/3767 3679/2437/3768 3680/2438/3769
f 3679/2437/3768 3681/2439/3770 3680/2438/3769
f 3679/2437/3768 3682/2440/3771 3681/2439/3770
f 3683/2441/3772 3681/2439/3770 3682/2440/3771
f 3682/2440/3771 3684/2442/3773 3683/2441/3772
f 3685/2443/3774 3686/2444/3775 3672/2430/3761
f 3687/2445/3776 3672/2430/3761 3686/2444/3775
f 3687/2445/3776 3671/2429/3760 3672/2430/3761
f 3688/2446/3777 3671/2429/3760 3687/2445/3776
f 3688/2446/3777 3673/2431/3762 3671/2429/3760
f 3684/2442/3773 3673/2431/3762 3688/2446/3777
f 3684/2442/3773 3674/2432/3763 3673/2431/3762
f 3682/2440/3771 3674/2432/3763 3684/2442/3773
f 3682/2440/3771 3675/2433/3764 3674/2432/3763
f 3679/2437/3768 3675/2433/3764 3682/2440/3771
f 3679/2437/3768 3676/2434/3765 3675/2433/3764
f 3689/2447/3778 3683/2441/3772 3684/2442/3773
f 3684/2442/3773 3688/2446/3777 3689/2447/3778
f 3688/2446/3777 3690/2448/3779 3689/2447/3778
f 3688/2446/3777 3687/2445/3776 3690/2448/3779
f 3691/2449/3780 3690/2448/3779 3687/2445/3776
f 3687/2445/3776 3686/2444/3775 3691/2449/3780
f 3692/2450/3781 3691/2449/3780 3686/2444/3775
f 3685/2443/3774 3692/2450/3781 3686/2444/3775
f 3685/2443/3774 3693/2451/3782 3692/2450/3781
f 3685/2443/3774 3694/2452/3783 3693/2451/3782
f 3693/2451/3782 3694/2452/3783 3695/2453/3784
f 3693/2451/3782 3695/2453/3784 3696/2454/3785
f 3691/2449/3780 3692/2450/3781 3697/2455/3786
f 3693/2451/3782 3697/2455/3786 3692/2450/3781
f 3696/2454/3785 3698/2456/3766 3699/2457/3787
f 3696/2454/3785 3695/2453/3784 3698/2456/3766
f 3695/2453/3784 3700/2458/3750 3698/2456/3766
f 3700/2458/3750 3695/2453/3784 3701/2459/3788
f 3702/2460/3789 3701/2459/3788 3695/2453/3784
f 3695/2453/3784 3694/2452/3783 3702/2460/3789
f 3694/2452/3783 3703/2461/3790 3702/2460/3789
f 3694/2452/3783 3685/2443/3774 3703/2461/3790
f 3685/2443/3774 3704/2462/3791 3703/2461/3790
f 3685/2443/3774 3672/2430/3761 3704/2462/3791
f 3705/2463/3792 3704/2462/3791 3672/2430/3761
f 3672/2430/3761 3652/2410/3741 3705/2463/3792
f 3706/2464/3793 3705/2463/3792 3652/2410/3741
f 3652/2410/3741 3649/2407/3738 3706/2464/3793
f 3707/2465/3794 3706/2464/3793 3649/2407/3738
f 3649/2407/3738 3708/2466/3795 3707/2465/3794
f 3649/2407/3738 3651/2409/3740 3708/2466/3795
f 3651/2409/3740 3709/2467/3796 3708/2466/3795
f 3708/2466/3795 3709/2467/3796 3710/2468/3797
f 3709/2467/3796 3711/2469/3798 3710/2468/3797
f 3712/2470/3799 3710/2468/3797 3713/2471/3800
f 3712/2470/3799 3714/2472/3801 3710/2468/3797
f 3708/2466/3795 3710/2468/3797 3714/2472/3801
f 3714/2472/3801 3707/2465/3794 3708/2466/3795
f 3715/2473/3802 3716/2474/3803 3712/2470/3799
f 3715/2473/3802 3712/2470/3799 3717/2475/3804
f 3717/2475/3804 3712/2470/3799 3713/2471/3800
f 3717/2475/3804 3713/2471/3800 3718/2476/3805
f 3651/2409/3740 3719/2477/3806 3709/2467/3796
f 3709/2467/3796 3719/2477/3806 3720/2478/3807
f 3709/2467/3796 3720/2478/3807 3711/2469/3798
f 3720/2478/3807 3721/2479/3808 3711/2469/3798
f 3710/2468/3797 3711/2469/3798 3721/2479/3808
f 3710/2468/3797 3721/2479/3808 3722/2480/3809
f 3713/2471/3800 3710/2468/3797 3722/2480/3809
f 3713/2471/3800 3722/2480/3809 3723/2481/3810
f 3718/2476/3805 3713/2471/3800 3723/2481/3810
f 3718/2476/3805 3723/2481/3810 3724/2482/3811
f 3725/2483/3812 3718/2476/3805 3724/2482/3811
f 3725/2483/3812 3724/2482/3811 3726/2484/3813
f 3725/2483/3812 3726/2484/3813 3727/2485/3814
f 3725/2483/3812 3727/2485/3814 3728/2486/3815
f 3727/2485/3814 3729/2487/3816 3730/2488/3817
f 3727/2485/3814 3726/2484/3813 3729/2487/3816
f 3731/2489/3818 3729/2487/3816 3726/2484/3813
f 3731/2489/3818 3726/2484/3813 3724/2482/3811
f 3724/2482/3811 3732/2490/3819 3731/2489/3818
f 3724/2482/3811 3723/2481/3810 3732/2490/3819
f 3723/2481/3810 3733/2491/3820 3732/2490/3819
f 3723/2481/3810 3722/2480/3809 3733/2491/3820
f 3722/2480/3809 3734/2492/3821 3733/2491/3820
f 3722/2480/3809 3721/2479/3808 3734/2492/3821
f 3735/2493/3822 3734/2492/3821 3721/2479/3808
f 3735/2493/3822 3721/2479/3808 3720/2478/3807
f 3736/2494/3823 3735/2493/3822 3720/2478/3807
f 3736/2494/3823 3720/2478/3807 3719/2477/3806
f 3737/2495/3824 3736/2494/3823 3719/2477/3806
f 3737/2495/3824 3719/2477/3806 3651/2409/3740
f 3664/2422/3753 3737/2495/3824 3651/2409/3740
f 3651/2409/3740 3654/2412/3743 3664/2422/3753
f 3738/2496/3751 3725/2483/3812 3728/2486/3815
f 3738/2496/3751 3739/2497/3825 3725/2483/3812
f 3740/2498/3749 3739/2497/3825 3738/2496/3751
f 3740/2498/3749 3741/2499/3826 3739/2497/3825
f 3700/2458/3827 3741/2499/3826 3740/2498/3749
f 3700/2458/3827 3742/2500/3828 3741/2499/3826
f 3701/2459/3829 3742/2500/3828 3700/2458/3827
f 3702/2460/3830 3742/2500/3828 3701/2459/3829
f 3739/2497/3825 3718/2476/3805 3725/2483/3812
f 3739/2497/3825 3717/2475/3804 3718/2476/3805
f 3741/2499/3826 3717/2475/3804 3739/2497/3825
f 3741/2499/3826 3715/2473/3802 3717/2475/3804
f 3742/2500/3828 3715/2473/3802 3741/2499/3826
f 3742/2500/3828 3743/2501/3831 3715/2473/3802
f 3702/2460/3830 3743/2501/3831 3742/2500/3828
f 3744/2502/3832 3743/2501/3831 3702/2460/3830
f 3744/2502/3832 3702/2460/3830 3703/2461/3833
f 3744/2502/3832 3703/2461/3833 3704/2462/3834
f 3744/2502/3832 3704/2462/3834 3745/2503/3835
f 3705/2463/3836 3745/2503/3835 3704/2462/3834
f 3745/2503/3835 3705/2463/3836 3706/2464/3837
f 3745/2503/3835 3706/2464/3837 3746/2504/3838
f 3746/2504/3838 3706/2464/3837 3707/2465/3839
f 3746/2504/3838 3707/2465/3839 3714/2472/3801
f 3716/2474/3803 3746/2504/3838 3714/2472/3801
f 3716/2474/3803 3714/2472/3801 3712/2470/3799
f 3743/2501/3831 3716/2474/3803 3715/2473/3802
f 3743/2501/3831 3744/2502/3832 3716/2474/3803
f 3744/2502/3832 3746/2504/3838 3716/2474/3803
f 3744/2502/3832 3745/2503/3835 3746/2504/3838
f 3747/2440/3840 3748/2432/3841 3749/2433/3842
f 3747/2440/3840 3750/2442/3843 3748/2432/3841
f 3751/2437/3844 3747/2440/3840 3749/2433/3842
f 3751/2437/3844 3749/2433/3842 3752/2434/3845
f 3749/2433/3842 3753/2417/3846 3752/2434/3845
f 3749/2433/3842 3754/2415/3847 3753/2417/3846
f 3748/2432/3841 3754/2415/3847 3749/2433/3842
f 3748/2432/3841 3755/2413/3848 3754/2415/3847
f 3756/2431/3849 3755/2413/3848 3748/2432/3841
f 3750/2442/3843 3756/2431/3849 3748/2432/3841
f 3750/2442/3843 3757/2446/3850 3756/2431/3849
f 3751/2437/3844 3758/2438/3851 3759/2439/3852
f 3751/2437/3844 3759/2439/3852 3747/2440/3840
f 3760/2441/3853 3747/2440/3840 3759/2439/3852
f 3747/2440/3840 3760/2441/3853 3750/2442/3843
f 3761/2447/3854 3750/2442/3843 3760/2441/3853
f 3750/2442/3843 3761/2447/3854 3757/2446/3850
f 3757/2446/3850 3761/2447/3854 3762/2448/3855
f 3763/2449/3856 3764/2445/3857 3762/2448/3855
f 3757/2446/3850 3762/2448/3855 3764/2445/3857
f 3757/2446/3850 3764/2445/3857 3765/2429/3858
f 3757/2446/3850 3765/2429/3858 3756/2431/3849
f 3765/2429/3858 3766/2411/3859 3756/2431/3849
f 3756/2431/3849 3766/2411/3859 3755/2413/3848
f 3766/2411/3859 3767/2412/3860 3755/2413/3848
f 3755/2413/3848 3767/2412/3860 3768/2414/3861
f 3755/2413/3848 3768/2414/3861 3754/2415/3847
f 3754/2415/3847 3768/2414/3861 3769/2416/3862
f 3754/2415/3847 3769/2416/3862 3753/2417/3846
f 3753/2417/3846 3769/2416/3862 3770/2418/3863
f 3753/2417/3846 3770/2418/3863 3771/2419/3864
f 3752/2434/3845 3753/2417/3846 3771/2419/3864
f 3752/2434/3845 3771/2419/3864 3772/2435/3865
f 3773/2436/3866 3752/2434/3845 3772/2435/3865
f 3773/2436/3866 3751/2437/3844 3752/2434/3845
f 3773/2436/3866 3758/2438/3851 3751/2437/3844
f 3770/2418/3863 3769/2416/3862 3774/2420/3867
f 3775/2426/3868 3776/2427/3869 3777/2428/3870
f 3775/2426/3868 3778/2425/3871 3776/2427/3869
f 3774/2420/3867 3778/2425/3871 3775/2426/3868
f 3774/2420/3867 3779/2424/3872 3778/2425/3871
f 3779/2424/3872 3774/2420/3867 3769/2416/3862
f 3779/2424/3872 3769/2416/3862 3780/2423/3873
f 3768/2414/3861 3780/2423/3873 3769/2416/3862
f 3780/2423/3873 3768/2414/3861 3781/2421/3874
f 3767/2412/3860 3781/2421/3874 3768/2414/3861
f 3767/2412/3860 3782/2422/3875 3781/2421/3874
f 3783/2409/3876 3782/2422/3875 3767/2412/3860
f 3782/2422/3875 3783/2409/3876 3784/2495/3877
f 3784/2495/3877 3783/2409/3876 3785/2477/3878
f 3784/2495/3877 3785/2477/3878 3786/2494/3879
f 3786/2494/3879 3785/2477/3878 3787/2478/3880
f 3786/2494/3879 3787/2478/3880 3788/2493/3881
f 3788/2493/3881 3787/2478/3880 3789/2479/3882
f 3788/2493/3881 3789/2479/3882 3790/2492/3883
f 3791/2466/3884 3792/2468/3885 3793/2467/3886
f 3793/2467/3886 3792/2468/3885 3794/2469/3887
f 3792/2468/3885 3789/2479/3882 3794/2469/3887
f 3787/2478/3880 3794/2469/3887 3789/2479/3882
f 3793/2467/3886 3794/2469/3887 3787/2478/3880
f 3793/2467/3886 3787/2478/3880 3785/2477/3878
f 3783/2409/3876 3793/2467/3886 3785/2477/3878
f 3795/2451/3888 3796/2454/3889 3797/2453/3890
f 3795/2451/3888 3797/2453/3890 3798/2452/3891
f 3799/2443/3892 3795/2451/3888 3798/2452/3891
f 3799/2443/3892 3800/2450/3893 3795/2451/3888
f 3795/2451/3888 3800/2450/3893 3801/2455/3894
f 3763/2449/3856 3801/2455/3894 3800/2450/3893
f 3800/2450/3893 3802/2444/3895 3763/2449/3856
f 3764/2445/3857 3763/2449/3856 3802/2444/3895
f 3764/2445/3857 3802/2444/3895 3803/2430/3896
f 3764/2445/3857 3803/2430/3896 3765/2429/3858
f 3765/2429/3858 3803/2430/3896 3804/2410/3897
f 3765/2429/3858 3804/2410/3897 3766/2411/3859
f 3804/2410/3897 3805/2408/3898 3766/2411/3859
f 3766/2411/3859 3805/2408/3898 3767/2412/3860
f 3767/2412/3860 3805/2408/3898 3783/2409/3876
f 3806/2407/3899 3783/2409/3876 3805/2408/3898
f 3806/2407/3899 3791/2466/3884 3783/2409/3876
f 3783/2409/3876 3791/2466/3884 3793/2467/3886
f 3804/2410/3897 3806/2407/3899 3805/2408/3898
f 3799/2443/3892 3802/2444/3895 3800/2450/3893
f 3799/2443/3892 3803/2430/3896 3802/2444/3895
f 3807/2470/3900 3792/2468/3885 3808/2472/3901
f 3791/2466/3884 3808/2472/3901 3792/2468/3885
f 3808/2472/3901 3791/2466/3884 3809/2465/3902
f 3806/2407/3899 3809/2465/3902 3791/2466/3884
f 3809/2465/3902 3806/2407/3899 3810/2464/3903
f 3804/2410/3897 3810/2464/3903 3806/2407/3899
f 3810/2464/3903 3804/2410/3897 3811/2463/3904
f 3803/2430/3896 3811/2463/3904 3804/2410/3897
f 3811/2463/3904 3803/2430/3896 3812/2462/3905
f 3799/2443/3892 3812/2462/3905 3803/2430/3896
f 3799/2443/3892 3813/2461/3906 3812/2462/3905
f 3798/2452/3891 3813/2461/3906 3799/2443/3892
f 3798/2452/3891 3814/2460/3907 3813/2461/3906
f 3797/2453/3890 3814/2460/3907 3798/2452/3891
f 3814/2460/3907 3797/2453/3890 3815/2459/3908
f 3816/2458/3909 3815/2459/3908 3797/2453/3890
f 3797/2453/3890 3817/2456/3865 3816/2458/3909
f 3796/2454/3889 3817/2456/3865 3797/2453/3890
f 3796/2454/3889 3818/2457/3866 3817/2456/3865
f 3815/2459/3910 3816/2458/3909 3819/2500/3911
f 3814/2460/3912 3819/2500/3911 3820/2501/3913
f 3814/2460/3912 3815/2459/3910 3819/2500/3911
f 3816/2458/3909 3821/2498/3914 3822/2499/3915
f 3816/2458/3909 3822/2499/3915 3819/2500/3911
f 3819/2500/3911 3822/2499/3915 3823/2473/3916
f 3819/2500/3911 3823/2473/3916 3820/2501/3913
f 3820/2501/3913 3823/2473/3916 3824/2474/3917
f 3820/2501/3913 3824/2474/3917 3825/2502/3918
f 3825/2502/3918 3814/2460/3912 3820/2501/3913
f 3825/2502/3918 3813/2461/3919 3814/2460/3912
f 3825/2502/3918 3824/2474/3917 3826/2504/3920
f 3825/2502/3918 3812/2462/3921 3813/2461/3919
f 3825/2502/3918 3827/2503/3922 3812/2462/3921
f 3825/2502/3918 3826/2504/3920 3827/2503/3922
f 3827/2503/3922 3826/2504/3920 3810/2464/3923
f 3826/2504/3920 3809/2465/3924 3810/2464/3923
f 3826/2504/3920 3808/2472/3901 3809/2465/3924
f 3824/2474/3917 3808/2472/3901 3826/2504/3920
f 3824/2474/3917 3807/2470/3900 3808/2472/3901
f 3823/2473/3916 3807/2470/3900 3824/2474/3917
f 3823/2473/3916 3828/2475/3925 3807/2470/3900
f 3822/2499/3915 3828/2475/3925 3823/2473/3916
f 3822/2499/3915 3829/2497/3926 3828/2475/3925
f 3821/2498/3914 3829/2497/3926 3822/2499/3915
f 3821/2498/3914 3830/2496/3927 3829/2497/3926
f 3827/2503/3922 3810/2464/3923 3811/2463/3928
f 3811/2463/3928 3812/2462/3921 3827/2503/3922
f 3831/2480/3929 3790/2492/3883 3789/2479/3882
f 3831/2480/3929 3832/2491/3930 3790/2492/3883
f 3833/2481/3931 3832/2491/3930 3831/2480/3929
f 3833/2481/3931 3834/2490/3932 3832/2491/3930
f 3835/2482/3933 3834/2490/3932 3833/2481/3931
f 3835/2482/3933 3836/2489/3934 3834/2490/3932
f 3836/2489/3934 3835/2482/3933 3837/2484/3935
f 3836/2489/3934 3837/2484/3935 3838/2487/3936
f 3839/2485/3870 3838/2487/3936 3837/2484/3935
f 3840/2483/3937 3839/2485/3870 3837/2484/3935
f 3840/2483/3937 3841/2486/3938 3839/2485/3870
f 3830/2496/3927 3841/2486/3938 3840/2483/3937
f 3830/2496/3927 3840/2483/3937 3829/2497/3926
f 3829/2497/3926 3840/2483/3937 3842/2476/3939
f 3829/2497/3926 3842/2476/3939 3828/2475/3925
f 3828/2475/3925 3842/2476/3939 3843/2471/3940
f 3828/2475/3925 3843/2471/3940 3807/2470/3900
f 3807/2470/3900 3843/2471/3940 3792/2468/3885
f 3792/2468/3885 3831/2480/3929 3789/2479/3882
f 3843/2471/3940 3831/2480/3929 3792/2468/3885
f 3843/2471/3940 3833/2481/3931 3831/2480/3929
f 3842/2476/3939 3833/2481/3931 3843/2471/3940
f 3842/2476/3939 3835/2482/3933 3833/2481/3931
f 3840/2483/3937 3835/2482/3933 3842/2476/3939
f 3840/2483/3937 3837/2484/3935 3835/2482/3933
f 3839/2485/3870 3844/2488/3941 3838/2487/3936
f 3276/2114/3942 3290/2132/3943 3289/2133/3944
f 3289/2133/3944 3274/2116/3945 3276/2114/3942
f 3289/2133/3944 3288/2123/3946 3274/2116/3945
f 3845/2505/3947 3846/2506/3948 3847/2507/3949
f 3848/2508/3950 3846/2506/3951 3845/2505/3952
f 3845/2505/3953 3849/2509/3954 3850/2510/3950
f 3845/2505/3953 3851/2511/3955 3849/2509/3954
f 3852/2512/3956 3847/2507/3957 3846/2506/3958
f 3852/2512/3956 3846/2506/3958 3853/2513/3959
f 3853/2513/3959 3854/2514/3960 3852/2512/3956
f 3855/2515/3961 3856/2516/3962 3857/2517/3963
f 3855/2515/3961 3858/2518/3964 3856/2516/3962
f 3859/2519/3965 3855/2515/3961 3860/2520/3966
f 3855/2515/3961 3859/2519/3965 3858/2518/3964
f 3861/2521/3967 3858/2518/3964 3859/2519/3965
f 3862/2522/3968 3858/2518/3964 3861/2521/3967
f 3862/2522/3968 3861/2521/3967 3863/2523/3969
f 3863/2523/3969 3864/2524/3970 3862/2522/3968
f 3863/2523/3969 3865/2525/3971 3864/2524/3970
f 3864/2524/3970 3865/2525/3971 3866/2526/3972
f 3864/2524/3970 3866/2526/3972 3867/2527/3973
f 3868/2528/3974 3867/2527/3973 3866/2526/3972
f 3867/2527/3973 3868/2528/3974 3869/2529/3975
f 3870/2530/3976 3869/2529/3975 3868/2528/3974
f 3870/2530/3976 3871/2531/3977 3869/2529/3975
f 3867/2527/3973 3869/2529/3975 3872/2532/3978
f 3873/2533/3979 3872/2532/3978 3874/2534/3980
f 3873/2533/3979 3867/2527/3973 3872/2532/3978
f 3864/2524/3981 3867/2527/3973 3873/2533/3979
f 3855/2515/3982 3875/2535/3983 3860/2520/3984
f 3855/2515/3982 3876/2536/3985 3875/2535/3983
f 3876/2536/3985 3855/2515/3982 3857/2517/3986
f 3876/2536/3985 3857/2517/3986 3877/2537/3987
f 3857/2517/3986 3854/2514/3988 3877/2537/3987
f 3856/2516/3989 3854/2514/3988 3857/2517/3986
f 3854/2514/3988 3856/2516/3989 3878/2538/3990
f 3878/2538/3990 3856/2516/3989 3858/2518/3991
f 3858/2518/3991 3879/2539/3992 3878/2538/3990
f 3858/2518/3991 3862/2522/3993 3879/2539/3992
f 3880/2540/3994 3879/2539/3992 3862/2522/3993
f 3880/2540/3994 3862/2522/3993 3864/2524/3981
f 3864/2524/3981 3873/2533/3979 3880/2540/3994
f 3873/2533/3979 3881/2541/3995 3880/2540/3994
f 3873/2533/3979 3874/2534/3980 3881/2541/3995
f 3882/2542/3996 3852/2512/3997 3854/2514/3988
f 3854/2514/3988 3878/2538/3990 3882/2542/3996
f 3882/2542/3996 3878/2538/3990 3879/2539/3992
f 3882/2542/3996 3879/2539/3992 3883/2543/3998
f 3880/2540/3994 3883/2543/3998 3879/2539/3992
f 3880/2540/3994 3881/2541/3995 3883/2543/3998
f 3884/2544/3999 3885/2545/4000 3886/2546/4001
f 3885/2545/4000 3887/2547/4002 3886/2546/4001
f 3886/2546/4001 3887/2547/4002 3888/2548/4003
f 3888/2548/4003 3887/2547/4002 3889/2549/4004
f 3889/2549/4004 3890/2550/4005 3888/2548/4003
f 3891/2551/4006 3890/2550/4005 3889/2549/4004
f 3891/2551/4006 3892/2552/4007 3890/2550/4005
f 3893/2553/4008 3890/2550/4005 3892/2552/4007
f 3892/2552/4007 3894/2554/4009 3893/2553/4008
f 3893/2553/4008 3894/2554/4009 3895/2555/4010
f 3853/2513/4011 3895/2555/4010 3894/2554/4009
f 3877/2537/3987 3853/2513/4011 3894/2554/4009
f 3853/2513/4011 3877/2537/3987 3854/2514/3988
f 3896/2556/4012 3897/2557/4013 3898/2558/4014
f 3896/2556/4012 3898/2558/4014 3899/2559/4015
f 3892/2552/4007 3899/2559/4015 3898/2558/4014
f 3892/2552/4007 3891/2551/4006 3899/2559/4015
f 3890/2550/4005 3900/2560/4016 3901/2561/4017
f 3890/2550/4005 3901/2561/4017 3888/2548/4003
f 3902/2562/4018 3888/2548/4003 3901/2561/4017
f 3902/2562/4018 3886/2546/4001 3888/2548/4003
f 3886/2546/4001 3902/2562/4018 3903/2563/4019
f 3886/2546/4001 3903/2563/4019 3904/2564/4020
f 3884/2544/3999 3886/2546/4001 3904/2564/4020
f 3905/2565/4021 3884/2544/3999 3904/2564/4020
f 3905/2565/4021 3906/2566/4022 3884/2544/3999
f 3905/2565/4021 3907/2567/4023 3906/2566/4022
f 3907/2567/4023 3908/2568/4024 3906/2566/4022
f 3907/2567/4023 3909/2569/4025 3908/2568/4024
f 3908/2568/4024 3909/2569/4025 3910/2570/4026
f 3908/2568/4024 3910/2570/4027 3911/2571/4028
f 3912/2572/4029 3908/2568/4024 3911/2571/4028
f 3912/2572/4029 3911/2571/4028 3913/2573/4030
f 3913/2573/4030 3914/2574/4031 3912/2572/4029
f 3913/2573/4030 3915/2575/4032 3914/2574/4031
f 3905/2565/4021 3916/2576/4033 3907/2567/4023
f 3904/2564/4020 3916/2576/4033 3905/2565/4021
f 3904/2564/4020 3903/2563/4019 3916/2576/4033
f 3912/2572/4029 3906/2566/4034 3908/2568/4024
f 3912/2572/4029 3917/2577/4035 3906/2566/4034
f 3906/2566/4034 3917/2577/4035 3918/2578/4036
f 3906/2566/4034 3918/2578/4036 3884/2544/4037
f 3885/2545/4038 3884/2544/4037 3918/2578/4036
f 3885/2545/4038 3918/2578/4036 3919/2579/4039
f 3920/2580/4040 3885/2545/4038 3919/2579/4039
f 3920/2580/4040 3887/2547/4002 3885/2545/4038
f 3920/2580/4040 3921/2581/4041 3887/2547/4002
f 3889/2549/4042 3887/2547/4002 3921/2581/4041
f 3889/2549/4042 3921/2581/4041 3899/2559/4043
f 3899/2559/4043 3891/2551/4044 3889/2549/4042
f 3921/2581/4041 3896/2556/4045 3899/2559/4043
f 3914/2574/4031 3915/2575/4032 3922/2582/4046
f 3922/2582/4046 3915/2575/4032 3923/2583/4047
f 3923/2583/4047 3924/2584/4048 3922/2582/4046
f 3923/2583/4047 3925/2585/4049 3924/2584/4048
f 3926/2586/4050 3924/2584/4048 3925/2585/4049
f 3926/2586/4050 3927/2587/4051 3924/2584/4048
f 3926/2586/4050 3928/2588/4052 3927/2587/4051
f 3926/2586/4050 3929/2589/4053 3928/2588/4052
f 3929/2589/4053 3930/2590/4054 3928/2588/4052
f 3929/2589/4053 3931/2591/4055 3930/2590/4054
f 3932/2592/4056 3930/2590/4054 3931/2591/4055
f 3932/2592/4056 3931/2591/4055 3933/2593/4057
f 3898/2558/4058 3932/2592/4056 3933/2593/4057
f 3933/2593/4057 3892/2552/4059 3898/2558/4058
f 3898/2558/4058 3897/2557/4060 3932/2592/4056
f 3892/2552/4061 3933/2593/4062 3934/2594/4063
f 3933/2593/4062 3935/2595/4064 3934/2594/4063
f 3933/2593/4062 3931/2591/4065 3935/2595/4064
f 3929/2589/4066 3935/2595/4064 3931/2591/4065
f 3929/2589/4066 3936/2596/4067 3935/2595/4064
f 3926/2586/4068 3936/2596/4067 3929/2589/4066
f 3926/2586/4068 3937/2597/4069 3936/2596/4067
f 3938/2598/4070 3937/2597/4069 3926/2586/4068
f 3938/2598/4070 3939/2599/4071 3937/2597/4069
f 3938/2598/4070 3940/2600/4072 3939/2599/4071
f 3938/2598/4070 3941/2601/4073 3940/2600/4072
f 3925/2585/4074 3941/2601/4073 3938/2598/4070
f 3925/2585/4074 3923/2583/4075 3941/2601/4073
f 3941/2601/4073 3923/2583/4075 3942/2602/4076
f 3941/2601/4073 3942/2602/4076 3943/2603/4077
f 3942/2602/4076 3944/2604/4078 3943/2603/4077
f 3942/2602/4079 3945/2605/4080 3944/2604/4081
f 3926/2586/4068 3925/2585/4074 3938/2598/4070
f 3941/2601/4073 3946/2606/4082 3940/2600/4072
f 3941/2601/4073 3943/2603/4077 3946/2606/4082
f 3947/2607/4083 3849/2509/4084 3893/2553/4085
f 3947/2607/4083 3893/2553/4085 3895/2555/4086
f 3853/2513/4087 3947/2607/4083 3895/2555/4086
f 3853/2513/4087 3846/2506/4088 3947/2607/4083
f 3948/2608/4089 3949/2292/4090 3950/2290/4091
f 3951/2609/4092 3952/2610/4093 3950/2290/4094
f 3953/2293/4095 3954/2294/4096 3950/2290/4091
f 3893/2553/4097 3900/2560/4098 3890/2550/4099
f 3900/2560/4098 3893/2553/4097 3849/2509/4100
f 3900/2560/4098 3849/2509/4100 3851/2511/4101
f 3955/2611/4102 3956/2612/4103 3957/2613/4104
f 3958/2614/4105 3959/2615/4106 3960/2616/4107
f 3958/2614/4108 3961/2617/4109 3959/2615/4110
f 3958/2614/4108 3962/2618/4111 3961/2617/4109
f 3958/2614/4108 3934/2594/4112 3962/2618/4111
f 3934/2594/4113 3963/2619/4114 3892/2552/4115
f 3892/2552/4115 3963/2619/4114 3964/2620/4116
f 3892/2552/4115 3964/2620/4116 3894/2554/4117
f 3894/2554/4117 3964/2620/4116 3965/2621/4118
f 3894/2554/4117 3965/2621/4118 3877/2537/4119
f 3965/2621/4118 3960/2616/4120 3877/2537/4119
f 3966/2622/4121 3960/2616/4120 3965/2621/4118
f 3967/2623/4122 3960/2616/4120 3966/2622/4121
f 3966/2622/4121 3964/2620/4116 3967/2623/4122
f 3964/2620/4116 3968/2624/4123 3967/2623/4122
f 3964/2620/4116 3963/2619/4114 3968/2624/4123
f 3934/2594/4113 3968/2624/4123 3963/2619/4114
f 3968/2624/4123 3934/2594/4113 3958/2614/4124
f 3968/2624/4123 3958/2614/4124 3967/2623/4122
f 3967/2623/4122 3958/2614/4124 3960/2616/4120
f 3966/2622/4121 3965/2621/4118 3964/2620/4116
f 3969/2625/4125 3970/2626/4126 3971/2627/4127
f 3852/2512/4128 3972/2628/4129 3847/2507/4130
f 3972/2628/4129 3852/2512/4128 2933/1920/4131
f 3973/2629/4132 3974/2630/4133 3851/2511/4134
f 3973/2629/4132 3851/2511/4134 3845/2505/4135
f 3847/2507/4136 3973/2629/4132 3845/2505/4135
f 3847/2507/4136 3972/2628/4137 3973/2629/4132
f 3975/2631/4138 3974/2630/4139 3976/2632/4140
f 3977/2633/4141 3976/2632/4140 3974/2630/4139
f 3977/2633/4141 3974/2630/4139 3973/2629/4142
f 3972/2628/4143 3977/2633/4141 3973/2629/4142
f 3972/2628/4143 2935/1922/4144 3977/2633/4141
f 2933/1920/4145 2935/1922/4144 3972/2628/4143
f 3975/2631/4146 3976/2632/4146 3978/2634/4146
f 3900/2560/4147 3851/2511/4148 3974/2630/4149
f 3974/2630/4150 3975/2631/4151 3900/2560/4147
f 3979/2635/4152 2935/1922/4153 2934/1921/4154
f 3979/2635/4152 3977/2633/4155 2935/1922/4153
f 3979/2635/4152 3976/2632/4156 3977/2633/4155
f 3979/2635/4152 3978/2634/4156 3976/2632/4156
f 3980/2636/4157 3981/2637/4158 3982/2638/4159
f 3983/2639/4160 3981/2637/4158 3980/2636/4157
f 3983/2639/4160 3984/2640/4161 3981/2637/4158
f 3985/2641/4162 3986/2642/4163 3982/2638/4159
f 3986/2642/4163 3987/2643/4164 3982/2638/4159
f 3980/2636/4157 3982/2638/4159 3987/2643/4164
f 3987/2643/4164 3988/2644/4165 3980/2636/4157
f 3980/2636/4157 3988/2644/4165 3989/2645/4166
f 3989/2645/4166 3983/2639/4160 3980/2636/4157
f 3990/2646/4167 3983/2639/4160 3989/2645/4166
f 3990/2646/4167 3984/2640/4161 3983/2639/4160
f 3990/2646/4167 3991/2647/4168 3984/2640/4161
f 3990/2646/4167 3989/2645/4166 3992/2648/4169
f 3993/2649/4170 3994/2650/4171 3871/2531/4172
f 3993/2649/4173 3871/2531/4174 3995/2651/4175
f 3870/2530/4176 3995/2651/4175 3871/2531/4174
f 3870/2530/4176 3996/2652/4177 3995/2651/4175
f 3986/2642/4163 3996/2652/4177 3870/2530/4176
f 3986/2642/4163 3997/2653/4178 3996/2652/4177
f 3985/2641/4162 3997/2653/4178 3986/2642/4163
f 3998/2654/4179 3997/2653/4178 3985/2641/4162
f 3997/2653/4178 3998/2654/4179 3996/2652/4180
f 3999/2655/4181 3996/2652/4180 3998/2654/4179
f 3999/2655/4181 3993/2649/4182 3996/2652/4180
f 3995/2651/4183 3996/2652/4184 3993/2649/4185
f 3960/2616/4186 3959/2615/4187 4000/2656/4188
f 3960/2616/4186 4000/2656/4188 4001/2657/4189
f 4001/2657/4189 4000/2656/4188 4002/2658/4190
f 4001/2657/4189 4002/2658/4190 4003/2659/4191
f 4003/2659/4191 4002/2658/4190 4004/2660/4192
f 4003/2659/4191 4004/2660/4192 4005/2661/4193
f 4005/2661/4193 4004/2660/4192 4006/2662/4194
f 4005/2661/4193 4006/2662/4194 4007/2663/4195
f 4008/2664/4196 4007/2663/4195 4006/2662/4194
f 4008/2664/4196 4009/2665/4197 4007/2663/4195
f 4008/2664/4196 4010/2666/4198 4009/2665/4197
f 4008/2664/4196 4011/2667/4199 4010/2666/4198
f 4011/2667/4199 4012/2668/4200 4010/2666/4198
f 4011/2667/4199 4013/2669/4201 4012/2668/4200
f 4011/2667/4199 4014/2670/4202 4013/2669/4203
f 3984/2640/4204 4015/2671/4205 3981/2637/4206
f 3984/2640/4207 4016/2672/4208 4015/2671/4205
f 3991/2647/4209 4016/2672/4208 3984/2640/4207
f 3991/2647/4209 4017/2673/4210 4016/2672/4208
f 4018/2674/4211 4019/2675/4212 4020/2676/4213
f 4019/2675/4212 3988/2644/4214 4020/2676/4213
f 3877/2537/4215 3960/2616/4216 4021/2677/4217
f 3960/2616/4216 4022/2678/4218 4021/2677/4217
f 3960/2616/4216 4001/2657/4219 4022/2678/4218
f 4022/2678/4218 4001/2657/4219 4003/2659/4220
f 4022/2678/4218 4003/2659/4220 4023/2679/4221
f 4023/2679/4221 4003/2659/4220 4005/2661/4222
f 4023/2679/4221 4005/2661/4222 4018/2674/4211
f 4018/2674/4211 4005/2661/4222 4007/2663/4223
f 4018/2674/4211 4007/2663/4223 4019/2675/4212
f 4007/2663/4223 4024/2680/4224 4019/2675/4212
f 4019/2675/4212 4024/2680/4224 3988/2644/4214
f 3989/2645/4225 3988/2644/4214 4024/2680/4224
f 3989/2645/4225 4024/2680/4224 4010/2666/4226
f 3989/2645/4225 4010/2666/4226 4012/2668/4227
f 3989/2645/4225 4012/2668/4227 4013/2669/4081
f 3989/2645/4225 4013/2669/4081 3992/2648/4080
f 4007/2663/4223 4009/2665/4228 4024/2680/4224
f 4024/2680/4224 4009/2665/4228 4010/2666/4226
f 3868/2528/3974 3866/2526/3972 4025/2681/4229
f 4025/2681/4229 3870/2530/3976 3868/2528/3974
f 4025/2681/4229 3986/2642/4230 3870/2530/3976
f 4025/2681/4229 3987/2643/4231 3986/2642/4230
f 4025/2681/4229 4026/2682/4232 3987/2643/4231
f 4026/2682/4232 4027/2683/4233 3987/2643/4231
f 3987/2643/4231 4027/2683/4233 3988/2644/4234
f 4027/2683/4233 4020/2676/4235 3988/2644/4234
f 4027/2683/4233 4028/2684/4236 4020/2676/4235
f 4020/2676/4235 4028/2684/4236 4029/2685/4237
f 4020/2676/4235 4029/2685/4237 4018/2674/4238
f 4029/2685/4237 4023/2679/4239 4018/2674/4238
f 4029/2685/4237 4030/2686/4240 4023/2679/4239
f 4030/2686/4240 4022/2678/4241 4023/2679/4239
f 4030/2686/4240 4031/2687/4242 4022/2678/4241
f 4021/2677/4243 4022/2678/4241 4031/2687/4242
f 4021/2677/4243 4031/2687/4242 4032/2688/4244
f 4021/2677/4243 4032/2688/4244 3875/2535/4245
f 4021/2677/4243 3875/2535/4245 3876/2536/4246
f 4021/2677/4243 3876/2536/4246 3877/2537/4247
f 4033/2689/4248 4034/2690/4249 4035/2691/4168
f 4036/2692/4250 3910/2570/4251 4037/2693/4171
f 4036/2692/4173 4038/2694/4252 3910/2570/4253
f 3910/2570/4253 4038/2694/4252 4039/2695/4254
f 3910/2570/4253 4039/2695/4254 3911/2571/4255
f 3911/2571/4255 4039/2695/4254 4040/2696/4256
f 3911/2571/4255 4040/2696/4256 3913/2573/4257
f 3913/2573/4257 4040/2696/4256 4041/2697/4258
f 3913/2573/4257 4041/2697/4258 3915/2575/4259
f 3915/2575/4259 4041/2697/4258 4042/2698/4260
f 3915/2575/4259 4042/2698/4260 4043/2699/4261
f 4043/2699/4261 4042/2698/4260 4034/2690/4249
f 4043/2699/4261 4034/2690/4249 4044/2700/4262
f 4033/2689/4248 4044/2700/4262 4034/2690/4249
f 3945/2605/4263 4044/2700/4262 4033/2689/4248
f 3945/2605/4169 3942/2602/4264 4044/2700/4262
f 4043/2699/4261 4044/2700/4262 3942/2602/4264
f 3942/2602/4264 3923/2583/4265 4043/2699/4261
f 3915/2575/4259 4043/2699/4261 3923/2583/4265
f 4045/2701/4266 4046/2702/4267 4047/2703/4268
f 4048/2704/4269 4049/2705/4270 4050/2706/4271
f 4048/2704/4269 4050/2706/4271 4051/2707/4272
f 4051/2707/4272 4050/2706/4271 4052/2708/4273
f 4051/2707/4272 4052/2708/4273 4053/2709/4274
f 4053/2709/4274 4052/2708/4273 4054/2710/4275
f 4053/2709/4274 4054/2710/4275 4055/2711/4276
f 4053/2709/4274 4055/2711/4276 4056/2712/4277
f 4053/2709/4274 4056/2712/4277 4057/2713/4278
f 4056/2712/4277 4058/2714/4279 4057/2713/4278
f 4057/2713/4278 4058/2714/4279 4046/2702/4267
f 4057/2713/4278 4046/2702/4267 4059/2715/4280
f 4045/2701/4266 4059/2715/4280 4046/2702/4267
f 4059/2715/4280 4045/2701/4266 4048/2704/4269
f 4059/2715/4280 4048/2704/4269 4051/2707/4272
f 4051/2707/4272 4057/2713/4278 4059/2715/4280
f 4051/2707/4272 4053/2709/4274 4057/2713/4278
f 4056/2712/4277 4060/2716/4281 4058/2714/4279
f 3982/2638/4282 4061/2717/4283 3985/2641/4284
f 3982/2638/4282 4062/2718/4285 4061/2717/4283
f 3981/2637/4286 4062/2718/4285 3982/2638/4282
f 3981/2637/4286 4015/2671/4287 4062/2718/4285
f 4063/2719/4288 4064/2720/4289 4065/2721/4290
f 4066/2722/4291 4067/2723/4292 4068/2724/4293
f 4066/2722/4291 4068/2724/4293 4069/2725/4294
f 4069/2725/4294 4068/2724/4293 4070/2726/4295
f 4069/2725/4294 4070/2726/4295 4071/2727/4296
f 4071/2727/4296 4070/2726/4295 4072/2728/4297
f 4071/2727/4296 4072/2728/4297 4073/2729/4298
f 4071/2727/4296 4073/2729/4298 4063/2719/4288
f 4071/2727/4296 4063/2719/4288 4074/2730/4299
f 4063/2719/4288 4065/2721/4290 4074/2730/4299
f 4075/2731/4300 4074/2730/4299 4065/2721/4290
f 4075/2731/4300 4065/2721/4290 4076/2732/4301
f 4075/2731/4300 4076/2732/4301 4077/2733/4302
f 4075/2731/4300 4077/2733/4302 4078/2734/4303
f 4075/2731/4300 4078/2734/4303 4066/2722/4291
f 4075/2731/4300 4066/2722/4291 4069/2725/4294
f 4069/2725/4294 4074/2730/4299 4075/2731/4300
f 4069/2725/4294 4071/2727/4296 4074/2730/4299
f 4079/2735/4304 4080/2736/4305 4081/2737/4306
f 4082/2738/4307 4083/2739/4308 4084/2740/4309
f 4082/2738/4307 4085/2741/4271 4083/2739/4308
f 4083/2739/4308 4085/2741/4271 4086/2742/4310
f 4083/2739/4308 4086/2742/4310 4087/2743/4311
f 4083/2739/4308 4087/2743/4311 4088/2744/4312
f 4083/2739/4308 4088/2744/4312 4084/2740/4309
f 4088/2744/4312 4089/2745/4313 4084/2740/4309
f 4084/2740/4309 4089/2745/4313 4090/2746/4314
f 4084/2740/4309 4090/2746/4314 4091/2747/4315
f 4092/2748/4316 4091/2747/4315 4090/2746/4314
f 4091/2747/4315 4092/2748/4316 4079/2735/4304
f 4091/2747/4315 4079/2735/4304 4082/2738/4307
f 4079/2735/4304 4081/2737/4306 4082/2738/4307
f 4082/2738/4307 4081/2737/4306 4085/2741/4271
f 4082/2738/4307 4084/2740/4309 4091/2747/4315
f 4088/2744/4312 4093/2749/4317 4089/2745/4313
f 4092/2748/4316 4090/2746/4314 4094/2750/4318
f 4095/2751/4319 4096/2752/4320 4097/2753/4321
f 4095/2751/4319 4098/2754/4322 4096/2752/4320
f 4099/2755/4323 4098/2754/4322 4095/2751/4319
f 4100/2756/4324 4101/2757/4325 4102/2758/4326
f 4100/2756/4324 4103/2759/4327 4101/2757/4325
f 4104/2760/4328 4105/2761/4329 4106/2762/4330
f 4102/2758/4331 4106/2762/4330 4105/2761/4329
f 4106/2762/4330 4102/2758/4331 4101/2757/4332
f 4101/2757/4333 4103/2759/4334 4107/2763/4335
f 4108/2764/4336 4109/2765/4337 4110/2766/4338
f 4110/2766/4338 4109/2765/4337 4111/2767/4339
f 4110/2766/4338 4111/2767/4339 4112/2768/4340
f 4112/2768/4340 4111/2767/4339 4113/2769/4341
f 4112/2768/4340 4113/2769/4341 4114/2770/4342
f 4114/2770/4342 4113/2769/4341 4115/2771/4343
f 4114/2770/4342 4115/2771/4343 4116/2772/4344
f 4104/2760/4345 4116/2772/4344 4115/2771/4343
f 4116/2772/4344 4104/2760/4345 4099/2755/4346
f 4104/2760/4345 4098/2754/4347 4099/2755/4346
f 4104/2760/4345 4106/2762/4348 4098/2754/4347
f 4106/2762/4348 4096/2752/4349 4098/2754/4347
f 4106/2762/4348 4101/2757/4333 4096/2752/4349
f 4117/2773/4350 4096/2752/4349 4101/2757/4333
f 4101/2757/4333 4107/2763/4335 4117/2773/4350
f 4117/2773/4350 4107/2763/4335 4118/2774/4351
f 4118/2774/4351 4107/2763/4335 4119/2775/4352
f 4118/2774/4351 4119/2775/4352 4120/2776/4353
f 4116/2772/4344 4121/2777/4354 4122/2778/4355
f 4116/2772/4344 4099/2755/4346 4121/2777/4354
f 4096/2752/4349 4123/2779/4356 4124/2780/4357
f 4096/2752/4349 4125/2781/4358 4123/2779/4356
f 4096/2752/4349 4117/2773/4350 4125/2781/4358
f 4125/2781/4358 4117/2773/4350 4118/2774/4351
f 4125/2781/4358 4118/2774/4351 4126/2782/4359
f 4126/2782/4359 4118/2774/4351 4120/2776/4353
f 4126/2782/4359 4120/2776/4353 4127/2783/4360
f 4127/2783/4360 4120/2776/4353 4128/2784/4361
f 4127/2783/4360 4128/2784/4361 4129/2785/4362
f 4128/2784/4361 4130/2786/4363 4129/2785/4362
f 4120/2776/4353 4119/2775/4352 4131/2787/4364
f 4120/2776/4353 4131/2787/4364 4128/2784/4361
f 4128/2784/4361 4131/2787/4364 4132/2788/4365
f 4128/2784/4361 4132/2788/4365 4130/2786/4363
f 4130/2786/4363 4132/2788/4365 4133/2789/4366
f 4130/2786/4363 4133/2789/4366 4134/2790/4367
f 4134/2790/4367 4133/2789/4366 4135/2791/4368
f 4134/2790/4367 4135/2791/4368 4136/2792/4369
f 4136/2792/4369 4135/2791/4368 4137/2793/4370
f 4136/2792/4369 4137/2793/4370 4138/2794/4371
f 4138/2794/4371 4137/2793/4370 4139/2795/4372
f 4138/2794/4371 4139/2795/4372 4108/2764/4336
f 4109/2765/4337 4108/2764/4336 4139/2795/4372
f 4139/2795/4372 4140/2796/4373 4109/2765/4337
f 4109/2765/4337 4140/2796/4373 4141/2797/4374
f 4109/2765/4337 4141/2797/4374 4111/2767/4339
f 4111/2767/4339 4141/2797/4374 4142/2798/4375
f 4111/2767/4339 4142/2798/4375 4113/2769/4341
f 4113/2769/4341 4142/2798/4375 4143/2799/4376
f 4113/2769/4341 4143/2799/4376 4115/2771/4343
f 4115/2771/4343 4143/2799/4376 4104/2760/4345
f 4137/2793/4370 4140/2796/4373 4139/2795/4372
f 4137/2793/4370 4144/2800/4377 4140/2796/4373
f 4145/2801/4378 4142/2798/4375 4141/2797/4374
f 4146/2802/4379 4142/2798/4375 4145/2801/4378
f 4146/2802/4379 4143/2799/4376 4142/2798/4375
f 4147/2803/4380 4141/2797/4381 4140/2796/4382
f 4145/2801/4383 4141/2797/4381 4147/2803/4380
f 4148/2804/4384 4145/2801/4383 4147/2803/4380
f 4148/2804/4384 4146/2802/4379 4145/2801/4383
f 4148/2804/4384 4149/2805/4385 4146/2802/4379
f 4149/2805/4385 4143/2799/4376 4146/2802/4379
f 4143/2799/4376 4149/2805/4385 4103/2759/4386
f 4150/2806/4387 4103/2759/4386 4149/2805/4385
f 4150/2806/4387 4107/2763/4388 4103/2759/4386
f 4151/2807/4389 4107/2763/4388 4150/2806/4387
f 4151/2807/4389 4119/2775/4390 4107/2763/4388
f 4152/2808/4391 4119/2775/4390 4151/2807/4389
f 4152/2808/4391 4131/2787/4392 4119/2775/4390
f 4148/2804/4384 4131/2787/4392 4152/2808/4391
f 4148/2804/4384 4153/2809/4393 4131/2787/4392
f 4154/2810/4394 4153/2809/4393 4148/2804/4384
f 4154/2810/4394 4144/2800/4395 4153/2809/4393
f 4155/2811/4396 4144/2800/4395 4154/2810/4394
f 4155/2811/4396 4140/2796/4382 4144/2800/4395
f 4147/2803/4380 4140/2796/4382 4155/2811/4396
f 4148/2804/4384 4147/2803/4380 4155/2811/4396
f 4148/2804/4384 4155/2811/4396 4154/2810/4394
f 4148/2804/4384 4150/2806/4387 4149/2805/4385
f 4148/2804/4384 4151/2807/4389 4150/2806/4387
f 4148/2804/4384 4152/2808/4391 4151/2807/4389
f 4156/2812/4397 4157/2813/4398 4121/2777/4399
f 4157/2813/4398 4156/2812/4397 4124/2780/4400
f 4097/2753/4401 4124/2780/4400 4156/2812/4397
f 4097/2753/4401 4096/2752/4402 4124/2780/4400
f 4158/2814/4403 4099/2755/4404 4095/2751/4405
f 4099/2755/4404 4158/2814/4403 4121/2777/4406
f 4156/2812/4407 4121/2777/4406 4158/2814/4403
f 4095/2751/4408 4156/2812/4407 4158/2814/4403
f 4095/2751/4408 4097/2753/4408 4156/2812/4407
f 4159/2815/4409 4160/2816/4410 4130/2786/4411
f 4160/2816/4410 4159/2815/4409 4161/2817/4412
f 4161/2817/4412 4159/2815/4409 4162/2818/4413
f 4161/2817/4412 4162/2818/4414 4163/2819/4415
f 4129/2785/4416 4163/2819/4415 4162/2818/4414
f 4163/2819/4415 4129/2785/4416 4164/2820/4417
f 4164/2820/4417 4129/2785/4416 4130/2786/4411
f 4164/2820/4417 4130/2786/4411 4160/2816/4410
f 4164/2820/4417 4160/2816/4410 4161/2817/4412
f 4164/2820/4417 4161/2817/4412 4163/2819/4415
f 4165/2821/4418 4166/2822/4419 4167/2823/4420
f 3030/2017/2930 4168/2824/4421 3015/2002/2957
f 4169/2825/4422 3015/2002/2957 4168/2824/4421
f 4169/2825/4422 3016/2003/2958 3015/2002/2957
f 3016/2003/2958 4169/2825/4422 4166/2822/4419
f 3016/2003/2958 4166/2822/4419 3017/2004/2959
f 4165/2821/4418 3017/2004/2959 4166/2822/4419
f 3018/2005/2960 3017/2004/2959 4165/2821/4418
f 4165/2821/4418 4170/2826/4423 3018/2005/2960
f 3020/2007/2962 3018/2005/2960 4170/2826/4423
f 3020/2007/2962 4170/2826/4423 4171/2827/4424
f 4172/2828/2915 4171/2827/4424 4170/2826/4423
f 4172/2828/2915 4170/2826/4423 4173/2829/2916
f 4173/2829/2916 4170/2826/4423 4165/2821/4418
f 4173/2829/2916 4165/2821/4418 4174/2830/2917
f 4174/2830/2917 4165/2821/4418 4167/2823/4420
f 4174/2830/2917 4167/2823/4420 4175/2831/2927
f 4102/2758/4425 4176/2832/4426 4100/2756/4426
f 4102/2758/4425 4105/2761/4426 4176/2832/4426
f 4143/2799/4427 4105/2761/4428 4104/2760/4429
f 4143/2799/4427 4176/2832/4430 4105/2761/4428
f 4103/2759/4431 4176/2832/4432 4143/2799/4433
f 4176/2832/4432 4103/2759/4431 4100/2756/4433
f 4125/2781/4434 4177/2833/4435 4123/2779/4436
f 4125/2781/4434 4126/2782/4437 4177/2833/4435
f 4178/2834/4438 4177/2833/4435 4126/2782/4437
f 4178/2834/4438 4126/2782/4437 4127/2783/4438
f 4127/2783/4438 4162/2818/4439 4178/2834/4438
f 4127/2783/4438 4129/2785/4440 4162/2818/4439
f 4179/2835/4441 4180/2836/4441 4181/2837/4442
f 4179/2835/4441 4182/2838/4443 4180/2836/4441
f 4153/2809/4444 4182/2838/4445 4133/2789/4446
f 4153/2809/4444 4180/2836/4447 4182/2838/4445
f 4180/2836/4447 4153/2809/4444 4144/2800/4448
f 4180/2836/4447 4144/2800/4448 4181/2837/4449
f 4181/2837/4449 4144/2800/4448 4137/2793/4450
f 4181/2837/4449 4137/2793/4450 4179/2835/4451
f 4183/2136/4452 4184/2135/4453 4185/2134/4454
f 4184/2135/4453 4186/2137/4455 4185/2134/4454
f 4184/2135/4453 4187/2138/4456 4186/2137/4455
f 4187/2138/4456 4188/2139/4457 4186/2137/4455
f 4187/2138/4456 4189/2140/4458 4188/2139/4457
f 4189/2140/4458 4190/2141/4459 4188/2139/4457
f 4189/2140/4458 4191/2142/4460 4190/2141/4459
f 4191/2142/4460 4192/2143/4461 4190/2141/4459
f 4191/2142/4460 4193/2144/4462 4192/2143/4461
f 4193/2144/4462 4194/2145/4463 4192/2143/4461
f 4193/2144/4462 4195/2146/4464 4194/2145/4463
f 4195/2146/4464 4196/2147/4465 4194/2145/4463
f 4195/2146/4464 4197/2148/4466 4196/2147/4465
f 4197/2148/4466 4198/2149/4467 4196/2147/4465
f 4197/2148/4466 4199/2150/4468 4198/2149/4467
f 4199/2150/4468 4200/2151/4469 4198/2149/4467
f 4199/2150/4468 4201/2152/4470 4200/2151/4469
f 4201/2152/4470 4202/2153/4471 4200/2151/4469
f 4201/2152/4470 4203/2154/4472 4202/2153/4471
f 4203/2154/4472 4204/2155/4473 4202/2153/4471
f 4205/2157/4474 4206/2156/4475 4199/2150/4476
f 4199/2150/4476 4206/2156/4475 4201/2152/4477
f 4206/2156/4475 4207/2158/4478 4201/2152/4477
f 4201/2152/4477 4207/2158/4478 4203/2154/4479
f 4207/2158/4480 4208/2159/4481 4203/2154/4479
f 4183/2136/4479 4209/2160/4482 4184/2135/4483
f 4209/2160/4484 4210/2161/4485 4184/2135/4486
f 4184/2135/4486 4210/2161/4485 4187/2138/4487
f 4210/2161/4485 4211/2162/4488 4187/2138/4487
f 4189/2140/4489 4187/2138/4487 4211/2162/4488
f 4211/2162/4488 4212/2163/4490 4189/2140/4489
f 4191/2142/4491 4189/2140/4489 4212/2163/4490
f 4191/2142/4491 4212/2163/4490 4213/2164/4492
f 4214/2165/4493 4191/2142/4491 4213/2164/4492
f 4193/2144/4494 4191/2142/4491 4214/2165/4493
f 4214/2165/4493 4215/2166/4495 4193/2144/4494
f 4193/2144/4494 4215/2166/4495 4216/2167/4496
f 4193/2144/4494 4216/2167/4496 4217/2168/4497
f 4195/2146/4498 4193/2144/4494 4217/2168/4497
f 4195/2146/4498 4217/2168/4497 4197/2148/4499
f 4217/2168/4497 4218/2169/4500 4197/2148/4499
f 4197/2148/4499 4218/2169/4500 4205/2157/4474
f 4197/2148/4499 4205/2157/4474 4199/2150/4476
f 4219/2171/4501 4220/2170/4502 4218/2169/4503
f 4220/2170/4502 4205/2157/4504 4218/2169/4503
f 4220/2170/4502 4221/2172/4505 4205/2157/4504
f 4221/2172/4505 4206/2156/4506 4205/2157/4504
f 4221/2172/4505 4222/2173/4507 4206/2156/4506
f 4222/2173/4507 4207/2158/4508 4206/2156/4506
f 4222/2173/4507 4223/2174/4509 4207/2158/4508
f 4223/2174/4509 4208/2159/4510 4207/2158/4508
f 4224/2176/4511 4225/2175/4512 4209/2160/4510
f 4225/2175/4512 4210/2161/4513 4209/2160/4510
f 4225/2175/4512 4226/2177/4514 4210/2161/4513
f 4226/2177/4514 4211/2162/4515 4210/2161/4513
f 4226/2177/4514 4227/2178/4516 4211/2162/4515
f 4227/2178/4516 4212/2163/4517 4211/2162/4515
f 4227/2178/4516 4228/2179/4518 4212/2163/4517
f 4228/2179/4518 4213/2164/4519 4212/2163/4517
f 4228/2179/4518 4229/2180/4520 4213/2164/4519
f 4229/2180/4520 4214/2165/4521 4213/2164/4519
f 4229/2180/4520 4230/2181/4522 4214/2165/4521
f 4230/2181/4522 4215/2166/4523 4214/2165/4521
f 4230/2181/4522 4231/2182/4524 4215/2166/4523
f 4231/2182/4524 4216/2167/4525 4215/2166/4523
f 4231/2182/4524 4232/2183/4526 4216/2167/4525
f 4232/2183/4526 4217/2168/4527 4216/2167/4525
f 4232/2183/4526 4219/2171/4501 4217/2168/4527
f 4219/2171/4501 4218/2169/4503 4217/2168/4527
f 4233/2186/4528 4234/2185/4529 4235/2184/4530
f 4235/2184/4530 4234/2185/4529 4236/2187/4531
f 4236/2187/4531 4237/2188/4532 4235/2184/4530
f 4238/2189/4533 4237/2188/4532 4236/2187/4531
f 4236/2187/4531 4239/2190/4534 4238/2189/4533
f 4240/2191/4535 4238/2189/4533 4239/2190/4534
f 4239/2190/4534 4241/2192/4536 4240/2191/4535
f 4242/2193/4537 4240/2191/4535 4241/2192/4536
f 4241/2192/4536 4243/2194/4538 4242/2193/4537
f 4242/2193/4537 4243/2194/4538 4244/2195/4539
f 4244/2195/4539 4245/2196/4540 4242/2193/4537
f 4246/2197/4541 4245/2196/4540 4244/2195/4539
f 4244/2195/4539 4247/2198/4542 4246/2197/4541
f 4246/2197/4541 4247/2198/4542 4248/2199/4543
f 4248/2199/4543 4249/2200/4544 4246/2197/4541
f 4250/2201/4545 4249/2200/4544 4248/2199/4543
f 4248/2199/4543 4251/2202/4546 4250/2201/4545
f 4252/2203/4547 4250/2201/4545 4251/2202/4546
f 4251/2202/4546 4253/2204/4548 4252/2203/4547
f 4252/2203/4547 4253/2204/4548 4254/2205/4549
f 4254/2205/4549 4255/2206/4550 4252/2203/4547
f 4255/2206/4550 4254/2205/4549 4256/2207/4551
f 4256/2207/4551 4257/2208/4552 4255/2206/4550
f 4257/2208/4552 4256/2207/4551 4233/2186/4528
f 4233/2186/4528 4258/2209/4553 4257/2208/4552
f 4235/2184/4530 4258/2209/4553 4233/2186/4528
f 3130/2116/4554 3137/2123/4555 3147/2133/4556
f 3128/2114/4557 3130/2116/4554 3147/2133/4556
f 3147/2133/4556 3146/2132/4558 3128/2114/4557
f 2998/1985/4559 3619/2212/4560 2996/1983/4561
f 3619/2212/4562 3055/2042/4563 2996/1983/4564
f 4259/2839/4565 4260/2840/4566 4261/2841/4567
f 4262/2842/4568 4261/2841/4567 4260/2840/4566
f 4262/2842/4568 4263/2843/4569 4261/2841/4567
f 4264/2844/4570 4263/2843/4569 4262/2842/4568
f 4264/2844/4570 4265/2845/4571 4263/2843/4569
f 4266/2846/4572 4265/2845/4571 4264/2844/4570
f 4266/2846/4572 4267/2847/4573 4265/2845/4571
f 4268/2848/4574 4267/2847/4573 4266/2846/4572
f 4268/2848/4574 4269/2849/4575 4267/2847/4573
f 4270/2850/4576 4269/2849/4575 4268/2848/4574
f 4270/2850/4576 4271/2851/4577 4269/2849/4575
f 4272/2852/4578 4271/2851/4577 4270/2850/4576
f 4135/2791/4579 4179/2835/4580 4137/2793/4581
f 4133/2789/4582 4179/2835/4580 4135/2791/4579
f 4133/2789/4582 4182/2838/4583 4179/2835/4580
f 4272/2852/4584 4270/2850/4585 4273/2853/4586
f 4274/2854/4587 4273/2853/4586 4270/2850/4585
f 4274/2854/4587 4270/2850/4585 4268/2848/4588
f 4275/2855/4589 4274/2854/4587 4268/2848/4588
f 4275/2855/4589 4268/2848/4588 4266/2846/4590
f 4276/2856/4591 4275/2855/4589 4266/2846/4590
f 4276/2856/4591 4266/2846/4590 4264/2844/4592
f 4277/2857/4593 4276/2856/4591 4264/2844/4592
f 4277/2857/4593 4264/2844/4592 4262/2842/4594
f 4262/2842/4594 4278/2858/4595 4277/2857/4593
f 4262/2842/4594 4260/2840/4596 4278/2858/4595
f 3918/2578/4597 4276/2856/4591 3919/2579/4598
f 3919/2579/4598 4276/2856/4591 4277/2857/4593
f 3919/2579/4598 4277/2857/4593 3920/2580/4599
f 3920/2580/4599 4277/2857/4593 4278/2858/4595
f 3920/2580/4599 4278/2858/4595 3921/2581/4600
f 3896/2556/4601 3921/2581/4600 4278/2858/4595
f 4278/2858/4595 3897/2557/4602 3896/2556/4601
f 3897/2557/4602 4278/2858/4595 4260/2840/4596
f 3897/2557/4602 4260/2840/4596 4259/2839/4603
f 3897/2557/4602 4259/2839/4603 4279/2859/4604
f 3897/2557/4602 4279/2859/4604 3932/2592/4605
f 3932/2592/4605 4279/2859/4604 4280/2860/4606
f 3932/2592/4605 4280/2860/4606 3930/2590/4607
f 3930/2590/4607 4280/2860/4606 4281/2861/4608
f 3930/2590/4607 4281/2861/4608 3928/2588/4609
f 3928/2588/4609 4281/2861/4608 4282/2862/4610
f 3928/2588/4609 4282/2862/4610 3927/2587/4611
f 3927/2587/4611 4282/2862/4610 4283/2863/4612
f 3927/2587/4611 4283/2863/4612 3924/2584/4613
f 3924/2584/4613 4283/2863/4612 4284/2864/4614
f 3924/2584/4613 4284/2864/4614 3922/2582/4615
f 3922/2582/4615 4284/2864/4614 4272/2852/4584
f 3922/2582/4615 4272/2852/4584 3914/2574/4616
f 4272/2852/4584 4273/2853/4586 3914/2574/4616
f 3914/2574/4616 4273/2853/4586 3912/2572/4617
f 3912/2572/4617 4273/2853/4586 4274/2854/4587
f 3912/2572/4617 4274/2854/4587 3917/2577/4618
f 3917/2577/4618 4274/2854/4587 4275/2855/4589
f 3917/2577/4618 4275/2855/4589 3918/2578/4597
f 3918/2578/4597 4275/2855/4589 4276/2856/4591
f 4034/2690/4619 4285/2865/4620 4035/2691/4621
f 4034/2690/4619 4286/2866/4622 4285/2865/4620
f 4042/2698/4623 4286/2866/4622 4034/2690/4619
f 4042/2698/4623 4287/2867/4624 4286/2866/4622
f 4041/2697/4625 4287/2867/4626 4042/2698/4627
f 4041/2697/4625 4288/2868/4628 4287/2867/4626
f 4040/2696/4629 4288/2868/4628 4041/2697/4625
f 4040/2696/4629 4289/2869/4630 4288/2868/4628
f 4039/2695/4631 4289/2869/4630 4040/2696/4629
f 4039/2695/4631 4290/2870/4632 4289/2869/4630
f 4038/2694/4633 4290/2870/4632 4039/2695/4631
f 4038/2694/4633 4291/2871/4634 4290/2870/4632
f 4036/2692/4635 4291/2871/4634 4038/2694/4633
f 4036/2692/4635 4292/2872/4636 4291/2871/4634
f 4293/2873/4637 4292/2872/4636 4036/2692/4635
f 4293/2873/4637 4294/2874/4638 4292/2872/4636
f 4028/2684/4639 4295/2875/4640 4029/2685/4641
f 4028/2684/4639 4296/2876/4642 4295/2875/4640
f 4027/2683/4643 4296/2876/4642 4028/2684/4639
f 4027/2683/4643 4297/2877/4644 4296/2876/4642
f 4026/2682/4645 4297/2877/4644 4027/2683/4643
f 4026/2682/4645 4298/2878/4646 4297/2877/4644
f 4026/2682/4645 4299/2879/4647 4298/2878/4646
f 4026/2682/4645 4300/2880/4648 4299/2879/4647
f 4301/2881/4649 4299/2879/4647 4300/2880/4648
f 4301/2881/4649 4300/2880/4648 4302/2882/4650
f 4303/2883/4651 4301/2881/4649 4302/2882/4650
f 4303/2883/4651 4302/2882/4650 4304/2884/4652
f 4305/2885/4653 4303/2883/4651 4304/2884/4652
f 4305/2885/4653 4304/2884/4652 4306/2886/4654
f 4307/2887/4655 4305/2885/4653 4306/2886/4654
f 4307/2887/4655 4308/2888/4656 4305/2885/4653
f 4307/2887/4655 4309/2889/4657 4308/2888/4656
f 4307/2887/4655 4310/2890/4658 4309/2889/4657
f 4026/2682/4645 4025/2681/4659 4300/2880/4648
f 3866/2526/4660 4300/2880/4648 4025/2681/4659
f 3866/2526/4660 4302/2882/4650 4300/2880/4648
f 3865/2525/4661 4302/2882/4650 3866/2526/4660
f 3865/2525/4661 4304/2884/4652 4302/2882/4650
f 3863/2523/4662 4304/2884/4652 3865/2525/4661
f 3863/2523/4662 4306/2886/4654 4304/2884/4652
f 3861/2521/4663 4306/2886/4654 3863/2523/4662
f 3861/2521/4663 4307/2887/4655 4306/2886/4654
f 3859/2519/4664 4307/2887/4655 3861/2521/4663
f 3859/2519/4664 4310/2890/4658 4307/2887/4655
f 3860/2520/4665 4310/2890/4658 3859/2519/4664
f 4310/2890/4658 3860/2520/4665 3875/2535/4666
f 3875/2535/4666 4309/2889/4657 4310/2890/4658
f 3875/2535/4666 4311/2891/4667 4309/2889/4657
f 4032/2688/4668 4311/2891/4667 3875/2535/4666
f 4032/2688/4668 4312/2892/4669 4311/2891/4670
f 4031/2687/4671 4312/2892/4669 4032/2688/4668
f 4031/2687/4671 4313/2893/4672 4312/2892/4669
f 4030/2686/4673 4313/2893/4672 4031/2687/4671
f 4030/2686/4673 4314/2894/4674 4313/2893/4672
f 4029/2685/4641 4314/2894/4674 4030/2686/4673
f 4029/2685/4641 4295/2875/4640 4314/2894/4674
f 4130/2786/4675 4315/2895/4676 4159/2815/4675
f 4130/2786/4675 4134/2790/4676 4315/2895/4676
f 4134/2790/4676 4316/2896/4677 4315/2895/4676
f 4134/2790/4676 4136/2792/4678 4316/2896/4677
f 4136/2792/4678 4317/2897/4679 4316/2896/4677
f 4136/2792/4678 4138/2794/4679 4317/2897/4679
f 4317/2897/4679 4138/2794/4679 4108/2764/4680
f 4317/2897/4679 4108/2764/4680 4318/2898/4681
f 4108/2764/4680 4319/2899/4682 4318/2898/4681
f 4108/2764/4680 4110/2766/4682 4319/2899/4682
f 4110/2766/4682 4320/2900/4683 4319/2899/4682
f 4110/2766/4682 4112/2768/4683 4320/2900/4683
f 4112/2768/4683 4321/2901/4684 4320/2900/4683
f 4112/2768/4683 4114/2770/4685 4321/2901/4684
f 4114/2770/4685 4122/2778/4686 4321/2901/4684
f 4114/2770/4685 4116/2772/4687 4122/2778/4686
f 4132/2788/4365 4153/2809/4688 4133/2789/4366
f 4132/2788/4365 4131/2787/4364 4153/2809/4688
f 4322/2902/4179 4323/2903/4689 4324/2904/4690
f 4322/2902/4179 4325/2905/4691 4323/2903/4689
f 4326/2906/4692 4325/2905/4691 4322/2902/4179
f 4326/2906/4692 4327/2907/4283 4325/2905/4691
f 4325/2905/4691 4327/2907/4283 4328/2908/4693
f 4329/2909/4694 4325/2905/4691 4328/2908/4693
f 4329/2909/4694 4323/2903/4689 4325/2905/4691
f 4323/2903/4689 4329/2909/4694 4330/2910/4695
f 4331/2911/4696 4330/2910/4695 4329/2909/4694
f 4332/2912/4697 4333/2913/4698 4334/2914/4699
f 4328/2908/4693 4334/2914/4699 4333/2913/4698
f 4328/2908/4693 4327/2907/4283 4334/2914/4699
f 4327/2907/4283 4335/2915/4700 4334/2914/4699
f 4327/2907/4283 4336/2916/4701 4335/2915/4700
f 4337/2917/4702 4336/2916/4701 4327/2907/4283
f 4337/2917/4702 4338/2918/4703 4336/2916/4701
f 3049/2036/4704 3051/2038/4705 3050/2037/4706
f 3049/2036/4707 3047/2034/4708 3051/2038/4709
f 2945/1932/4710 2947/1934/4711 2946/1933/4712
f 2945/1932/4710 2944/1931/4713 2947/1934/4714
f 4339/2919/4715 3943/2603/4716 3944/2604/4717
f 4339/2919/4715 4340/2920/4718 3943/2603/4716
f 4340/2920/4718 3946/2606/4719 3943/2603/4716
f 4340/2920/4718 3940/2600/4720 3946/2606/4719
f 4340/2920/4718 4341/2921/4721 3940/2600/4720
f 4341/2921/4721 3939/2599/4722 3940/2600/4720
f 4341/2921/4721 4342/2922/4723 3939/2599/4722
f 3939/2599/4722 4342/2922/4723 4343/2923/4724
f 3939/2599/4722 4343/2923/4724 3937/2597/4725
f 3937/2597/4725 4343/2923/4724 4344/2924/4726
f 3937/2597/4725 4344/2924/4726 3936/2596/4727
f 3936/2596/4727 4344/2924/4726 4345/2925/4728
f 3936/2596/4727 4345/2925/4728 3935/2595/4729
f 3935/2595/4729 4345/2925/4728 3962/2618/4730
f 3935/2595/4729 3962/2618/4730 3934/2594/4731
f 4346/2926/4732 4347/2927/4733 4348/2928/4734
f 4347/2927/4733 4346/2926/4732 4349/2929/4735
f 4349/2929/4735 4346/2926/4732 4350/2930/4736
f 4349/2929/4735 4350/2930/4736 4351/2931/4737
f 4352/2932/4738 4351/2931/4737 4350/2930/4736
f 4351/2931/4737 4352/2932/4738 4353/2933/4739
f 4353/2933/4739 4352/2932/4738 4348/2928/4734
f 4353/2933/4739 4348/2928/4734 4347/2927/4733
f 4349/2929/4735 4353/2933/4739 4347/2927/4733
f 4349/2929/4735 4351/2931/4737 4353/2933/4739
f 4354/2934/4740 4355/2935/4741 4356/2936/4742
f 4356/2936/4742 4355/2935/4741 4357/2937/4743
f 4356/2936/4742 4357/2937/4743 4358/2938/4744
f 4358/2938/4744 4357/2937/4743 4359/2939/4745
f 4358/2938/4744 4359/2939/4745 4360/2940/4746
f 4360/2940/4746 4359/2939/4745 4361/2941/4747
f 4362/2942/4748 4363/2943/4749 4354/2934/4740
f 4362/2942/4748 4354/2934/4740 4356/2936/4742
f 4356/2936/4742 4364/2944/4750 4362/2942/4748
f 4356/2936/4742 4358/2938/4744 4364/2944/4750
f 4358/2938/4744 4365/2945/4751 4364/2944/4750
f 4358/2938/4744 4360/2940/4746 4365/2945/4751
f 4360/2940/4746 4366/2946/4752 4365/2945/4751
f 4360/2940/4746 4367/2947/4753 4366/2946/4752
f 4360/2940/4746 4361/2941/4747 4367/2947/4753
f 4361/2941/4747 4368/2948/4754 4367/2947/4753
f 4361/2941/4747 4369/2949/4755 4368/2948/4754
f 4354/2934/4740 4368/2948/4754 4369/2949/4755
f 4354/2934/4740 4369/2949/4755 4370/2950/4756
f 4354/2934/4740 4370/2950/4756 4355/2935/4741
f 4370/2950/4756 4371/2951/4757 4355/2935/4741
f 4355/2935/4741 4371/2951/4757 4372/2952/4758
f 4355/2935/4741 4372/2952/4758 4357/2937/4743
f 4357/2937/4743 4372/2952/4758 4373/2953/4759
f 4357/2937/4743 4373/2953/4759 4359/2939/4745
f 4359/2939/4745 4373/2953/4759 4374/2954/4760
f 4359/2939/4745 4374/2954/4760 4361/2941/4747
f 4361/2941/4747 4374/2954/4760 4375/2955/4761
f 4361/2941/4747 4375/2955/4761 4369/2949/4755
f 4369/2949/4755 4375/2955/4761 4376/2956/4762
f 4369/2949/4755 4376/2956/4762 4370/2950/4756
f 4370/2950/4756 4376/2956/4762 4371/2951/4757
f 4298/2878/4763 4299/2879/4764 4377/2957/4765
f 4301/2881/4766 4377/2957/4765 4299/2879/4764
f 4301/2881/4766 4378/2958/4767 4377/2957/4765
f 4303/2883/4768 4378/2958/4767 4301/2881/4766
f 4303/2883/4768 4379/2959/4769 4378/2958/4767
f 4305/2885/4770 4379/2959/4769 4303/2883/4768
f 4305/2885/4770 4380/2960/4771 4379/2959/4769
f 4308/2888/4772 4380/2960/4771 4305/2885/4770
f 4308/2888/4772 4381/2961/4773 4380/2960/4771
f 4309/2889/4774 4381/2961/4773 4308/2888/4772
f 4309/2889/4774 4382/2962/4775 4381/2961/4773
f 4311/2891/4776 4382/2962/4775 4309/2889/4774
f 4383/2259/4777 4384/2258/4778 4385/2260/4779
f 4386/2261/4780 4384/2258/4778 4383/2259/4777
f 4387/2262/4781 4386/2261/4780 4383/2259/4777
f 4388/2263/4782 4386/2261/4780 4387/2262/4781
f 4389/2264/4783 4388/2263/4782 4387/2262/4781
f 4390/2265/4784 4388/2263/4782 4389/2264/4783
f 4391/2266/4785 4390/2265/4784 4389/2264/4783
f 4392/2267/4786 4390/2265/4784 4391/2266/4785
f 4393/2268/4787 4392/2267/4786 4391/2266/4785
f 4394/2269/4788 4392/2267/4786 4393/2268/4787
f 4395/2270/4789 4394/2269/4788 4393/2268/4787
f 4396/2271/4790 4394/2269/4788 4395/2270/4789
f 4397/2272/4791 4396/2271/4790 4395/2270/4789
f 4398/2273/4792 4396/2271/4790 4397/2272/4791
f 4399/2274/4793 4398/2273/4792 4397/2272/4791
f 4400/2275/4794 4398/2273/4792 4399/2274/4793
f 4401/2236/4795 4402/2235/4796 4403/2234/3072
f 4402/2235/4796 4404/2237/3081 4403/2234/3072
f 4402/2235/4796 4405/2238/4797 4404/2237/3081
f 4405/2238/4797 4406/2239/4798 4404/2237/3081
f 4405/2238/4797 4407/2240/4799 4406/2239/4798
f 4407/2240/4799 4408/2241/4800 4406/2239/4798
f 4407/2240/4799 4409/2242/4801 4408/2241/4800
f 4409/2242/4801 4410/2243/3106 4408/2241/4800
f 4411/2288/4802 4412/2286/4803 4413/2287/4804
f 4413/2287/4804 4412/2286/4803 4414/2285/4805
f 4412/2286/4803 4415/2284/4806 4414/2285/4805
f 4414/2285/4805 4415/2284/4806 4416/2283/4807
f 4415/2284/4806 4417/2282/4808 4416/2283/4807
f 4416/2283/4807 4417/2282/4808 4418/2281/4809
f 4417/2282/4808 4419/2280/4810 4418/2281/4809
f 4418/2281/4809 4419/2280/4810 4420/2278/4811
f 4419/2280/4810 4421/2277/4812 4420/2278/4811
f 4420/2278/4811 4421/2277/4812 4422/2279/4813
f 4423/2391/3575 4424/2392/4814 4425/2393/3574
f 4425/2393/3574 4424/2392/4814 4426/2394/4815
f 4425/2393/3574 4426/2394/4815 4427/2395/3727
f 4427/2395/3727 4426/2394/4815 4428/2396/4816
f 4427/2395/3727 4428/2396/4816 4429/2397/4817
f 4429/2397/4817 4428/2396/4816 4430/2398/4818
f 4429/2397/4817 4430/2398/4818 4431/2399/4819
f 4431/2399/4819 4430/2398/4818 4432/2400/4820
f 4431/2399/4819 4432/2400/4820 4433/2401/4821
f 4433/2401/4821 4432/2400/4820 4434/2402/4822
f 4433/2401/4821 4434/2402/4822 4435/2403/4823
f 4435/2403/4823 4434/2402/4822 4436/2404/4824
f 4435/2403/4823 4436/2404/4824 4437/2405/3578
f 4437/2405/3578 4436/2404/4824 4438/2386/4825
f 4437/2405/3578 4438/2386/4825 4439/2384/4826
f 4439/2384/4826 4438/2386/4825 4440/2385/4827
f 4439/2384/4826 4440/2385/4827 4441/2387/4828
f 4441/2387/4828 4440/2385/4827 4442/2388/4829
f 4441/2387/4828 4442/2388/4829 4443/2389/4830
f 4443/2389/4830 4442/2388/4829 4444/2390/4831
f 4443/2389/4830 4444/2390/4831 4423/2391/3575
f 4423/2391/3575 4444/2390/4831 4424/2392/4814
f 4386/2261/4832 4445/2276/4833 4384/2258/4834
f 4388/2263/4835 4445/2276/4833 4386/2261/4832
f 4390/2265/4836 4445/2276/4833 4388/2263/4835
f 4392/2267/4837 4445/2276/4833 4390/2265/4836
f 4394/2269/4838 4445/2276/4833 4392/2267/4837
f 4396/2271/4839 4445/2276/4833 4394/2269/4838
f 4398/2273/4840 4445/2276/4833 4396/2271/4839
f 4400/2275/4834 4445/2276/4833 4398/2273/4840
o obj9
v 0.018594 1.253111 0.049088
v 0.022472 1.259941 0.051983
v 0.024164 1.254171 0.057726
v 0.027210 1.254496 0.060717
v 0.029194 1.263304 0.060612
v 0.029130 1.269685 0.062316
v 0.022132 1.267361 0.051746
v 0.018612 1.247141 0.055677
v 0.011754 1.247787 0.048104
v 0.022584 1.246725 0.058514
v 0.027046 1.254994 0.061907
v 0.032983 1.264327 0.063922
v 0.033472 1.270644 0.065521
v 0.025709 1.275823 0.060806
v 0.015970 1.272656 0.052192
v 0.020762 1.280959 0.060544
v 0.015026 1.281153 0.057181
v 0.019075 1.285219 0.063653
v 0.023749 1.285004 0.065250
v 0.028233 1.281641 0.066036
v 0.033393 1.270238 0.066699
v 0.031645 1.276424 0.066268
v 0.031861 1.275620 0.067649
v 0.030666 1.269918 0.065255
v 0.032648 1.264019 0.064794
v 0.029195 1.275005 0.065788
v 0.026355 1.273887 0.062829
v 0.016917 1.241971 0.056429
v 0.011803 1.241802 0.052634
v 0.022110 1.247088 0.059718
v 0.024872 1.255792 0.060742
v 0.029916 1.263700 0.063565
v 0.027874 1.269459 0.062696
v 0.024207 1.268489 0.061684
v 0.020505 1.271708 0.060264
v 0.019117 1.266937 0.059263
v 0.015327 1.269259 0.058033
v 0.014177 1.265497 0.054526
v 0.013495 1.268402 0.054755
v 0.012824 1.268624 0.054779
v 0.012066 1.270815 0.055236
v 0.016128 1.274478 0.057141
v 0.020040 1.248454 0.058250
v 0.014233 1.251454 0.055970
v 0.019551 1.256605 0.057716
v 0.013948 1.258186 0.053012
v 0.018259 1.250010 0.056369
v 0.022586 1.256379 0.058746
v 0.027253 1.263892 0.061145
v 0.023120 1.263434 0.058759
v 0.015158 1.262751 0.053328
v 0.011150 1.264368 0.053536
v 0.009234 1.265862 0.054660
v 0.010515 1.260268 0.052268
v 0.011511 1.262537 0.052948
v 0.007054 1.264706 0.053007
v 0.008921 1.257832 0.050823
v 0.005851 1.263382 0.053608
v 0.002922 1.264699 0.051565
v 0.005334 1.266517 0.053432
v 0.009482 1.264484 0.053640
v 0.011308 1.253981 0.052426
v 0.010023 1.248484 0.054340
v 0.012824 1.245961 0.054557
v 0.007485 1.245494 0.052758
v 0.006556 1.252307 0.050496
v 0.004216 1.247990 0.051255
v 0.006691 1.248931 0.051189
v 0.004545 1.251616 0.051455
v 0.002382 1.251194 0.051109
v 0.004432 1.254070 0.052787
v 0.000669 1.258993 0.049370
v 0.003627 1.260747 0.052573
v 0.005223 1.260614 0.052511
v 0.007151 1.256295 0.050541
v 0.009534 1.252685 0.051501
v 0.008917 1.251036 0.052650
v 0.006981 1.247021 0.053382
v 0.004569 1.246474 0.051711
v 0.006204 1.254291 0.050570
v 0.004747 1.256107 0.053010
v 0.002119 1.247192 0.049678
v 0.000189 1.248359 0.048544
v 0.003921 1.245416 0.049573
v 0.001976 1.245687 0.047962
v 0.001464 1.244756 0.048169
v 0.004084 1.244525 0.048656
v 0.002693 1.242587 0.048672
v 0.004315 1.241960 0.049848
v 0.003066 1.242045 0.049430
v 0.004308 1.241274 0.051059
v 0.003115 1.240801 0.048463
v 0.003881 1.239007 0.050320
v 0.002768 1.242296 0.048163
v 0.005398 1.244907 0.051276
v 0.005771 1.243713 0.050186
v 0.006241 1.242401 0.051676
v 0.006296 1.240685 0.053200
v 0.006398 1.238566 0.052949
v 0.004654 1.238620 0.048950
v 0.007632 1.242136 0.048934
v 0.007260 1.244470 0.049362
v 0.008290 1.244228 0.052165
v 0.009201 1.242948 0.053725
v 0.014016 1.244386 0.056074
v 0.014760 1.243675 0.057492
v 0.016118 1.242378 0.057583
v 0.010307 1.238958 0.054808
v 0.011143 1.237907 0.053966
v 0.007097 1.237352 0.051652
v 0.009787 1.241266 0.054739
v 0.013094 1.282793 -0.061971
v 0.010597 1.281670 -0.058776
v 0.014029 1.284276 -0.061161
v 0.018478 1.283678 -0.064257
v 0.017030 1.281698 -0.063179
v 0.023693 1.283801 -0.065844
v 0.022137 1.282268 -0.064611
v 0.026532 1.279306 -0.065925
v 0.028342 1.280463 -0.066964
v 0.031861 1.275620 -0.067649
v 0.029195 1.275005 -0.065788
v 0.026002 1.279177 -0.063334
v 0.020415 1.280562 -0.061564
v 0.014661 1.279418 -0.060722
v 0.011957 1.280767 -0.061248
v 0.009291 1.279745 -0.059129
v 0.008023 1.278326 -0.056135
v 0.008310 1.276853 -0.057123
v 0.006332 1.274296 -0.054806
v 0.008998 1.275250 -0.056839
v 0.005961 1.270032 -0.054074
v 0.009451 1.270648 -0.054499
v 0.005334 1.266517 -0.053432
v 0.009759 1.273304 -0.056143
v 0.012066 1.270815 -0.055236
v 0.012890 1.276791 -0.057419
v 0.010306 1.278273 -0.059750
v 0.013495 1.268402 -0.054755
v 0.015327 1.269259 -0.058033
v 0.016128 1.274478 -0.057141
v 0.017338 1.277674 -0.057572
v 0.021826 1.276338 -0.060914
v 0.026355 1.273887 -0.062829
v 0.030666 1.269918 -0.065255
v 0.033393 1.270238 -0.066699
v 0.033472 1.270644 -0.065520
v 0.032983 1.264327 -0.063922
v 0.029194 1.263303 -0.060612
v 0.027210 1.254496 -0.060717
v 0.022472 1.259941 -0.051983
v 0.024164 1.254171 -0.057726
v 0.020505 1.271708 -0.060264
v 0.022584 1.246725 -0.058514
v 0.018612 1.247141 -0.055677
v 0.027046 1.254994 -0.061906
v 0.032648 1.264019 -0.064794
v 0.025709 1.275823 -0.060806
v 0.029130 1.269685 -0.062316
v 0.022132 1.267361 -0.051746
v 0.015970 1.272656 -0.052192
v 0.020762 1.280959 -0.060543
v 0.015026 1.281153 -0.057180
v 0.019075 1.285219 -0.063652
v 0.023749 1.285004 -0.065250
v 0.028233 1.281641 -0.066036
v 0.031645 1.276424 -0.066268
v 0.007054 1.264706 -0.053006
v 0.002922 1.264699 -0.051564
v 0.002868 1.267705 -0.052274
v 0.004663 1.273504 -0.051725
v 0.006047 1.276032 -0.053514
v 0.011257 1.279321 -0.054883
v 0.009482 1.264484 -0.053640
v 0.011511 1.262537 -0.053996
v 0.010515 1.260268 -0.053424
v 0.008921 1.257832 -0.052209
v 0.003921 1.245416 -0.049573
v 0.001976 1.245687 -0.047962
v 0.002119 1.247192 -0.049677
v 0.004569 1.246474 -0.051711
v 0.004216 1.247990 -0.051255
v 0.006691 1.248931 -0.051188
v 0.006556 1.252307 -0.051934
v 0.008917 1.251036 -0.052650
v 0.009534 1.252683 -0.051501
v 0.011308 1.253981 -0.052425
v 0.013948 1.258186 -0.053012
v 0.015158 1.262751 -0.054316
v 0.011150 1.264368 -0.053536
v 0.009234 1.265862 -0.054659
v 0.010023 1.248484 -0.054340
v 0.005398 1.244907 -0.051275
v 0.014177 1.265497 -0.054526
v 0.012824 1.268624 -0.054779
v 0.004545 1.251616 -0.051454
v 0.006204 1.254291 -0.051996
v 0.004432 1.254070 -0.052787
v 0.004747 1.256107 -0.053010
v 0.002382 1.251194 -0.051109
v 0.000189 1.248357 -0.048544
v 0.001464 1.244756 -0.048169
v 0.000669 1.258993 -0.049369
v 0.003627 1.260747 -0.052572
v 0.005223 1.260614 -0.052510
v 0.007151 1.256295 -0.051971
v 0.005851 1.263382 -0.053608
v 0.018594 1.253111 -0.049087
v 0.011754 1.247787 -0.048103
v 0.011803 1.241802 -0.052633
v 0.007632 1.242136 -0.048933
v 0.007097 1.237352 -0.051652
v 0.004654 1.238620 -0.048949
v 0.006398 1.238566 -0.052949
v 0.003881 1.239007 -0.050319
v 0.004308 1.241274 -0.051058
v 0.003115 1.240801 -0.048462
v 0.003066 1.242045 -0.049430
v 0.002768 1.242296 -0.048163
v 0.002693 1.242587 -0.048671
v 0.004084 1.244525 -0.048656
v 0.007260 1.244470 -0.049362
v 0.016917 1.241971 -0.056428
v 0.022110 1.247088 -0.059718
v 0.011143 1.237907 -0.053965
v 0.010307 1.238958 -0.054808
v 0.006296 1.240685 -0.053199
v 0.004315 1.241960 -0.049848
v 0.006241 1.242401 -0.051675
v 0.005771 1.243713 -0.050186
v 0.009201 1.242948 -0.053725
v 0.008290 1.244228 -0.052165
v 0.012824 1.245961 -0.054557
v 0.009787 1.241266 -0.054739
v 0.016118 1.242378 -0.057582
v 0.014760 1.243675 -0.057492
v 0.014016 1.244386 -0.056073
v 0.020040 1.248454 -0.058250
v 0.024872 1.255792 -0.060742
v 0.007485 1.245494 -0.052757
v 0.006981 1.247021 -0.053381
v 0.019117 1.266937 -0.059263
v 0.024207 1.268489 -0.061683
v 0.023120 1.263434 -0.058759
v 0.027874 1.269459 -0.062696
v 0.027253 1.263892 -0.061144
v 0.029916 1.263700 -0.063565
v 0.022586 1.256379 -0.058746
v 0.018259 1.250010 -0.056369
v 0.014233 1.251454 -0.055970
v 0.019551 1.256605 -0.057715
v 0.009291 1.279745 0.059129
v 0.008310 1.276853 0.057123
v 0.010306 1.278273 0.059750
v 0.008998 1.275250 0.056840
v 0.012890 1.276791 0.057419
v 0.009759 1.273304 0.056144
v 0.023693 1.283801 0.065844
v 0.028342 1.280463 0.066964
v 0.026532 1.279306 0.065925
v 0.026002 1.279177 0.063335
v 0.021826 1.276338 0.060914
v 0.017338 1.277674 0.057572
v 0.009451 1.270648 0.054499
v 0.005961 1.270032 0.054074
v 0.006332 1.274296 0.054807
v 0.002868 1.267705 0.052275
v 0.004663 1.273504 0.051726
v 0.006047 1.276032 0.053515
v 0.008023 1.278326 0.056136
v 0.011257 1.279321 0.054883
v 0.010597 1.281670 0.058776
v 0.014029 1.284276 0.061162
v 0.018478 1.283678 0.064257
v 0.013094 1.282793 0.061971
v 0.017030 1.281698 0.063179
v 0.022137 1.282268 0.064611
v 0.020415 1.280562 0.061564
v 0.014661 1.279418 0.060722
v 0.011957 1.280767 0.061248
vn 0.4772 0.7140 -0.5124
vn 0.1455 0.8151 -0.5607
vn 0.3384 0.7087 -0.6191
vn 0.4615 0.8690 -0.1784
vn -0.0102 0.7195 -0.6944
vn -0.1862 0.6534 -0.7337
vn -0.2769 0.7130 -0.6441
vn 0.3922 0.6176 -0.6817
vn 0.4940 0.5275 -0.6912
vn 0.6088 0.7644 -0.2123
vn 0.3919 0.2197 0.8934
vn 0.1906 0.9339 -0.3023
vn -0.1692 0.9189 -0.3563
vn -0.3809 0.5910 -0.7110
vn -0.5203 0.4574 -0.7212
vn -0.5321 0.4455 -0.7200
vn -0.7091 0.1884 -0.6794
vn -0.9875 -0.0657 0.1432
vn -0.9439 0.2822 0.1718
vn -0.7482 0.6634 0.0146
vn 0.1469 0.5501 0.8221
vn -0.4447 0.8465 -0.2927
vn -0.1320 0.4562 0.8800
vn 0.2192 -0.5348 0.8161
vn 0.4300 0.4401 0.7883
vn 0.2752 -0.6056 0.7467
vn 0.1304 -0.5185 0.8451
vn 0.7489 0.6441 -0.1556
vn 0.4126 0.5744 -0.7069
vn 0.4079 0.1326 0.9033
vn -0.0895 -0.5541 0.8276
vn 0.0763 -0.5237 0.8485
vn 0.1991 -0.4991 0.8434
vn 0.2714 -0.2670 0.9247
vn -0.0117 -0.4460 0.8949
vn 0.3771 -0.4173 0.8268
vn 0.1435 -0.5857 0.7977
vn 0.4144 -0.3334 0.8468
vn 0.2775 -0.4599 0.8435
vn 0.1534 0.0230 0.9879
vn 0.2359 -0.2965 0.9254
vn 0.0048 -0.3548 0.9349
vn -0.1985 -0.5423 0.8164
vn -0.0444 -0.3924 0.9187
vn -0.0405 -0.4449 0.8947
vn -0.1097 -0.4841 0.8681
vn -0.0681 -0.4244 0.9029
vn -0.0252 -0.4927 0.8698
vn 0.0232 -0.5870 0.8093
vn 0.1526 -0.4673 0.8708
vn 0.2021 -0.3899 0.8984
vn 0.4573 -0.0251 0.8890
vn 0.3144 -0.1729 0.9334
vn 0.2555 -0.2423 0.9359
vn 0.2911 -0.0884 0.9526
vn 0.2897 -0.1569 0.9442
vn 0.1663 -0.1645 0.9723
vn -0.0581 -0.0805 0.9951
vn 0.0465 -0.4930 0.8688
vn 0.2163 -0.4079 0.8870
vn 0.5559 -0.1494 0.8177
vn -0.2568 -0.5392 0.8021
vn -0.0568 -0.3648 0.9294
vn -0.1151 -0.4112 0.9043
vn 0.4741 -0.3098 0.8242
vn -0.1242 -0.0388 0.9915
vn -0.0526 -0.2961 0.9537
vn -0.3543 -0.4559 0.8165
vn 0.2174 0.2660 0.9391
vn 0.1259 -0.5203 0.8446
vn 0.2181 0.0919 0.9716
vn 0.0156 -0.7178 0.6960
vn -0.1034 -0.3700 0.9232
vn 0.1278 0.0495 0.9906
vn 0.1235 0.0963 0.9877
vn -0.3827 -0.4978 0.7783
vn -0.4190 -0.5061 0.7539
vn 0.0020 -0.4711 0.8821
vn 0.1606 -0.5815 0.7976
vn 0.0979 0.4547 0.8853
vn 0.0620 0.2714 0.9605
vn 0.4171 -0.6099 0.6739
vn 0.2549 -0.6110 0.7495
vn 0.6056 -0.6222 0.4961
vn 0.2024 -0.2061 0.9574
vn -0.1355 -0.0737 0.9880
vn 0.1657 -0.5670 0.8069
vn 0.1357 -0.8059 0.5763
vn -0.6088 -0.4356 0.6630
vn -0.2758 -0.7381 0.6157
vn -0.4224 -0.6500 0.6318
vn 0.3619 -0.7225 -0.5891
vn 0.5624 -0.7783 0.2794
vn 0.3871 -0.8203 -0.4210
vn 0.5743 -0.5387 0.6164
vn -0.0892 -0.5930 0.8002
vn -0.5034 -0.5886 0.6325
vn -0.1785 -0.5970 0.7821
vn 0.4961 -0.5390 0.6807
vn 0.7486 -0.1559 -0.6444
vn 0.2241 0.3283 -0.9176
vn -0.1543 -0.1559 -0.9756
vn 0.0681 -0.5272 0.8470
vn -0.4126 -0.5136 0.7523
vn -0.4618 -0.5348 0.7076
vn -0.2326 -0.4503 0.8621
vn 0.5453 0.0582 0.8362
vn 0.4509 -0.2746 0.8493
vn 0.9387 0.3443 -0.0177
vn 0.9884 0.0007 -0.1519
vn -0.1314 -0.4602 0.8780
vn -0.3209 -0.5708 -0.7558
vn -0.8075 -0.5722 0.1433
vn -0.9463 -0.3234 0.0033
vn -0.1177 -0.3636 -0.9241
vn 0.4623 -0.2401 -0.8536
vn -0.1582 -0.1687 -0.9729
vn 0.5300 -0.3279 -0.7820
vn 0.4622 -0.5721 -0.6776
vn -0.2637 0.1203 -0.9571
vn -0.1320 0.4562 -0.8800
vn 0.2752 -0.6055 -0.7468
vn 0.6127 -0.5682 -0.5493
vn 0.7148 -0.2254 -0.6620
vn 0.7308 -0.0296 -0.6820
vn 0.2158 -0.4185 -0.8822
vn -0.2328 -0.8382 -0.4932
vn -0.5844 -0.8114 0.0102
vn 0.1339 -0.7672 -0.6273
vn -0.0616 -0.7604 -0.6465
vn 0.4194 -0.2771 -0.8645
vn 0.1823 -0.2989 -0.9367
vn 0.2490 -0.1890 -0.9499
vn 0.2163 -0.4079 -0.8870
vn 0.4155 -0.2068 -0.8858
vn 0.2359 -0.2965 -0.9254
vn 0.5769 0.0416 -0.8158
vn 0.4854 -0.3394 -0.8057
vn 0.2776 -0.4599 -0.8434
vn 0.1435 -0.5857 -0.7977
vn 0.0048 -0.3548 -0.9349
vn 0.4572 -0.2331 -0.8583
vn 0.1210 -0.4904 -0.8631
vn 0.1304 -0.5186 -0.8450
vn 0.2192 -0.5347 -0.8161
vn 0.1468 0.5501 -0.8221
vn -0.1692 0.9190 0.3562
vn 0.1906 0.9339 0.3024
vn -0.0102 0.7195 0.6944
vn 0.4615 0.8690 0.1783
vn 0.1455 0.8151 0.5607
vn 0.3384 0.7087 0.6191
vn -0.0117 -0.4461 -0.8949
vn 0.6069 0.7642 0.2186
vn 0.3922 0.6176 0.6817
vn 0.3920 0.2198 -0.8933
vn 0.4299 0.4401 -0.7884
vn -0.3809 0.5911 0.7110
vn -0.1862 0.6534 0.7338
vn -0.2769 0.7129 0.6442
vn -0.5203 0.4574 0.7211
vn -0.5321 0.4455 0.7200
vn -0.7091 0.1884 0.6795
vn -0.9875 -0.0655 -0.1435
vn -0.9439 0.2822 -0.1717
vn -0.7481 0.6634 -0.0146
vn -0.4447 0.8466 0.2926
vn 0.2107 -0.2051 -0.9558
vn 0.0465 -0.4929 -0.8688
vn 0.1362 -0.4687 -0.8728
vn -0.2733 -0.8735 -0.4029
vn -0.3244 -0.8802 -0.3464
vn -0.8059 -0.3087 0.5052
vn 0.3342 -0.1559 -0.9295
vn 0.0186 -0.1273 -0.9917
vn 0.2483 -0.2066 -0.9464
vn 0.1876 -0.0915 -0.9780
vn 0.6056 -0.6222 -0.4961
vn 0.2024 -0.2061 -0.9574
vn 0.4171 -0.6099 -0.6738
vn 0.1606 -0.5815 -0.7975
vn -0.0082 -0.3239 -0.9460
vn -0.1780 -0.3860 -0.9052
vn 0.0213 -0.1059 -0.9941
vn -0.3625 -0.4035 -0.8401
vn -0.3090 -0.3109 -0.8988
vn -0.1721 -0.4767 -0.8620
vn 0.0207 -0.4018 -0.9155
vn 0.1124 -0.3780 -0.9190
vn 0.1856 -0.0323 -0.9821
vn 0.3144 -0.1729 -0.9334
vn -0.0568 -0.3648 -0.9294
vn 0.5743 -0.5386 -0.6165
vn 0.2955 -0.3564 -0.8864
vn 0.1535 0.0229 -0.9879
vn 0.2102 -0.0962 -0.9729
vn 0.1149 0.2073 -0.9715
vn 0.2234 -0.1079 -0.9687
vn 0.0218 0.0851 -0.9961
vn 0.1258 -0.5204 -0.8446
vn 0.2550 -0.6109 -0.7495
vn -0.1355 -0.0737 -0.9880
vn 0.0156 -0.7179 -0.6960
vn -0.1034 -0.3700 -0.9232
vn 0.0684 -0.1805 -0.9812
vn 0.1100 0.0645 -0.9918
vn -0.1159 -0.1508 -0.9817
vn 0.4772 0.7140 0.5124
vn 0.4939 0.5275 0.6912
vn 0.4127 0.5744 0.7069
vn 0.2240 0.3282 0.9176
vn 0.9884 0.0007 0.1519
vn 0.7486 -0.1560 0.6444
vn 0.4961 -0.5390 -0.6807
vn 0.5623 -0.7784 -0.2791
vn -0.4225 -0.6499 -0.6317
vn 0.3619 -0.7225 0.5890
vn -0.2757 -0.7381 -0.6158
vn 0.3871 -0.8203 0.4209
vn 0.1356 -0.8059 -0.5763
vn 0.1657 -0.5670 -0.8069
vn -0.1543 -0.1559 0.9756
vn 0.7489 0.6441 0.1556
vn 0.4078 0.1326 -0.9034
vn 0.9387 0.3443 0.0176
vn 0.4509 -0.2747 -0.8492
vn -0.1786 -0.5971 -0.7820
vn -0.6088 -0.4356 -0.6631
vn -0.5034 -0.5886 -0.6325
vn -0.0892 -0.5930 -0.8002
vn -0.4126 -0.5136 -0.7523
vn 0.0681 -0.5272 -0.8470
vn -0.1151 -0.4112 -0.9043
vn -0.1316 -0.4602 -0.8780
vn 0.5453 0.0582 -0.8362
vn -0.2327 -0.4503 -0.8620
vn -0.4618 -0.5348 -0.7077
vn -0.1985 -0.5423 -0.8164
vn -0.0895 -0.5541 -0.8276
vn 0.4741 -0.3098 -0.8242
vn 0.0020 -0.4710 -0.8821
vn 0.3771 -0.4173 -0.8268
vn 0.2714 -0.2670 -0.9247
vn 0.1463 -0.4512 -0.8804
vn 0.1991 -0.4991 -0.8434
vn 0.0232 -0.5870 -0.8092
vn 0.0762 -0.5238 -0.8484
vn -0.0252 -0.4927 -0.8698
vn -0.0682 -0.4245 -0.9029
vn -0.0445 -0.3924 -0.9187
vn -0.0153 -0.4331 -0.9012
vn -0.2328 -0.8381 0.4933
vn 0.1339 -0.7672 0.6273
vn 0.4854 -0.3393 0.8058
vn 0.4194 -0.2771 0.8645
vn 0.5768 0.0416 0.8158
vn 0.4154 -0.2068 0.8858
vn -0.1582 -0.1687 0.9729
vn -0.2637 0.1203 0.9571
vn 0.4622 -0.5721 0.6776
vn 0.6127 -0.5681 0.5493
vn 0.1210 -0.4904 0.8631
vn 0.4572 -0.2332 0.8583
vn 0.2494 -0.1917 0.9492
vn 0.1823 -0.2990 0.9367
vn -0.0615 -0.7604 0.6465
vn 0.1362 -0.4686 0.8728
vn -0.2733 -0.8735 0.4028
vn -0.3244 -0.8802 0.3465
vn -0.5844 -0.8114 -0.0103
vn -0.8059 -0.3087 -0.5051
vn -0.8075 -0.5722 -0.1433
vn -0.9463 -0.3234 -0.0032
vn -0.1177 -0.3636 0.9241
vn -0.3209 -0.5707 0.7558
vn 0.4623 -0.2401 0.8536
vn 0.5300 -0.3280 0.7820
vn 0.7148 -0.2254 0.6621
vn 0.7244 -0.0227 0.6890
vn 0.2158 -0.4184 0.8823
vt 0.240930 0.566280
vt 0.229680 0.540090
vt 0.224670 0.551070
vt 0.217410 0.542670
vt 0.210530 0.514100
vt 0.209900 0.496450
vt 0.226290 0.508540
vt 0.240270 0.581060
vt 0.260540 0.581050
vt 0.236450 0.580340
vt 0.218750 0.540000
vt 0.206310 0.506530
vt 0.202360 0.490300
vt 0.215210 0.474210
vt 0.242560 0.479890
vt 0.222180 0.455000
vt 0.241450 0.450600
vt 0.224090 0.437690
vt 0.217820 0.442500
vt 0.210440 0.454890
vt 0.202990 0.491500
vt 0.205090 0.469180
vt 0.205320 0.471990
vt 0.207180 0.493780
vt 0.207690 0.506900
vt 0.209280 0.474910
vt 0.215190 0.481600
vt 0.244000 0.591250
vt 0.253350 0.594710
vt 0.236610 0.579730
vt 0.222520 0.543150
vt 0.211280 0.509630
vt 0.212030 0.496680
vt 0.215610 0.496100
vt 0.225300 0.481190
vt 0.231510 0.500710
vt 0.242290 0.488630
vt 0.247490 0.507490
vt 0.248910 0.494000
vt 0.250740 0.492460
vt 0.252370 0.481820
vt 0.238420 0.468610
vt 0.238630 0.577830
vt 0.251800 0.569400
vt 0.236850 0.541300
vt 0.248780 0.538960
vt 0.243560 0.575570
vt 0.227780 0.543040
vt 0.213250 0.513970
vt 0.221430 0.516280
vt 0.245600 0.521330
vt 0.256500 0.510890
vt 0.261150 0.501700
vt 0.259120 0.529040
vt 0.255990 0.519760
vt 0.268090 0.506550
vt 0.263820 0.539780
vt 0.271350 0.510780
vt 0.280730 0.504960
vt 0.272460 0.496810
vt 0.261080 0.508910
vt 0.258880 0.557830
vt 0.263010 0.577920
vt 0.255800 0.587820
vt 0.272340 0.586410
vt 0.275470 0.561490
vt 0.280140 0.577620
vt 0.273010 0.575760
vt 0.282600 0.562210
vt 0.287580 0.561930
vt 0.281020 0.551300
vt 0.288310 0.528040
vt 0.278340 0.521470
vt 0.273940 0.523420
vt 0.270230 0.545360
vt 0.265610 0.562080
vt 0.268630 0.567940
vt 0.272390 0.580720
vt 0.278820 0.582360
vt 0.274960 0.552880
vt 0.278320 0.542990
vt 0.285070 0.582340
vt 0.291090 0.572260
vt 0.277360 0.589290
vt 0.283420 0.589650
vt 0.283630 0.594340
vt 0.275420 0.593700
vt 0.277600 0.601260
vt 0.271680 0.604490
vt 0.275870 0.603210
vt 0.271160 0.606900
vt 0.275350 0.606420
vt 0.271400 0.608250
vt 0.276990 0.602570
vt 0.272210 0.592030
vt 0.269130 0.598020
vt 0.266270 0.603450
vt 0.265460 0.605530
vt 0.267650 0.604290
vt 0.267150 0.608340
vt 0.266080 0.598730
vt 0.265120 0.595260
vt 0.267840 0.592870
vt 0.265290 0.594100
vt 0.252170 0.588120
vt 0.249400 0.588210
vt 0.245070 0.589190
vt 0.255710 0.599790
vt 0.251730 0.599520
vt 0.262430 0.605620
vt 0.261060 0.596960
vt 0.242850 0.440880
vt 0.253300 0.443770
vt 0.239990 0.437020
vt 0.226110 0.442170
vt 0.231100 0.448580
vt 0.218750 0.446410
vt 0.220330 0.451360
vt 0.214410 0.464490
vt 0.210960 0.459570
vt 0.215010 0.466420
vt 0.222880 0.455320
vt 0.241630 0.454200
vt 0.248300 0.447800
vt 0.258480 0.449800
vt 0.265340 0.454920
vt 0.264940 0.459990
vt 0.272720 0.470880
vt 0.264230 0.466980
vt 0.269970 0.481330
vt 0.259990 0.481110
vt 0.258070 0.468170
vt 0.250980 0.464840
vt 0.256230 0.454670
vt 0.236800 0.466100
vt 0.222150 0.473220
vt 0.280250 0.491190
vt 0.279040 0.476340
vt 0.272680 0.465160
vt 0.255620 0.455600
s 1
usemtl mat1
f 4446/2963/4841 4447/2964/4842 4448/2965/4843
f 4447/2964/4842 4449/2966/4844 4448/2965/4843
f 4447/2964/4842 4450/2967/4845 4449/2966/4844
f 4451/2968/4846 4450/2967/4845 4447/2964/4842
f 4451/2968/4846 4447/2964/4842 4452/2969/4847
f 4453/2970/4848 4454/2971/4849 4446/2963/4841
f 4453/2970/4848 4446/2963/4841 4448/2965/4843
f 4455/2972/4850 4453/2970/4848 4448/2965/4843
f 4455/2972/4850 4448/2965/4843 4449/2966/4844
f 4455/2972/4850 4449/2966/4844 4456/2973/4851
f 4457/2974/4852 4456/2973/4851 4449/2966/4844
f 4457/2974/4852 4449/2966/4844 4450/2967/4845
f 4450/2967/4845 4458/2975/4853 4457/2974/4852
f 4450/2967/4845 4451/2968/4846 4458/2975/4853
f 4459/2976/4854 4458/2975/4853 4451/2968/4846
f 4451/2968/4846 4452/2969/4847 4459/2976/4854
f 4460/2977/4855 4459/2976/4854 4452/2969/4847
f 4460/2977/4855 4461/2978/4856 4459/2976/4854
f 4461/2978/4856 4460/2977/4855 4462/2979/4857
f 4462/2979/4857 4463/2980/4858 4461/2978/4856
f 4463/2980/4858 4464/2981/4859 4461/2978/4856
f 4461/2978/4856 4464/2981/4859 4465/2982/4860
f 4459/2976/4854 4461/2978/4856 4465/2982/4860
f 4457/2974/4852 4458/2975/4853 4466/2983/4861
f 4459/2976/4854 4465/2982/4860 4467/2984/4862
f 4459/2976/4854 4467/2984/4862 4458/2975/4853
f 4458/2975/4853 4467/2984/4862 4468/2985/4863
f 4458/2975/4853 4468/2985/4863 4466/2983/4861
f 4468/2985/4863 4469/2986/4864 4466/2983/4861
f 4470/2987/4865 4466/2983/4861 4469/2986/4864
f 4457/2974/4852 4466/2983/4861 4470/2987/4865
f 4457/2974/4852 4470/2987/4865 4456/2973/4851
f 4467/2984/4862 4465/2982/4860 4468/2985/4863
f 4469/2986/4864 4471/2988/4866 4472/2989/4867
f 4468/2985/4863 4471/2988/4866 4469/2986/4864
f 4473/2990/4868 4474/2991/4869 4453/2970/4848
f 4453/2970/4848 4455/2972/4850 4473/2990/4868
f 4473/2990/4868 4455/2972/4850 4475/2992/4870
f 4455/2972/4850 4456/2973/4851 4475/2992/4870
f 4475/2992/4870 4456/2973/4851 4476/2993/4871
f 4470/2987/4865 4476/2993/4871 4456/2973/4851
f 4470/2987/4865 4477/2994/4872 4476/2993/4871
f 4470/2987/4865 4469/2986/4864 4477/2994/4872
f 4477/2994/4872 4469/2986/4864 4478/2995/4873
f 4469/2986/4864 4472/2989/4867 4478/2995/4873
f 4472/2989/4867 4479/2996/4874 4478/2995/4873
f 4472/2989/4867 4480/2997/4875 4479/2996/4874
f 4480/2997/4875 4481/2998/4876 4479/2996/4874
f 4480/2997/4875 4482/2999/4877 4481/2998/4876
f 4482/2999/4877 4483/3000/4878 4481/2998/4876
f 4482/2999/4877 4484/3001/4879 4483/3000/4878
f 4484/3001/4879 4485/3002/4880 4483/3000/4878
f 4486/3003/4881 4485/3002/4880 4484/3001/4879
f 4480/2997/4875 4487/3004/4882 4482/2999/4877
f 4486/3003/4881 4482/2999/4877 4487/3004/4882
f 4484/3001/4879 4482/2999/4877 4486/3003/4881
f 4475/2992/4870 4476/2993/4871 4488/3005/4883
f 4489/3006/4884 4490/3007/4885 4491/3008/4886
f 4492/3009/4887 4490/3007/4885 4489/3006/4884
f 4492/3009/4887 4493/3010/4888 4490/3007/4885
f 4488/3005/4883 4493/3010/4888 4492/3009/4887
f 4488/3005/4883 4476/2993/4871 4493/3010/4888
f 4476/2993/4871 4494/3011/4889 4493/3010/4888
f 4476/2993/4871 4477/2994/4872 4494/3011/4889
f 4477/2994/4872 4478/2995/4873 4494/3011/4889
f 4494/3011/4889 4478/2995/4873 4495/3012/4890
f 4479/2996/4874 4495/3012/4890 4478/2995/4873
f 4481/2998/4876 4495/3012/4890 4479/2996/4874
f 4495/3012/4890 4481/2998/4876 4483/3000/4878
f 4495/3012/4890 4483/3000/4878 4496/3013/4891
f 4496/3013/4891 4483/3000/4878 4497/3014/4892
f 4497/3014/4892 4483/3000/4878 4498/3015/4893
f 4485/3002/4880 4498/3015/4893 4483/3000/4878
f 4490/3007/4885 4496/3013/4891 4491/3008/4886
f 4490/3007/4885 4495/3012/4890 4496/3013/4891
f 4494/3011/4889 4495/3012/4890 4490/3007/4885
f 4494/3011/4889 4490/3007/4885 4493/3010/4888
f 4499/3016/4894 4500/3017/4895 4501/3018/4896
f 4501/3018/4896 4502/3019/4897 4499/3016/4894
f 4501/3018/4896 4503/3020/4898 4502/3019/4897
f 4504/3021/4899 4503/3020/4898 4501/3018/4896
f 4505/3022/4900 4504/3021/4899 4501/3018/4896
f 4498/3015/4893 4505/3022/4900 4501/3018/4896
f 4498/3015/4893 4501/3018/4896 4506/3023/4901
f 4506/3023/4901 4497/3014/4892 4498/3015/4893
f 4497/3014/4892 4506/3023/4901 4500/3017/4895
f 4496/3013/4891 4497/3014/4892 4500/3017/4895
f 4496/3013/4891 4500/3017/4895 4499/3016/4894
f 4496/3013/4891 4499/3016/4894 4491/3008/4886
f 4502/3019/4897 4491/3008/4886 4499/3016/4894
f 4502/3019/4897 4507/3024/4902 4491/3008/4886
f 4489/3006/4884 4491/3008/4886 4507/3024/4902
f 4508/3025/4903 4489/3006/4884 4507/3024/4902
f 4492/3009/4887 4489/3006/4884 4508/3025/4903
f 4492/3009/4887 4508/3025/4903 4509/3026/4904
f 4506/3023/4901 4501/3018/4896 4500/3017/4895
f 4509/3026/4904 4508/3025/4903 4510/3027/4905
f 4511/3028/4906 4512/3029/4907 4513/3030/4908
f 4511/3028/4906 4514/3031/4909 4512/3029/4907
f 4515/3032/4910 4512/3029/4907 4514/3031/4909
f 4516/3033/4911 4515/3032/4910 4514/3031/4909
f 4517/3034/4912 4515/3032/4910 4516/3033/4911
f 4517/3034/4912 4516/3033/4911 4518/3035/4913
f 4518/3035/4913 4504/3021/4899 4517/3034/4912
f 4504/3021/4899 4518/3035/4913 4519/3036/4914
f 4504/3021/4899 4519/3036/4914 4503/3020/4898
f 4519/3036/4914 4520/3037/4915 4503/3020/4898
f 4502/3019/4897 4503/3020/4898 4520/3037/4915
f 4520/3037/4915 4521/3038/4916 4502/3019/4897
f 4507/3024/4902 4502/3019/4897 4521/3038/4916
f 4521/3038/4916 4522/3039/4917 4507/3024/4902
f 4508/3025/4903 4507/3024/4902 4522/3039/4917
f 4523/3040/4918 4508/3025/4903 4522/3039/4917
f 4510/3027/4905 4508/3025/4903 4523/3040/4918
f 4510/3027/4905 4523/3040/4918 4524/3041/4919
f 4516/3033/4911 4514/3031/4909 4525/3042/4920
f 4525/3042/4920 4526/3043/4921 4516/3033/4911
f 4516/3033/4911 4526/3043/4921 4518/3035/4913
f 4518/3035/4913 4526/3043/4921 4519/3036/4914
f 4526/3043/4921 4525/3042/4920 4519/3036/4914
f 4520/3037/4915 4519/3036/4914 4525/3042/4920
f 4525/3042/4920 4511/3028/4906 4520/3037/4915
f 4521/3038/4916 4520/3037/4915 4511/3028/4906
f 4511/3028/4906 4522/3039/4917 4521/3038/4916
f 4511/3028/4906 4513/3030/4908 4522/3039/4917
f 4523/3040/4918 4522/3039/4917 4513/3030/4908
f 4523/3040/4918 4513/3030/4908 4524/3041/4919
f 4512/3029/4907 4524/3041/4919 4513/3030/4908
f 4527/3044/4922 4524/3041/4919 4512/3029/4907
f 4512/3029/4907 4515/3032/4910 4527/3044/4922
f 4515/3032/4910 4528/3045/4923 4527/3044/4922
f 4517/3034/4912 4528/3045/4923 4515/3032/4910
f 4514/3031/4909 4511/3028/4906 4525/3042/4920
f 4524/3041/4919 4527/3044/4922 4529/3046/4924
f 4529/3046/4924 4527/3044/4922 4530/3047/4925
f 4527/3044/4922 4528/3045/4923 4530/3047/4925
f 4528/3045/4923 4531/3048/4926 4530/3047/4925
f 4532/3049/4927 4530/3047/4925 4531/3048/4926
f 4532/3049/4927 4531/3048/4926 4533/3050/4928
f 4534/3051/4929 4532/3049/4927 4533/3050/4928
f 4535/3052/4930 4534/3051/4929 4533/3050/4928
f 4535/3052/4930 4536/3053/4931 4534/3051/4929
f 4537/3054/4932 4536/3053/4931 4535/3052/4930
f 4537/3054/4932 4538/3055/4933 4536/3053/4931
f 4529/3046/4924 4530/3047/4925 4532/3049/4927
f 4531/3048/4926 4539/3056/4934 4533/3050/4928
f 4535/3052/4930 4533/3050/4928 4539/3056/4934
f 4535/3052/4930 4539/3056/4934 4537/3054/4932
f 4510/3027/4905 4524/3041/4919 4540/3057/4935
f 4524/3041/4919 4529/3046/4924 4540/3057/4935
f 4529/3046/4924 4541/3058/4936 4540/3057/4935
f 4529/3046/4924 4532/3049/4927 4541/3058/4936
f 4532/3049/4927 4542/3059/4937 4541/3058/4936
f 4532/3049/4927 4534/3051/4929 4542/3059/4937
f 4534/3051/4929 4543/3060/4938 4542/3059/4937
f 4534/3051/4929 4536/3053/4931 4543/3060/4938
f 4536/3053/4931 4544/3061/4939 4543/3060/4938
f 4536/3053/4931 4538/3055/4933 4544/3061/4939
f 4545/3062/4940 4544/3061/4939 4538/3055/4933
f 4537/3054/4932 4545/3062/4940 4538/3055/4933
f 4546/3063/4941 4545/3062/4940 4537/3054/4932
f 4539/3056/4934 4546/3063/4941 4537/3054/4932
f 4539/3056/4934 4547/3064/4942 4546/3063/4941
f 4547/3064/4942 4454/2971/4849 4546/3063/4941
f 4454/2971/4849 4474/2991/4869 4546/3063/4941
f 4454/2971/4849 4453/2970/4848 4474/2991/4869
f 4509/3026/4904 4548/3065/4943 4549/3066/4944
f 4509/3026/4904 4510/3027/4905 4548/3065/4943
f 4548/3065/4943 4510/3027/4905 4540/3057/4935
f 4548/3065/4943 4540/3057/4935 4541/3058/4936
f 4549/3066/4944 4548/3065/4943 4541/3058/4936
f 4549/3066/4944 4541/3058/4936 4542/3059/4937
f 4543/3060/4938 4549/3066/4944 4542/3059/4937
f 4488/3005/4883 4492/3009/4887 4509/3026/4904
f 4488/3005/4883 4509/3026/4904 4550/3067/4945
f 4475/2992/4870 4488/3005/4883 4550/3067/4945
f 4475/2992/4870 4550/3067/4945 4551/3068/4946
f 4552/3069/4947 4475/2992/4870 4551/3068/4946
f 4553/3070/4948 4552/3069/4947 4551/3068/4946
f 4554/3071/4949 4552/3069/4947 4553/3070/4948
f 4555/3072/4950 4554/3071/4949 4553/3070/4948
f 4474/2991/4869 4554/3071/4949 4555/3072/4950
f 4474/2991/4869 4555/3072/4950 4546/3063/4941
f 4555/3072/4950 4545/3062/4940 4546/3063/4941
f 4545/3062/4940 4555/3072/4950 4544/3061/4939
f 4555/3072/4950 4553/3070/4948 4544/3061/4939
f 4553/3070/4948 4543/3060/4938 4544/3061/4939
f 4553/3070/4948 4556/3073/4951 4543/3060/4938
f 4543/3060/4938 4556/3073/4951 4549/3066/4944
f 4556/3073/4951 4550/3067/4945 4549/3066/4944
f 4509/3026/4904 4549/3066/4944 4550/3067/4945
f 4556/3073/4951 4551/3068/4946 4550/3067/4945
f 4553/3070/4948 4551/3068/4946 4556/3073/4951
f 4473/2990/4868 4554/3071/4949 4474/2991/4869
f 4554/3071/4949 4473/2990/4868 4552/3069/4947
f 4473/2990/4868 4475/2992/4870 4552/3069/4947
f 4557/3074/4952 4558/3075/4953 4559/3076/4954
f 4559/3076/4954 4560/3077/4955 4557/3074/4952
f 4560/3077/4955 4561/3078/4956 4557/3074/4952
f 4562/3079/4957 4561/3078/4956 4560/3077/4955
f 4562/3079/4957 4563/3080/4958 4561/3078/4956
f 4562/3079/4957 4564/3081/4959 4563/3080/4958
f 4562/3079/4957 4565/3082/4960 4564/3081/4959
f 4566/2985/4961 4564/3081/4959 4565/3082/4960
f 4566/2985/4961 4567/2988/4962 4564/3081/4959
f 4567/2988/4962 4568/3083/4963 4564/3081/4959
f 4564/3081/4959 4568/3083/4963 4569/3084/4964
f 4564/3081/4959 4569/3084/4964 4563/3080/4958
f 4563/3080/4958 4569/3084/4964 4570/3085/4965
f 4563/3080/4958 4570/3085/4965 4561/3078/4956
f 4561/3078/4956 4570/3085/4965 4571/3086/4966
f 4571/3086/4966 4557/3074/4952 4561/3078/4956
f 4572/3087/4967 4557/3074/4952 4571/3086/4966
f 4557/3074/4952 4572/3087/4967 4558/3075/4953
f 4558/3075/4953 4572/3087/4967 4573/3088/4968
f 4572/3087/4967 4574/3089/4969 4573/3088/4968
f 4573/3088/4968 4574/3089/4969 4575/3090/4970
f 4575/3090/4970 4574/3089/4969 4576/3091/4971
f 4576/3091/4971 4577/3092/4972 4575/3090/4970
f 4576/3091/4971 4578/3093/4973 4577/3092/4972
f 4579/3022/4974 4577/3092/4972 4578/3093/4973
f 4576/3091/4971 4580/3094/4975 4578/3093/4973
f 4580/3094/4975 4581/3003/4976 4578/3093/4973
f 4582/3095/4977 4581/3003/4976 4580/3094/4975
f 4582/3095/4977 4580/3094/4975 4576/3091/4971
f 4583/3096/4978 4582/3095/4977 4576/3091/4971
f 4574/3089/4969 4583/3096/4978 4576/3091/4971
f 4572/3087/4967 4583/3096/4978 4574/3089/4969
f 4583/3096/4978 4572/3087/4967 4571/3086/4966
f 4583/3096/4978 4571/3086/4966 4570/3085/4965
f 4583/3096/4978 4570/3085/4965 4582/3095/4977
f 4582/3095/4977 4570/3085/4965 4569/3084/4964
f 4584/3001/4979 4581/3003/4976 4585/2999/4980
f 4581/3003/4976 4586/3004/4981 4585/2999/4980
f 4582/3095/4977 4586/3004/4981 4581/3003/4976
f 4586/3004/4981 4582/3095/4977 4587/3097/4982
f 4582/3095/4977 4569/3084/4964 4587/3097/4982
f 4587/3097/4982 4569/3084/4964 4588/3098/4983
f 4568/3083/4963 4588/3098/4983 4569/3084/4964
f 4588/3098/4983 4568/3083/4963 4589/2989/4984
f 4567/2988/4962 4589/2989/4984 4568/3083/4963
f 4590/2986/4985 4589/2989/4984 4567/2988/4962
f 4566/2985/4961 4590/2986/4985 4567/2988/4962
f 4566/2985/4961 4591/2983/4986 4590/2986/4985
f 4592/2975/4987 4591/2983/4986 4566/2985/4961
f 4593/2974/4988 4591/2983/4986 4592/2975/4987
f 4594/2967/4989 4593/2974/4988 4592/2975/4987
f 4593/2974/4988 4594/2967/4989 4595/2966/4990
f 4596/2964/4991 4595/2966/4990 4594/2967/4989
f 4596/2964/4991 4597/2965/4992 4595/2966/4990
f 4598/2997/4993 4585/2999/4980 4586/3004/4981
f 4587/3097/4982 4598/2997/4993 4586/3004/4981
f 4587/3097/4982 4588/3098/4983 4598/2997/4993
f 4588/3098/4983 4589/2989/4984 4598/2997/4993
f 4599/2972/4994 4597/2965/4992 4600/2970/4995
f 4599/2972/4994 4595/2966/4990 4597/2965/4992
f 4599/2972/4994 4601/2973/4996 4595/2966/4990
f 4593/2974/4988 4595/2966/4990 4601/2973/4996
f 4593/2974/4988 4601/2973/4996 4602/2987/4997
f 4593/2974/4988 4602/2987/4997 4591/2983/4986
f 4602/2987/4997 4590/2986/4985 4591/2983/4986
f 4603/2976/4998 4604/2968/4999 4592/2975/4987
f 4594/2967/4989 4592/2975/4987 4604/2968/4999
f 4604/2968/4999 4596/2964/4991 4594/2967/4989
f 4604/2968/4999 4605/2969/5000 4596/2964/4991
f 4604/2968/4999 4603/2976/4998 4605/2969/5000
f 4606/2977/5001 4605/2969/5000 4603/2976/4998
f 4606/2977/5001 4603/2976/4998 4607/2978/5002
f 4607/2978/5002 4608/2979/5003 4606/2977/5001
f 4608/2979/5003 4607/2978/5002 4609/2980/5004
f 4609/2980/5004 4607/2978/5002 4610/2981/5005
f 4607/2978/5002 4611/2982/5006 4610/2981/5005
f 4603/2976/4998 4611/2982/5006 4607/2978/5002
f 4603/2976/4998 4612/2984/5007 4611/2982/5006
f 4603/2976/4998 4592/2975/4987 4612/2984/5007
f 4592/2975/4987 4566/2985/4961 4612/2984/5007
f 4612/2984/5007 4566/2985/4961 4611/2982/5006
f 4579/3022/4974 4613/3018/5008 4614/3021/5009
f 4579/3022/4974 4614/3021/5009 4577/3092/4972
f 4615/3099/5010 4577/3092/4972 4614/3021/5009
f 4577/3092/4972 4615/3099/5010 4575/3090/4970
f 4616/3100/5011 4575/3090/4970 4615/3099/5010
f 4617/3101/5012 4575/3090/4970 4616/3100/5011
f 4573/3088/4968 4575/3090/4970 4617/3101/5012
f 4617/3101/5012 4618/3102/5013 4573/3088/4968
f 4618/3102/5013 4558/3075/4953 4573/3088/4968
f 4558/3075/4953 4618/3102/5013 4608/2979/5003
f 4558/3075/4953 4608/2979/5003 4559/3076/4954
f 4608/2979/5003 4609/2980/5004 4559/3076/4954
f 4559/3076/4954 4609/2980/5004 4560/3077/4955
f 4610/2981/5005 4560/3077/4955 4609/2980/5004
f 4610/2981/5005 4562/3079/4957 4560/3077/4955
f 4611/2982/5006 4562/3079/4957 4610/2981/5005
f 4611/2982/5006 4565/3082/4960 4562/3079/4957
f 4565/3082/4960 4611/2982/5006 4566/2985/4961
f 4619/3023/5014 4620/3017/5015 4613/3018/5008
f 4621/3016/5016 4613/3018/5008 4620/3017/5015
f 4613/3018/5008 4621/3016/5016 4622/3019/5017
f 4623/3046/5018 4624/3047/5019 4625/3044/5020
f 4626/3041/5021 4623/3046/5018 4625/3044/5020
f 4625/3044/5020 4627/3029/5022 4626/3041/5021
f 4627/3029/5022 4628/3030/5023 4626/3041/5021
f 4629/3028/5024 4628/3030/5023 4627/3029/5022
f 4629/3028/5024 4630/3039/5025 4628/3030/5023
f 4629/3028/5024 4631/3038/5026 4630/3039/5025
f 4631/3038/5026 4632/3024/5027 4630/3039/5025
f 4632/3024/5027 4631/3038/5026 4622/3019/5017
f 4622/3019/5017 4633/3008/5028 4632/3024/5027
f 4622/3019/5017 4621/3016/5016 4633/3008/5028
f 4634/3013/5029 4633/3008/5028 4621/3016/5016
f 4634/3013/5029 4621/3016/5016 4620/3017/5015
f 4634/3013/5029 4620/3017/5015 4635/3014/5030
f 4635/3014/5030 4620/3017/5015 4619/3023/5014
f 4619/3023/5014 4636/3015/5031 4635/3014/5030
f 4636/3015/5031 4619/3023/5014 4613/3018/5008
f 4636/3015/5031 4613/3018/5008 4579/3022/4974
f 4637/3025/5032 4630/3039/5025 4632/3024/5027
f 4626/3041/5021 4638/3057/5033 4623/3046/5018
f 4634/3013/5029 4635/3014/5030 4639/3000/5034
f 4635/3014/5030 4636/3015/5031 4639/3000/5034
f 4640/3002/5035 4639/3000/5034 4636/3015/5031
f 4641/3031/5036 4642/3042/5037 4629/3028/5024
f 4629/3028/5024 4627/3029/5022 4641/3031/5036
f 4642/3042/5037 4643/3033/5038 4644/3043/5039
f 4643/3033/5038 4642/3042/5037 4641/3031/5036
f 4643/3033/5038 4641/3031/5036 4645/3032/5040
f 4645/3032/5040 4641/3031/5036 4627/3029/5022
f 4627/3029/5022 4625/3044/5020 4645/3032/5040
f 4646/3045/5041 4624/3047/5019 4647/3048/5042
f 4625/3044/5020 4624/3047/5019 4646/3045/5041
f 4645/3032/5040 4625/3044/5020 4646/3045/5041
f 4648/3034/5043 4645/3032/5040 4646/3045/5041
f 4648/3034/5043 4643/3033/5038 4645/3032/5040
f 4648/3034/5043 4649/3035/5044 4643/3033/5038
f 4643/3033/5038 4649/3035/5044 4644/3043/5039
f 4649/3035/5044 4650/3036/5045 4644/3043/5039
f 4644/3043/5039 4650/3036/5045 4642/3042/5037
f 4651/3037/5046 4642/3042/5037 4650/3036/5045
f 4642/3042/5037 4651/3037/5046 4629/3028/5024
f 4631/3038/5026 4629/3028/5024 4651/3037/5046
f 4651/3037/5046 4622/3019/5017 4631/3038/5026
f 4622/3019/5017 4651/3037/5046 4652/3020/5047
f 4613/3018/5008 4622/3019/5017 4652/3020/5047
f 4614/3021/5009 4613/3018/5008 4652/3020/5047
f 4614/3021/5009 4652/3020/5047 4650/3036/5045
f 4614/3021/5009 4650/3036/5045 4649/3035/5044
f 4649/3035/5044 4648/3034/5043 4614/3021/5009
f 4650/3036/5045 4652/3020/5047 4651/3037/5046
f 4653/2963/5048 4597/2965/4992 4596/2964/4991
f 4600/2970/4995 4597/2965/4992 4653/2963/5048
f 4600/2970/4995 4653/2963/5048 4654/2971/5049
f 4654/2971/5049 4655/2991/5050 4600/2970/4995
f 4654/2971/5049 4656/3063/5051 4655/2991/5050
f 4655/2991/5050 4656/3063/5051 4657/3072/5052
f 4657/3072/5052 4656/3063/5051 4658/3062/5053
f 4658/3062/5053 4659/3061/5054 4657/3072/5052
f 4658/3062/5053 4660/3055/5055 4659/3061/5054
f 4661/3053/5056 4659/3061/5054 4660/3055/5055
f 4662/3054/5057 4661/3053/5056 4660/3055/5055
f 4662/3054/5057 4663/3052/5058 4661/3053/5056
f 4663/3052/5058 4662/3054/5057 4664/3056/5059
f 4663/3052/5058 4664/3056/5059 4665/3050/5060
f 4647/3048/5042 4665/3050/5060 4664/3056/5059
f 4666/3049/5061 4665/3050/5060 4647/3048/5042
f 4666/3049/5061 4647/3048/5042 4624/3047/5019
f 4623/3046/5018 4666/3049/5061 4624/3047/5019
f 4667/3064/5062 4656/3063/5051 4654/2971/5049
f 4664/3056/5059 4656/3063/5051 4667/3064/5062
f 4664/3056/5059 4662/3054/5057 4656/3063/5051
f 4656/3063/5051 4662/3054/5057 4658/3062/5053
f 4662/3054/5057 4660/3055/5055 4658/3062/5053
f 4668/2990/5063 4669/2992/5064 4599/2972/4994
f 4600/2970/4995 4668/2990/5063 4599/2972/4994
f 4668/2990/5063 4600/2970/4995 4655/2991/5050
f 4668/2990/5063 4655/2991/5050 4670/3071/5065
f 4655/2991/5050 4657/3072/5052 4670/3071/5065
f 4657/3072/5052 4671/3070/5066 4670/3071/5065
f 4657/3072/5052 4659/3061/5054 4671/3070/5066
f 4671/3070/5066 4659/3061/5054 4672/3060/5067
f 4661/3053/5056 4672/3060/5067 4659/3061/5054
f 4673/3051/5068 4672/3060/5067 4661/3053/5056
f 4663/3052/5058 4673/3051/5068 4661/3053/5056
f 4663/3052/5058 4665/3050/5060 4673/3051/5068
f 4673/3051/5068 4665/3050/5060 4666/3049/5061
f 4666/3049/5061 4674/3059/5069 4673/3051/5068
f 4666/3049/5061 4675/3058/5070 4674/3059/5069
f 4676/3066/5071 4674/3059/5069 4675/3058/5070
f 4676/3066/5071 4675/3058/5070 4677/3065/5072
f 4678/3026/5073 4676/3066/5071 4677/3065/5072
f 4671/3070/5066 4672/3060/5067 4679/3073/5074
f 4672/3060/5067 4676/3066/5071 4679/3073/5074
f 4672/3060/5067 4674/3059/5069 4676/3066/5071
f 4673/3051/5068 4674/3059/5069 4672/3060/5067
f 4668/2990/5063 4680/3069/5075 4669/2992/5064
f 4670/3071/5065 4680/3069/5075 4668/2990/5063
f 4670/3071/5065 4671/3070/5066 4680/3069/5075
f 4671/3070/5066 4681/3068/5076 4680/3069/5075
f 4671/3070/5066 4679/3073/5074 4681/3068/5076
f 4679/3073/5074 4682/3067/5077 4681/3068/5076
f 4679/3073/5074 4676/3066/5071 4682/3067/5077
f 4678/3026/5073 4682/3067/5077 4676/3066/5071
f 4683/3005/5078 4682/3067/5077 4678/3026/5073
f 4669/2992/5064 4682/3067/5077 4683/3005/5078
f 4669/2992/5064 4683/3005/5078 4684/2993/5079
f 4680/3069/5075 4681/3068/5076 4669/2992/5064
f 4669/2992/5064 4681/3068/5076 4682/3067/5077
f 4678/3026/5073 4677/3065/5072 4685/3027/5080
f 4678/3026/5073 4685/3027/5080 4637/3025/5032
f 4685/3027/5080 4686/3040/5081 4637/3025/5032
f 4686/3040/5081 4630/3039/5025 4637/3025/5032
f 4686/3040/5081 4628/3030/5023 4630/3039/5025
f 4686/3040/5081 4626/3041/5021 4628/3030/5023
f 4685/3027/5080 4626/3041/5021 4686/3040/5081
f 4685/3027/5080 4638/3057/5033 4626/3041/5021
f 4677/3065/5072 4638/3057/5033 4685/3027/5080
f 4677/3065/5072 4675/3058/5070 4638/3057/5033
f 4623/3046/5018 4638/3057/5033 4675/3058/5070
f 4623/3046/5018 4675/3058/5070 4666/3049/5061
f 4687/2998/5082 4688/2996/5083 4689/3012/5084
f 4688/2996/5083 4690/2995/5085 4689/3012/5084
f 4691/3011/5086 4689/3012/5084 4690/2995/5085
f 4692/2994/5087 4691/3011/5086 4690/2995/5085
f 4684/2993/5079 4691/3011/5086 4692/2994/5087
f 4684/2993/5079 4693/3010/5088 4691/3011/5086
f 4683/3005/5078 4693/3010/5088 4684/2993/5079
f 4683/3005/5078 4694/3009/5089 4693/3010/5088
f 4683/3005/5078 4678/3026/5073 4694/3009/5089
f 4694/3009/5089 4678/3026/5073 4637/3025/5032
f 4694/3009/5089 4637/3025/5032 4695/3006/5090
f 4637/3025/5032 4632/3024/5027 4695/3006/5090
f 4695/3006/5090 4632/3024/5027 4633/3008/5028
f 4695/3006/5090 4633/3008/5028 4696/3007/5091
f 4696/3007/5091 4633/3008/5028 4634/3013/5029
f 4696/3007/5091 4634/3013/5029 4689/3012/5084
f 4689/3012/5084 4634/3013/5029 4639/3000/5034
f 4689/3012/5084 4639/3000/5034 4687/2998/5082
f 4691/3011/5086 4696/3007/5091 4689/3012/5084
f 4691/3011/5086 4693/3010/5088 4696/3007/5091
f 4694/3009/5089 4696/3007/5091 4693/3010/5088
f 4694/3009/5089 4695/3006/5090 4696/3007/5091
f 4579/3022/4974 4578/3093/4973 4636/3015/5031
f 4578/3093/4973 4581/3003/4976 4636/3015/5031
f 4640/3002/5035 4636/3015/5031 4581/3003/4976
f 4581/3003/4976 4584/3001/4979 4640/3002/5035
f 4584/3001/4979 4639/3000/5034 4640/3002/5035
f 4585/2999/4980 4639/3000/5034 4584/3001/4979
f 4585/2999/4980 4687/2998/5082 4639/3000/5034
f 4598/2997/4993 4687/2998/5082 4585/2999/4980
f 4598/2997/4993 4688/2996/5083 4687/2998/5082
f 4589/2989/4984 4688/2996/5083 4598/2997/4993
f 4589/2989/4984 4690/2995/5085 4688/2996/5083
f 4590/2986/4985 4690/2995/5085 4589/2989/4984
f 4692/2994/5087 4690/2995/5085 4590/2986/4985
f 4602/2987/4997 4692/2994/5087 4590/2986/4985
f 4602/2987/4997 4684/2993/5079 4692/2994/5087
f 4602/2987/4997 4601/2973/4996 4684/2993/5079
f 4669/2992/5064 4684/2993/5079 4601/2973/4996
f 4599/2972/4994 4669/2992/5064 4601/2973/4996
f 4697/3087/5092 4698/3089/5093 4699/3096/5094
f 4698/3089/5093 4700/3091/5095 4699/3096/5094
f 4699/3096/5094 4700/3091/5095 4701/3095/5096
f 4701/3095/5096 4700/3091/5095 4702/3094/5097
f 4465/2982/4860 4464/2981/4859 4703/3079/5098
f 4465/2982/4860 4703/3079/5098 4704/3082/5099
f 4704/3082/5099 4468/2985/4863 4465/2982/4860
f 4468/2985/4863 4704/3082/5099 4705/3081/5100
f 4468/2985/4863 4705/3081/5100 4471/2988/4866
f 4471/2988/4866 4705/3081/5100 4706/3083/5101
f 4471/2988/4866 4706/3083/5101 4472/2989/4867
f 4707/3098/5102 4472/2989/4867 4706/3083/5101
f 4707/3098/5102 4480/2997/4875 4472/2989/4867
f 4708/3097/5103 4480/2997/4875 4707/3098/5102
f 4708/3097/5103 4487/3004/4882 4480/2997/4875
f 4487/3004/4882 4708/3097/5103 4701/3095/5096
f 4701/3095/5096 4486/3003/4881 4487/3004/4882
f 4701/3095/5096 4702/3094/5097 4486/3003/4881
f 4702/3094/5097 4709/3093/5104 4486/3003/4881
f 4700/3091/5095 4709/3093/5104 4702/3094/5097
f 4700/3091/5095 4710/3092/5105 4709/3093/5104
f 4700/3091/5095 4711/3090/5106 4710/3092/5105
f 4703/3079/5098 4705/3081/5100 4704/3082/5099
f 4485/3002/4880 4486/3003/4881 4498/3015/4893
f 4709/3093/5104 4498/3015/4893 4486/3003/4881
f 4505/3022/4900 4498/3015/4893 4709/3093/5104
f 4505/3022/4900 4709/3093/5104 4710/3092/5105
f 4505/3022/4900 4710/3092/5105 4504/3021/4899
f 4712/3099/5107 4504/3021/4899 4710/3092/5105
f 4710/3092/5105 4711/3090/5106 4712/3099/5107
f 4713/3100/5108 4712/3099/5107 4711/3090/5106
f 4714/3101/5109 4713/3100/5108 4711/3090/5106
f 4715/3088/5110 4714/3101/5109 4711/3090/5106
f 4714/3101/5109 4715/3088/5110 4716/3102/5111
f 4716/3102/5111 4715/3088/5110 4717/3075/5112
f 4717/3075/5112 4462/2979/4857 4716/3102/5111
f 4717/3075/5112 4718/3076/5113 4462/2979/4857
f 4462/2979/4857 4718/3076/5113 4463/2980/4858
f 4718/3076/5113 4719/3077/5114 4463/2980/4858
f 4464/2981/4859 4463/2980/4858 4719/3077/5114
f 4464/2981/4859 4719/3077/5114 4703/3079/5098
f 4711/3090/5106 4700/3091/5095 4698/3089/5093
f 4715/3088/5110 4711/3090/5106 4698/3089/5093
f 4697/3087/5092 4715/3088/5110 4698/3089/5093
f 4717/3075/5112 4715/3088/5110 4697/3087/5092
f 4720/3074/5115 4717/3075/5112 4697/3087/5092
f 4720/3074/5115 4718/3076/5113 4717/3075/5112
f 4718/3076/5113 4720/3074/5115 4719/3077/5114
f 4719/3077/5114 4720/3074/5115 4721/3078/5116
f 4703/3079/5098 4719/3077/5114 4721/3078/5116
f 4703/3079/5098 4721/3078/5116 4722/3080/5117
f 4703/3079/5098 4722/3080/5117 4705/3081/5100
f 4705/3081/5100 4722/3080/5117 4723/3084/5118
f 4705/3081/5100 4723/3084/5118 4706/3083/5101
f 4706/3083/5101 4723/3084/5118 4707/3098/5102
f 4708/3097/5103 4707/3098/5102 4723/3084/5118
f 4701/3095/5096 4708/3097/5103 4723/3084/5118
f 4701/3095/5096 4723/3084/5118 4724/3085/5119
f 4699/3096/5094 4701/3095/5096 4724/3085/5119
f 4699/3096/5094 4724/3085/5119 4725/3086/5120
f 4699/3096/5094 4725/3086/5120 4697/3087/5092
f 4697/3087/5092 4725/3086/5120 4720/3074/5115
f 4725/3086/5120 4721/3078/5116 4720/3074/5115
f 4721/3078/5116 4725/3086/5120 4724/3085/5119
f 4722/3080/5117 4721/3078/5116 4724/3085/5119
f 4722/3080/5117 4724/3085/5119 4723/3084/5118
